video_id,video_title,video_hashtags,Translation,Comment,Like_count,View_count,Share_count,Comment_count,Bookmark_count,True_Label,text_input,text_input_notranscript
1013.0,#foryoupage #fypã #fyp #lonliness #depression #mentalhealth #sadtiktok #sadtok,#foryoupage #fypã #fyp #lonliness #depression #mentalhealth #sadtiktok #sadtok,and no one likes you and you re going to end up alone and you deserve it because you re a superficial selfish and prejudice person,i m too young to be this tired [SEP] i want to stay on sadtok [SEP] i want to go [SEP] use me as a repost button ð º [SEP] roses are dead violets are dying outside i m smiling inside i m crying [SEP] i m the one he s talking to [SEP] born to cry alone forced to put a smile on my face [SEP] this how my parents make me feel [SEP] maybe i do deserve it ð [SEP] silent repost ð º,1200000.0,9700000.0,59600.0,6711.0,290352.0,0,#foryoupage #fypã #fyp #lonliness #depression #mentalhealth #sadtiktok #sadtok #foryoupage #fypã #fyp #lonliness #depression #mentalhealth #sadtiktok #sadtok [SEP] and no one likes you and you re going to end up alone and you deserve it because you re a superficial selfish and prejudice person [SEP] i m too young to be this tired [SEP] i want to stay on sadtok [SEP] i want to go [SEP] use me as a repost button ð º [SEP] roses are dead violets are dying outside i m smiling inside i m crying [SEP] i m the one he s talking to [SEP] born to cry alone forced to put a smile on my face [SEP] this how my parents make me feel [SEP] maybe i do deserve it ð [SEP] silent repost ð º,#foryoupage #fypã #fyp #lonliness #depression #mentalhealth #sadtiktok #sadtok #foryoupage #fypã #fyp #lonliness #depression #mentalhealth #sadtiktok #sadtok [SEP] i m too young to be this tired [SEP] i want to stay on sadtok [SEP] i want to go [SEP] use me as a repost button ð º [SEP] roses are dead violets are dying outside i m smiling inside i m crying [SEP] i m the one he s talking to [SEP] born to cry alone forced to put a smile on my face [SEP] this how my parents make me feel [SEP] maybe i do deserve it ð [SEP] silent repost ð º
1014.0,jim carrey on depression #jimcarrey #depression #sadness,#jimcarrey #depression #sadness,the difference between depression and sadness sadness is just you know from happenstance whatever happened or didn t happen for you or you know grief or whatever it is and depression is your body saying fuck you i don t want to be this character anymore i don t want to hold up this avatar that you ve created in the world i don t want to be this character anymore,jim carrey is a real one [SEP] â i think the saddest people always try their hardest to make people feel good happy bc they know what itâ s like to feel absolutely worthless and they [SEP] my soul gave up a bit ago iâ m just on autopilot floating thru life like dust in the air [SEP] you could have everything you ve ever wanted in life and depression says and just remember it s okay to not be okay you ve got this ð ð [SEP] anyone else out here feel like you re gaslighting your depression in reverse no brain it s not that bad you have no reason to be this sad [SEP] she looks up â sad videosâ and got one from 2023 [SEP] only reason im hear is for my kids i dont want them to feel like they wernt enough and to wonder where mommy is [SEP] nachdem ich das endlich verstanden konnte ich heilen depressionen werden mich immer begleiten aber ich kann nun damit leben friedlich danke jim [SEP] er hat sein funkeln in den augen verloren ð º [SEP] this might be one of the best descriptions of what it feels like wow,1100000.0,12500000.0,73300.0,3394.0,217434.0,0,jim carrey on depression #jimcarrey #depression #sadness #jimcarrey #depression #sadness [SEP] the difference between depression and sadness sadness is just you know from happenstance whatever happened or didn t happen for you or you know grief or whatever it is and depression is your body saying fuck you i don t want to be this character anymore i don t want to hold up this avatar that you ve created in the world i don t want to be this character anymore [SEP] jim carrey is a real one [SEP] â i think the saddest people always try their hardest to make people feel good happy bc they know what itâ s like to feel absolutely worthless and they [SEP] my soul gave up a bit ago iâ m just on autopilot floating thru life like dust in the air [SEP] you could have everything you ve ever wanted in life and depression says and just remember it s okay to not be okay you ve got this ð ð [SEP] anyone else out here feel like you re gaslighting your depression in reverse no brain it s not that bad you have no reason to be this sad [SEP] she looks up â sad videosâ and got one from 2023 [SEP] only reason im hear is for my kids i dont want them to feel like they wernt enough and to wonder where mommy is [SEP] nachdem ich das endlich verstanden konnte ich heilen depressionen werden mich immer begleiten aber ich kann nun damit leben friedlich danke jim [SEP] er hat sein funkeln in den augen verloren ð º [SEP] this might be one of the best descriptions of what it feels like wow,jim carrey on depression #jimcarrey #depression #sadness #jimcarrey #depression #sadness [SEP] jim carrey is a real one [SEP] â i think the saddest people always try their hardest to make people feel good happy bc they know what itâ s like to feel absolutely worthless and they [SEP] my soul gave up a bit ago iâ m just on autopilot floating thru life like dust in the air [SEP] you could have everything you ve ever wanted in life and depression says and just remember it s okay to not be okay you ve got this ð ð [SEP] anyone else out here feel like you re gaslighting your depression in reverse no brain it s not that bad you have no reason to be this sad [SEP] she looks up â sad videosâ and got one from 2023 [SEP] only reason im hear is for my kids i dont want them to feel like they wernt enough and to wonder where mommy is [SEP] nachdem ich das endlich verstanden konnte ich heilen depressionen werden mich immer begleiten aber ich kann nun damit leben friedlich danke jim [SEP] er hat sein funkeln in den augen verloren ð º [SEP] this might be one of the best descriptions of what it feels like wow
1015.0,ð #fyp #pain #foryou #heartbroken #sadcontent #sad #depressiã n #depressedquotes #mentalhealthmatters #foryoupage #letgo,#fyp #pain #foryou #heartbroken #sadcontent #sad #depressiã n #depressedquotes #mentalhealthmatters #foryoupage #letgo,if i ever lose my battle with depression there s a few things i want everyone to know i don t blame any of you or anything from my past but i wish you would have noticed that i was crying on the inside even when i was smiling on the outside i know i tried so hard to be everyone sunshine but i was full of rain clouds,no one ever notices the rain clouds get too heavy at times ð ð [SEP] silent repostâ iâ m about to lose my battle [SEP] nobody gonna give you damn they act like they care at that s the most ð [SEP] no one ever notices til it s to late when we take our own lifeð º [SEP] iâ m sorry but itâ s my time to go [SEP] we have same feelingsð ð ð [SEP] no one notices [SEP] i am going through this ð ªeveryday an weeks are hard at times here i have hit the bottom here an it is hard for me to get out of here an i am sorry [SEP] so true [SEP] it gets harder everyday and no one notices,237100.0,3200000.0,16500.0,1131.0,51468.0,0,ð #fyp #pain #foryou #heartbroken #sadcontent #sad #depressiã n #depressedquotes #mentalhealthmatters #foryoupage #letgo #fyp #pain #foryou #heartbroken #sadcontent #sad #depressiã n #depressedquotes #mentalhealthmatters #foryoupage #letgo [SEP] if i ever lose my battle with depression there s a few things i want everyone to know i don t blame any of you or anything from my past but i wish you would have noticed that i was crying on the inside even when i was smiling on the outside i know i tried so hard to be everyone sunshine but i was full of rain clouds [SEP] no one ever notices the rain clouds get too heavy at times ð ð [SEP] silent repostâ iâ m about to lose my battle [SEP] nobody gonna give you damn they act like they care at that s the most ð [SEP] no one ever notices til it s to late when we take our own lifeð º [SEP] iâ m sorry but itâ s my time to go [SEP] we have same feelingsð ð ð [SEP] no one notices [SEP] i am going through this ð ªeveryday an weeks are hard at times here i have hit the bottom here an it is hard for me to get out of here an i am sorry [SEP] so true [SEP] it gets harder everyday and no one notices,ð #fyp #pain #foryou #heartbroken #sadcontent #sad #depressiã n #depressedquotes #mentalhealthmatters #foryoupage #letgo #fyp #pain #foryou #heartbroken #sadcontent #sad #depressiã n #depressedquotes #mentalhealthmatters #foryoupage #letgo [SEP] no one ever notices the rain clouds get too heavy at times ð ð [SEP] silent repostâ iâ m about to lose my battle [SEP] nobody gonna give you damn they act like they care at that s the most ð [SEP] no one ever notices til it s to late when we take our own lifeð º [SEP] iâ m sorry but itâ s my time to go [SEP] we have same feelingsð ð ð [SEP] no one notices [SEP] i am going through this ð ªeveryday an weeks are hard at times here i have hit the bottom here an it is hard for me to get out of here an i am sorry [SEP] so true [SEP] it gets harder everyday and no one notices
1016.0,sometimes #mentalhealth #mentalhealthmatters #solitude #quiet #healing #myjourney #loveyourself #selflove #inspirational #inspirationalquotes #inspirationalvideo #love #quotes #lifequotes #depressed #sadquotes #depressionanxiety #fy #fyp #foryou #foryoupage #fypage #walterwhite,#mentalhealth #mentalhealthmatters #solitude #quiet #healing #myjourney #loveyourself #selflove #inspirational #inspirationalquotes #inspirationalvideo #love #quotes #lifequotes #depressed #sadquotes #depressionanxiety #fy #fyp #foryou #foryoupage #fypage #walterwhite,sometimes it feels better not to talk at all about anything to anyone,that s right [SEP] 100 agree [SEP] true some are just judging you [SEP] facts cause once you talk about it it all becomes real and itâ s hard to accept that stuff [SEP] there is no light without dark there is no joy without pain you can t see a rainbow without a little rain andrew tate [SEP] therapy doesnt work i wish they would understand [SEP] i just be in my own world [SEP] yep me keep to myself [SEP] silence is very therapeutic i find it comforting specifically with my favorite person [SEP] indeed thats what i do after rejections now freeing from toxic siruation god is good ð,186300.0,4800000.0,28700.0,608.0,37546.0,0,sometimes #mentalhealth #mentalhealthmatters #solitude #quiet #healing #myjourney #loveyourself #selflove #inspirational #inspirationalquotes #inspirationalvideo #love #quotes #lifequotes #depressed #sadquotes #depressionanxiety #fy #fyp #foryou #foryoupage #fypage #walterwhite #mentalhealth #mentalhealthmatters #solitude #quiet #healing #myjourney #loveyourself #selflove #inspirational #inspirationalquotes #inspirationalvideo #love #quotes #lifequotes #depressed #sadquotes #depressionanxiety #fy #fyp #foryou #foryoupage #fypage #walterwhite [SEP] sometimes it feels better not to talk at all about anything to anyone [SEP] that s right [SEP] 100 agree [SEP] true some are just judging you [SEP] facts cause once you talk about it it all becomes real and itâ s hard to accept that stuff [SEP] there is no light without dark there is no joy without pain you can t see a rainbow without a little rain andrew tate [SEP] therapy doesnt work i wish they would understand [SEP] i just be in my own world [SEP] yep me keep to myself [SEP] silence is very therapeutic i find it comforting specifically with my favorite person [SEP] indeed thats what i do after rejections now freeing from toxic siruation god is good ð,sometimes #mentalhealth #mentalhealthmatters #solitude #quiet #healing #myjourney #loveyourself #selflove #inspirational #inspirationalquotes #inspirationalvideo #love #quotes #lifequotes #depressed #sadquotes #depressionanxiety #fy #fyp #foryou #foryoupage #fypage #walterwhite #mentalhealth #mentalhealthmatters #solitude #quiet #healing #myjourney #loveyourself #selflove #inspirational #inspirationalquotes #inspirationalvideo #love #quotes #lifequotes #depressed #sadquotes #depressionanxiety #fy #fyp #foryou #foryoupage #fypage #walterwhite [SEP] that s right [SEP] 100 agree [SEP] true some are just judging you [SEP] facts cause once you talk about it it all becomes real and itâ s hard to accept that stuff [SEP] there is no light without dark there is no joy without pain you can t see a rainbow without a little rain andrew tate [SEP] therapy doesnt work i wish they would understand [SEP] i just be in my own world [SEP] yep me keep to myself [SEP] silence is very therapeutic i find it comforting specifically with my favorite person [SEP] indeed thats what i do after rejections now freeing from toxic siruation god is good ð
1017.0,i always will ð ð #broken #nostalgia #memories #sad #depression #rain #quotes #fyp #foryoupage #new #mood #song #vibes #relationship #hurt #breakup #heartbroken,#broken #nostalgia #memories #sad #depression #rain #quotes #fyp #foryoupage #new #mood #song #vibes #relationship #hurt #breakup #heartbroken,i tried they are really tried but i just can t keep pretending that everything is alright because it s not,never gonna be the same again ð º [SEP] iâ m never ever enough not for no one [SEP] i have no1 to hold anymore man and i don t know how to keep up this lie that i m okay but i m just not okay and i haven t been for years i m broken i just want that girl who will actually stay but yea [SEP] for five months and now i am going through it all over again [SEP] i think iâ m losing my light ð [SEP] i really want a new chapter not the old one [SEP] i know the feeling [SEP] i know the feeling [SEP] i know we will get through this together i got you breathe [SEP] man dean had some hard hitting quotes,26900.0,371600.0,11000.0,201.0,4776.0,0,i always will ð ð #broken #nostalgia #memories #sad #depression #rain #quotes #fyp #foryoupage #new #mood #song #vibes #relationship #hurt #breakup #heartbroken #broken #nostalgia #memories #sad #depression #rain #quotes #fyp #foryoupage #new #mood #song #vibes #relationship #hurt #breakup #heartbroken [SEP] i tried they are really tried but i just can t keep pretending that everything is alright because it s not [SEP] never gonna be the same again ð º [SEP] iâ m never ever enough not for no one [SEP] i have no1 to hold anymore man and i don t know how to keep up this lie that i m okay but i m just not okay and i haven t been for years i m broken i just want that girl who will actually stay but yea [SEP] for five months and now i am going through it all over again [SEP] i think iâ m losing my light ð [SEP] i really want a new chapter not the old one [SEP] i know the feeling [SEP] i know the feeling [SEP] i know we will get through this together i got you breathe [SEP] man dean had some hard hitting quotes,i always will ð ð #broken #nostalgia #memories #sad #depression #rain #quotes #fyp #foryoupage #new #mood #song #vibes #relationship #hurt #breakup #heartbroken #broken #nostalgia #memories #sad #depression #rain #quotes #fyp #foryoupage #new #mood #song #vibes #relationship #hurt #breakup #heartbroken [SEP] never gonna be the same again ð º [SEP] iâ m never ever enough not for no one [SEP] i have no1 to hold anymore man and i don t know how to keep up this lie that i m okay but i m just not okay and i haven t been for years i m broken i just want that girl who will actually stay but yea [SEP] for five months and now i am going through it all over again [SEP] i think iâ m losing my light ð [SEP] i really want a new chapter not the old one [SEP] i know the feeling [SEP] i know the feeling [SEP] i know we will get through this together i got you breathe [SEP] man dean had some hard hitting quotes
1018.0,#thesopranos #sopranos #edit,#thesopranos #sopranos #edit,do you feel depressed do you feel depressed your mother fuckers your mother fuckers and i don t fucking deserve this,bro absolutely deserves this [SEP] iâ m a simple man i see a tony soprano edit i repost [SEP] shes from goodfellas [SEP] dr melfi in black and white instant like [SEP] termino de ver the walking dead me veo esta serie im tony soprano [SEP] could i be happier yeah who couldn t [SEP] me help [SEP] sã rie boa dms queria ver tudo denovo como se fosse a 1 vez [SEP] soy ese [SEP] curiosamente si se lo merece incluso mã s pero estã tan bien escrita que sentimos pena por el personaje simplemente una obra de arte,184400.0,1700000.0,7776.0,692.0,38794.0,0,#thesopranos #sopranos #edit #thesopranos #sopranos #edit [SEP] do you feel depressed do you feel depressed your mother fuckers your mother fuckers and i don t fucking deserve this [SEP] bro absolutely deserves this [SEP] iâ m a simple man i see a tony soprano edit i repost [SEP] shes from goodfellas [SEP] dr melfi in black and white instant like [SEP] termino de ver the walking dead me veo esta serie im tony soprano [SEP] could i be happier yeah who couldn t [SEP] me help [SEP] sã rie boa dms queria ver tudo denovo como se fosse a 1 vez [SEP] soy ese [SEP] curiosamente si se lo merece incluso mã s pero estã tan bien escrita que sentimos pena por el personaje simplemente una obra de arte,#thesopranos #sopranos #edit #thesopranos #sopranos #edit [SEP] bro absolutely deserves this [SEP] iâ m a simple man i see a tony soprano edit i repost [SEP] shes from goodfellas [SEP] dr melfi in black and white instant like [SEP] termino de ver the walking dead me veo esta serie im tony soprano [SEP] could i be happier yeah who couldn t [SEP] me help [SEP] sã rie boa dms queria ver tudo denovo como se fosse a 1 vez [SEP] soy ese [SEP] curiosamente si se lo merece incluso mã s pero estã tan bien escrita que sentimos pena por el personaje simplemente una obra de arte
1019.0,jai vã cu mes pires moments seule alors #capcut #solitude #force #mentality #force #courage #depression #tristesse,#capcut #solitude #force #mentality #force #courage #depression #tristesse,i lived worse alone so yes i acted as if i need anyone because i quickly lost hope that we understand nothing in kind unfortunately this world has a lot of trouble accepting what it does not understand so i had to settle for my only support loneliness forged me as much as it destroyed me,tu nâ est pas seule sache le â ï [SEP] allah est avec moi alhamdulilah â ï [SEP] ð ºð ²allah veille [SEP] jâ ai perdu espoir des personnes qui ã taient lã mais jamais pour moi [SEP] la solitude est le meilleur moment dâ une vie car sa te rend plus fort e que avant [SEP] mais ã a retrace trã s bien la vie dâ un homme seul ð il a pas le droit de pleurer et non plus de se plaindre lã oã¹ on subit chaque jour de notre vie [SEP] vaut mieux ãªtre seul que mal accompagnã e [SEP] heureusement jâ ai jesusð ð µ [SEP] j ai tellement mal [SEP] tout moi ð,61100.0,800700.0,3129.0,94.0,17444.0,1,jai vã cu mes pires moments seule alors #capcut #solitude #force #mentality #force #courage #depression #tristesse #capcut #solitude #force #mentality #force #courage #depression #tristesse [SEP] i lived worse alone so yes i acted as if i need anyone because i quickly lost hope that we understand nothing in kind unfortunately this world has a lot of trouble accepting what it does not understand so i had to settle for my only support loneliness forged me as much as it destroyed me [SEP] tu nâ est pas seule sache le â ï [SEP] allah est avec moi alhamdulilah â ï [SEP] ð ºð ²allah veille [SEP] jâ ai perdu espoir des personnes qui ã taient lã mais jamais pour moi [SEP] la solitude est le meilleur moment dâ une vie car sa te rend plus fort e que avant [SEP] mais ã a retrace trã s bien la vie dâ un homme seul ð il a pas le droit de pleurer et non plus de se plaindre lã oã¹ on subit chaque jour de notre vie [SEP] vaut mieux ãªtre seul que mal accompagnã e [SEP] heureusement jâ ai jesusð ð µ [SEP] j ai tellement mal [SEP] tout moi ð,jai vã cu mes pires moments seule alors #capcut #solitude #force #mentality #force #courage #depression #tristesse #capcut #solitude #force #mentality #force #courage #depression #tristesse [SEP] tu nâ est pas seule sache le â ï [SEP] allah est avec moi alhamdulilah â ï [SEP] ð ºð ²allah veille [SEP] jâ ai perdu espoir des personnes qui ã taient lã mais jamais pour moi [SEP] la solitude est le meilleur moment dâ une vie car sa te rend plus fort e que avant [SEP] mais ã a retrace trã s bien la vie dâ un homme seul ð il a pas le droit de pleurer et non plus de se plaindre lã oã¹ on subit chaque jour de notre vie [SEP] vaut mieux ãªtre seul que mal accompagnã e [SEP] heureusement jâ ai jesusð ð µ [SEP] j ai tellement mal [SEP] tout moi ð
1020.0,depression ð ºð #foryoupage #foryou #spotifywrapped #unfreeze #maybeziddi #standwithkashmir #wintervibes #fypã,#foryoupage #foryou #spotifywrapped #unfreeze #maybeziddi #standwithkashmir #wintervibes #fypã,what is the point in english is that the edit is said to be a religion god does not have any ghazab in esgamgi the delhi demog page is confused i would not be all of my death,save option on kr k mention krdyn plz [SEP] outstanding poetry â ºï â ºï [SEP] depression ð ð º [SEP] ð ¹ð ð ¾ [SEP] ð ð [SEP] jani save ka option b rakho plzð º [SEP] awesome [SEP] ð ð ð [SEP] save option plzzzzzzzzzzzzzz [SEP] ð ð ð ð ð ð ð ð ð,19700.0,406700.0,5592.0,103.0,3855.0,0,depression ð ºð #foryoupage #foryou #spotifywrapped #unfreeze #maybeziddi #standwithkashmir #wintervibes #fypã #foryoupage #foryou #spotifywrapped #unfreeze #maybeziddi #standwithkashmir #wintervibes #fypã [SEP] what is the point in english is that the edit is said to be a religion god does not have any ghazab in esgamgi the delhi demog page is confused i would not be all of my death [SEP] save option on kr k mention krdyn plz [SEP] outstanding poetry â ºï â ºï [SEP] depression ð ð º [SEP] ð ¹ð ð ¾ [SEP] ð ð [SEP] jani save ka option b rakho plzð º [SEP] awesome [SEP] ð ð ð [SEP] save option plzzzzzzzzzzzzzz [SEP] ð ð ð ð ð ð ð ð ð,depression ð ºð #foryoupage #foryou #spotifywrapped #unfreeze #maybeziddi #standwithkashmir #wintervibes #fypã #foryoupage #foryou #spotifywrapped #unfreeze #maybeziddi #standwithkashmir #wintervibes #fypã [SEP] save option on kr k mention krdyn plz [SEP] outstanding poetry â ºï â ºï [SEP] depression ð ð º [SEP] ð ¹ð ð ¾ [SEP] ð ð [SEP] jani save ka option b rakho plzð º [SEP] awesome [SEP] ð ð ð [SEP] save option plzzzzzzzzzzzzzz [SEP] ð ð ð ð ð ð ð ð ð
1021.0,#icant #ithurts #losingsomeone #foryoupage #ð #heartbroken #meinpain cry for a second but don t do that for too longð,#icant #ithurts #losingsomeone #foryoupage #ð #heartbroken #meinpain,did you miss that odd guyyou m muhah did you miss that dude,the fact that i cry like this as soon as my bf falls asleep but i do it silently [SEP] me rn [SEP] iâ ve cried like that countless times and itâ s a pain and a feeling i would never wish on any soul itâ s horrible ð [SEP] the pain is too muchð ð [SEP] name of this serie film video and where to watch pleaseð ð [SEP] iâ ve felt this pain ð it hurts so bad [SEP] my life [SEP] please make it stop it hurts ð [SEP] what this called [SEP] please make it stop ð ð ð ð ð ð it hurts,144700.0,2200000.0,6175.0,564.0,33094.0,0,#icant #ithurts #losingsomeone #foryoupage #ð #heartbroken #meinpain cry for a second but don t do that for too longð #icant #ithurts #losingsomeone #foryoupage #ð #heartbroken #meinpain [SEP] did you miss that odd guyyou m muhah did you miss that dude [SEP] the fact that i cry like this as soon as my bf falls asleep but i do it silently [SEP] me rn [SEP] iâ ve cried like that countless times and itâ s a pain and a feeling i would never wish on any soul itâ s horrible ð [SEP] the pain is too muchð ð [SEP] name of this serie film video and where to watch pleaseð ð [SEP] iâ ve felt this pain ð it hurts so bad [SEP] my life [SEP] please make it stop it hurts ð [SEP] what this called [SEP] please make it stop ð ð ð ð ð ð it hurts,#icant #ithurts #losingsomeone #foryoupage #ð #heartbroken #meinpain cry for a second but don t do that for too longð #icant #ithurts #losingsomeone #foryoupage #ð #heartbroken #meinpain [SEP] the fact that i cry like this as soon as my bf falls asleep but i do it silently [SEP] me rn [SEP] iâ ve cried like that countless times and itâ s a pain and a feeling i would never wish on any soul itâ s horrible ð [SEP] the pain is too muchð ð [SEP] name of this serie film video and where to watch pleaseð ð [SEP] iâ ve felt this pain ð it hurts so bad [SEP] my life [SEP] please make it stop it hurts ð [SEP] what this called [SEP] please make it stop ð ð ð ð ð ð it hurts
1022.0,why did you hold on to that chance #real #reality #mindset #relatable #pain #sad #thoughts #bojackhorseman #capcut #blowthisup #scrolling #foryoupage,#real #reality #mindset #relatable #pain #sad #thoughts #bojackhorseman #capcut #blowthisup #scrolling #foryoupage,suddenly you realize you ll never have the good relationship you wanted and as long as they were alive even though you d never admit it part of you the stupidest goddamn part of you we re still holding on to that chance,it hits different when its abt your parents [SEP] rel thats why i got bojack tattoo this series hits hard [SEP] the way iâ d give up everything just to watch bojack horseman for the first time again [SEP] i hold on bc i believe thereâ s hope [SEP] free churro will always hurt unlike any other bojack episode imo it s just so depressing [SEP] itâ s been yearsâ and stillâ ð [SEP] this is not a good time bojack go away with the feels [SEP] a little too real [SEP] il repost di giammoð [SEP] commenting to stay on sadtok,904600.0,6800000.0,32300.0,2472.0,184391.0,0,why did you hold on to that chance #real #reality #mindset #relatable #pain #sad #thoughts #bojackhorseman #capcut #blowthisup #scrolling #foryoupage #real #reality #mindset #relatable #pain #sad #thoughts #bojackhorseman #capcut #blowthisup #scrolling #foryoupage [SEP] suddenly you realize you ll never have the good relationship you wanted and as long as they were alive even though you d never admit it part of you the stupidest goddamn part of you we re still holding on to that chance [SEP] it hits different when its abt your parents [SEP] rel thats why i got bojack tattoo this series hits hard [SEP] the way iâ d give up everything just to watch bojack horseman for the first time again [SEP] i hold on bc i believe thereâ s hope [SEP] free churro will always hurt unlike any other bojack episode imo it s just so depressing [SEP] itâ s been yearsâ and stillâ ð [SEP] this is not a good time bojack go away with the feels [SEP] a little too real [SEP] il repost di giammoð [SEP] commenting to stay on sadtok,why did you hold on to that chance #real #reality #mindset #relatable #pain #sad #thoughts #bojackhorseman #capcut #blowthisup #scrolling #foryoupage #real #reality #mindset #relatable #pain #sad #thoughts #bojackhorseman #capcut #blowthisup #scrolling #foryoupage [SEP] it hits different when its abt your parents [SEP] rel thats why i got bojack tattoo this series hits hard [SEP] the way iâ d give up everything just to watch bojack horseman for the first time again [SEP] i hold on bc i believe thereâ s hope [SEP] free churro will always hurt unlike any other bojack episode imo it s just so depressing [SEP] itâ s been yearsâ and stillâ ð [SEP] this is not a good time bojack go away with the feels [SEP] a little too real [SEP] il repost di giammoð [SEP] commenting to stay on sadtok
1023.0,this songð ð #survive #hurt #depressed #anxiety #vibes #musicvibes #lyrics #foryou #foryoupage #song #dark #darkvibes #darkvidez,#survive #hurt #depressed #anxiety #vibes #musicvibes #lyrics #foryou #foryoupage #song #dark #darkvibes #darkvidez,i wrote this song for anybody who s tired of having to put on a face and act like they re okay all the time when they re really not,â alive itâ s a lie demoâ on spotify [SEP] damn songs this days can really touch your heart [SEP] unfair talaga ng mundo [SEP] â ï â ð ¹ [SEP] it s called alive kyle hume [SEP] rose s are dead violet are dying outside i m smiling the inside i m crying [SEP] damnn the lyrics ð [SEP] this is my song [SEP] i search lyrics and here i am [SEP] guess this is my song,2500000.0,22600000.0,121000.0,9604.0,546241.0,0,this songð ð #survive #hurt #depressed #anxiety #vibes #musicvibes #lyrics #foryou #foryoupage #song #dark #darkvibes #darkvidez #survive #hurt #depressed #anxiety #vibes #musicvibes #lyrics #foryou #foryoupage #song #dark #darkvibes #darkvidez [SEP] i wrote this song for anybody who s tired of having to put on a face and act like they re okay all the time when they re really not [SEP] â alive itâ s a lie demoâ on spotify [SEP] damn songs this days can really touch your heart [SEP] unfair talaga ng mundo [SEP] â ï â ð ¹ [SEP] it s called alive kyle hume [SEP] rose s are dead violet are dying outside i m smiling the inside i m crying [SEP] damnn the lyrics ð [SEP] this is my song [SEP] i search lyrics and here i am [SEP] guess this is my song,this songð ð #survive #hurt #depressed #anxiety #vibes #musicvibes #lyrics #foryou #foryoupage #song #dark #darkvibes #darkvidez #survive #hurt #depressed #anxiety #vibes #musicvibes #lyrics #foryou #foryoupage #song #dark #darkvibes #darkvidez [SEP] â alive itâ s a lie demoâ on spotify [SEP] damn songs this days can really touch your heart [SEP] unfair talaga ng mundo [SEP] â ï â ð ¹ [SEP] it s called alive kyle hume [SEP] rose s are dead violet are dying outside i m smiling the inside i m crying [SEP] damnn the lyrics ð [SEP] this is my song [SEP] i search lyrics and here i am [SEP] guess this is my song
1024.0,one way to see depression #dakotajohnson #edit #chacharealsmooth #movie #cinema #fyp,#dakotajohnson #edit #chacharealsmooth #movie #cinema #fyp,what s it like being depressed i don t know it feels like like you don t remember what better it feels like and then you do things that you think will make you feel better but they don t they make it worse and the things that i m really scared of doing they re probably the things that will help me the most but i just can t do them,this is such a good movie ð ð [SEP] so true [SEP] i loved this movie [SEP] ð ð ð ð [SEP] what is that movie [SEP] i really loved this movie [SEP] â ï â ï â ï â ï â ï [SEP] no the ending was crap idk why ppl like two ppl not together her dude was mean till the end,2207.0,66000.0,229.0,12.0,836.0,0,one way to see depression #dakotajohnson #edit #chacharealsmooth #movie #cinema #fyp #dakotajohnson #edit #chacharealsmooth #movie #cinema #fyp [SEP] what s it like being depressed i don t know it feels like like you don t remember what better it feels like and then you do things that you think will make you feel better but they don t they make it worse and the things that i m really scared of doing they re probably the things that will help me the most but i just can t do them [SEP] this is such a good movie ð ð [SEP] so true [SEP] i loved this movie [SEP] ð ð ð ð [SEP] what is that movie [SEP] i really loved this movie [SEP] â ï â ï â ï â ï â ï [SEP] no the ending was crap idk why ppl like two ppl not together her dude was mean till the end,one way to see depression #dakotajohnson #edit #chacharealsmooth #movie #cinema #fyp #dakotajohnson #edit #chacharealsmooth #movie #cinema #fyp [SEP] this is such a good movie ð ð [SEP] so true [SEP] i loved this movie [SEP] ð ð ð ð [SEP] what is that movie [SEP] i really loved this movie [SEP] â ï â ï â ï â ï â ï [SEP] no the ending was crap idk why ppl like two ppl not together her dude was mean till the end
1025.0,greyâ s anatony ð #depresion #mentalhealthawareness #greysanatomyedits #greysanatomy,#depresion #mentalhealthawareness #greysanatomyedits #greysanatomy,i went really dark really i was day and dreamy about going to sleep and never waking up in that side comforted me,if youâ re reading this comment know that the world wouldnâ t be the same without you in it pls hold on [SEP] this is me currently ð ºð [SEP] its hard everyday living a life you dont want [SEP] been there ð [SEP] she still hasnâ t gotten over hannahð ð â â ï [SEP] i m there at the moment i m so tired of smiling too i just need a reset [SEP] iâ m there right now â [SEP] this is me now ð º [SEP] sounds good tbh [SEP] i want to sleep and never wake up,44800.0,618400.0,1015.0,180.0,4692.0,1,greyâ s anatony ð #depresion #mentalhealthawareness #greysanatomyedits #greysanatomy #depresion #mentalhealthawareness #greysanatomyedits #greysanatomy [SEP] i went really dark really i was day and dreamy about going to sleep and never waking up in that side comforted me [SEP] if youâ re reading this comment know that the world wouldnâ t be the same without you in it pls hold on [SEP] this is me currently ð ºð [SEP] its hard everyday living a life you dont want [SEP] been there ð [SEP] she still hasnâ t gotten over hannahð ð â â ï [SEP] i m there at the moment i m so tired of smiling too i just need a reset [SEP] iâ m there right now â [SEP] this is me now ð º [SEP] sounds good tbh [SEP] i want to sleep and never wake up,greyâ s anatony ð #depresion #mentalhealthawareness #greysanatomyedits #greysanatomy #depresion #mentalhealthawareness #greysanatomyedits #greysanatomy [SEP] if youâ re reading this comment know that the world wouldnâ t be the same without you in it pls hold on [SEP] this is me currently ð ºð [SEP] its hard everyday living a life you dont want [SEP] been there ð [SEP] she still hasnâ t gotten over hannahð ð â â ï [SEP] i m there at the moment i m so tired of smiling too i just need a reset [SEP] iâ m there right now â [SEP] this is me now ð º [SEP] sounds good tbh [SEP] i want to sleep and never wake up
1026.0,il yâ a des moments ou tu ressens lâ envie de tâ ã loigner de tout #solitude #depression #triste #veritã,#solitude #depression #triste #veritã,there are times when you feel only one desire you are listened with everything and everyone sometimes life puts you so much pressure that you just need to breathe escape an impression that everything becomes too heavy that everything falls on you at the same time so you dream of going away cutting the bridges even just for a moment it happens to everyone this need to step back to find yourself to take a break to feel you on yourself it is normal to want calm tranquility to disconnect from the concerns and expectations of others take this time for you listen to yourself recharge your batteries after all there is nothing more important than taking care of yourself,parfois il faut savoir rester seul pour mieux prendre soin de soi et se retrouver ð [SEP] je vie cette situation actuellement je pleure chaque nuit je me sent seule jâ ai pas dâ ami je nâ est personne sur qui mâ ã pauler ð [SEP] 4 h 28 pendant que tout le monde dort je suis la ã mã diter triste rã alitã ð ð ð ð [SEP] la solitude est un endroit de purification [SEP] c est vrai il faut mais je ne sais pas faire je ne sais pas prendre soin de moi [SEP] la vie c est vraiment pas facile [SEP] des fois je me demande pourquoi jâ existe je me sens tellement seul que ã a fait trop mal ð ð [SEP] je confirme [SEP] je m ã loigne depuis des annã es depuis la perte de ma maman je m ã loigne encore plus besoin de me recentrer sur moi et ma vie actuelle le monde d aujourd hui est cruel c est chacun pour soi l entraide et la solidaritã disparaã t au fur et ã mesure [SEP] c est exactement ã a et jeudi je pars pour 4 jours en montagne moi toute seule pour me retrouver j en ai grand besoin ð ð,86900.0,2000000.0,19800.0,1112.0,22497.0,0,il yâ a des moments ou tu ressens lâ envie de tâ ã loigner de tout #solitude #depression #triste #veritã #solitude #depression #triste #veritã [SEP] there are times when you feel only one desire you are listened with everything and everyone sometimes life puts you so much pressure that you just need to breathe escape an impression that everything becomes too heavy that everything falls on you at the same time so you dream of going away cutting the bridges even just for a moment it happens to everyone this need to step back to find yourself to take a break to feel you on yourself it is normal to want calm tranquility to disconnect from the concerns and expectations of others take this time for you listen to yourself recharge your batteries after all there is nothing more important than taking care of yourself [SEP] parfois il faut savoir rester seul pour mieux prendre soin de soi et se retrouver ð [SEP] je vie cette situation actuellement je pleure chaque nuit je me sent seule jâ ai pas dâ ami je nâ est personne sur qui mâ ã pauler ð [SEP] 4 h 28 pendant que tout le monde dort je suis la ã mã diter triste rã alitã ð ð ð ð [SEP] la solitude est un endroit de purification [SEP] c est vrai il faut mais je ne sais pas faire je ne sais pas prendre soin de moi [SEP] la vie c est vraiment pas facile [SEP] des fois je me demande pourquoi jâ existe je me sens tellement seul que ã a fait trop mal ð ð [SEP] je confirme [SEP] je m ã loigne depuis des annã es depuis la perte de ma maman je m ã loigne encore plus besoin de me recentrer sur moi et ma vie actuelle le monde d aujourd hui est cruel c est chacun pour soi l entraide et la solidaritã disparaã t au fur et ã mesure [SEP] c est exactement ã a et jeudi je pars pour 4 jours en montagne moi toute seule pour me retrouver j en ai grand besoin ð ð,il yâ a des moments ou tu ressens lâ envie de tâ ã loigner de tout #solitude #depression #triste #veritã #solitude #depression #triste #veritã [SEP] parfois il faut savoir rester seul pour mieux prendre soin de soi et se retrouver ð [SEP] je vie cette situation actuellement je pleure chaque nuit je me sent seule jâ ai pas dâ ami je nâ est personne sur qui mâ ã pauler ð [SEP] 4 h 28 pendant que tout le monde dort je suis la ã mã diter triste rã alitã ð ð ð ð [SEP] la solitude est un endroit de purification [SEP] c est vrai il faut mais je ne sais pas faire je ne sais pas prendre soin de moi [SEP] la vie c est vraiment pas facile [SEP] des fois je me demande pourquoi jâ existe je me sens tellement seul que ã a fait trop mal ð ð [SEP] je confirme [SEP] je m ã loigne depuis des annã es depuis la perte de ma maman je m ã loigne encore plus besoin de me recentrer sur moi et ma vie actuelle le monde d aujourd hui est cruel c est chacun pour soi l entraide et la solidaritã disparaã t au fur et ã mesure [SEP] c est exactement ã a et jeudi je pars pour 4 jours en montagne moi toute seule pour me retrouver j en ai grand besoin ð ð
1027.0,la dã pression â ï â ð ¹ #ephoria #yourpage #fypã #quotes #viral #pourtoii #fypage #fypã #depression #fypã ã viral #viralvideo #pourtoi,#ephoria #yourpage #fypã #quotes #viral #pourtoii #fypage #fypã #depression #fypã ã viral #viralvideo #pourtoi,the worst from the depression it is that even if we know that we are depressed we cannot prevent this depression from worsening the other thing you have to know about depression is that it causes the notion of time to waste oh you listen to me suddenly the days without chevet and form an endless and suffocating loop,les diagnostiquã s ici ð ð [SEP] la depression souriante [SEP] jv lã cher [SEP] je sais mãªme pas si je suis en dã pression mais vu mon ã tat mental je pense que oui ð [SEP] regarder euphoria [SEP] je crois que je suis dans le dã ni [SEP] sa fait plusieurs annã es que je ressens constamment un sentiment de vide en moi jâ ai beau essayer dâ avoir un but dans la vie mais sa dure seulement trã s peu de temps [SEP] on republie dans la tete [SEP] jâ ai la dã pression souriante depuis 2 mois [SEP] 10 ans que je suis en dã pression vraiment jâ en peux plus ã a mâ empãªche dâ avancer je survie jâ ai goã t ã rien ð ð,52400.0,691800.0,3713.0,634.0,11414.0,0,la dã pression â ï â ð ¹ #ephoria #yourpage #fypã #quotes #viral #pourtoii #fypage #fypã #depression #fypã ã viral #viralvideo #pourtoi #ephoria #yourpage #fypã #quotes #viral #pourtoii #fypage #fypã #depression #fypã ã viral #viralvideo #pourtoi [SEP] the worst from the depression it is that even if we know that we are depressed we cannot prevent this depression from worsening the other thing you have to know about depression is that it causes the notion of time to waste oh you listen to me suddenly the days without chevet and form an endless and suffocating loop [SEP] les diagnostiquã s ici ð ð [SEP] la depression souriante [SEP] jv lã cher [SEP] je sais mãªme pas si je suis en dã pression mais vu mon ã tat mental je pense que oui ð [SEP] regarder euphoria [SEP] je crois que je suis dans le dã ni [SEP] sa fait plusieurs annã es que je ressens constamment un sentiment de vide en moi jâ ai beau essayer dâ avoir un but dans la vie mais sa dure seulement trã s peu de temps [SEP] on republie dans la tete [SEP] jâ ai la dã pression souriante depuis 2 mois [SEP] 10 ans que je suis en dã pression vraiment jâ en peux plus ã a mâ empãªche dâ avancer je survie jâ ai goã t ã rien ð ð,la dã pression â ï â ð ¹ #ephoria #yourpage #fypã #quotes #viral #pourtoii #fypage #fypã #depression #fypã ã viral #viralvideo #pourtoi #ephoria #yourpage #fypã #quotes #viral #pourtoii #fypage #fypã #depression #fypã ã viral #viralvideo #pourtoi [SEP] les diagnostiquã s ici ð ð [SEP] la depression souriante [SEP] jv lã cher [SEP] je sais mãªme pas si je suis en dã pression mais vu mon ã tat mental je pense que oui ð [SEP] regarder euphoria [SEP] je crois que je suis dans le dã ni [SEP] sa fait plusieurs annã es que je ressens constamment un sentiment de vide en moi jâ ai beau essayer dâ avoir un but dans la vie mais sa dure seulement trã s peu de temps [SEP] on republie dans la tete [SEP] jâ ai la dã pression souriante depuis 2 mois [SEP] 10 ans que je suis en dã pression vraiment jâ en peux plus ã a mâ empãªche dâ avancer je survie jâ ai goã t ã rien ð ð
1028.0,every man hides unimaginable pain #depressed #sad #painhub #quotes #deepthoughts #relatable #men #pain #deppresiã n #fyp,#depressed #sad #painhub #quotes #deepthoughts #relatable #men #pain #deppresiã n #fyp,you would be surprised how many times a man sits in his car in the living room in the bathroom or even on his bed holding in his tears because he s stressed or hurt or lost or even ready to give up but when he shows his face again in public he looks perfectly fine unbothered and he still manages to smile and go about his business like nothing even happened,dude facts [SEP] this one hit me hard stay strong my brothers [SEP] rose s are dead violet are dying outside i m smiling the inside i m crying [SEP] last night i actually just sat in my living room at 3 4 am alone really hurt and lonely these times are really hard [SEP] almost every single day [SEP] cuz we have work to do no one cares how we feel as long as we are producing something of value [SEP] every day [SEP] i have cried all my tears so i just help others so they can save theirs for other moments [SEP] just coming home after a night drive sitting on a chair in the bedroom looking at the pc monitor not playing any games just thinking [SEP] der bruder spricht mir aus der seele,481200.0,7200000.0,47500.0,4706.0,104707.0,0,every man hides unimaginable pain #depressed #sad #painhub #quotes #deepthoughts #relatable #men #pain #deppresiã n #fyp #depressed #sad #painhub #quotes #deepthoughts #relatable #men #pain #deppresiã n #fyp [SEP] you would be surprised how many times a man sits in his car in the living room in the bathroom or even on his bed holding in his tears because he s stressed or hurt or lost or even ready to give up but when he shows his face again in public he looks perfectly fine unbothered and he still manages to smile and go about his business like nothing even happened [SEP] dude facts [SEP] this one hit me hard stay strong my brothers [SEP] rose s are dead violet are dying outside i m smiling the inside i m crying [SEP] last night i actually just sat in my living room at 3 4 am alone really hurt and lonely these times are really hard [SEP] almost every single day [SEP] cuz we have work to do no one cares how we feel as long as we are producing something of value [SEP] every day [SEP] i have cried all my tears so i just help others so they can save theirs for other moments [SEP] just coming home after a night drive sitting on a chair in the bedroom looking at the pc monitor not playing any games just thinking [SEP] der bruder spricht mir aus der seele,every man hides unimaginable pain #depressed #sad #painhub #quotes #deepthoughts #relatable #men #pain #deppresiã n #fyp #depressed #sad #painhub #quotes #deepthoughts #relatable #men #pain #deppresiã n #fyp [SEP] dude facts [SEP] this one hit me hard stay strong my brothers [SEP] rose s are dead violet are dying outside i m smiling the inside i m crying [SEP] last night i actually just sat in my living room at 3 4 am alone really hurt and lonely these times are really hard [SEP] almost every single day [SEP] cuz we have work to do no one cares how we feel as long as we are producing something of value [SEP] every day [SEP] i have cried all my tears so i just help others so they can save theirs for other moments [SEP] just coming home after a night drive sitting on a chair in the bedroom looking at the pc monitor not playing any games just thinking [SEP] der bruder spricht mir aus der seele
1029.0,why am i such a little bitch im so scared to yet i want to asap #mentalhealths #suicideprevention #vent #relatable #secretaccount #fypã #gonesoon #off #fypp,#mentalhealths #suicideprevention #vent #relatable #secretaccount #fypã #gonesoon #off #fypp,it seemed like no matter what i did i kept letting people down i started thinking how everyone s lives would be better without me,people say if u have notes then u have a reason to stay [SEP] those notes are reasons for you to stay i promise â ï â ð ¹ [SEP] donâ t do something permanent over temporary feelings your loved ones will wonder what they could have done different ð you are good enough your life is important thereâ s more for you [SEP] don t do this think about your family [SEP] hey u can talk to me but pls donâ t do itt ml ð ð [SEP] please keep going you can and will continue talk to those people you wrote for they will forever be grateful that you spoke to them rather than anything else you got this we all believe in youð ð [SEP] silent repost [SEP] please stay things change the sadness you feel now will be passed to those you love they will never be the same without you [SEP] same [SEP] oh,1958.0,13300.0,44.0,25.0,364.0,1,why am i such a little bitch im so scared to yet i want to asap #mentalhealths #suicideprevention #vent #relatable #secretaccount #fypã #gonesoon #off #fypp #mentalhealths #suicideprevention #vent #relatable #secretaccount #fypã #gonesoon #off #fypp [SEP] it seemed like no matter what i did i kept letting people down i started thinking how everyone s lives would be better without me [SEP] people say if u have notes then u have a reason to stay [SEP] those notes are reasons for you to stay i promise â ï â ð ¹ [SEP] donâ t do something permanent over temporary feelings your loved ones will wonder what they could have done different ð you are good enough your life is important thereâ s more for you [SEP] don t do this think about your family [SEP] hey u can talk to me but pls donâ t do itt ml ð ð [SEP] please keep going you can and will continue talk to those people you wrote for they will forever be grateful that you spoke to them rather than anything else you got this we all believe in youð ð [SEP] silent repost [SEP] please stay things change the sadness you feel now will be passed to those you love they will never be the same without you [SEP] same [SEP] oh,why am i such a little bitch im so scared to yet i want to asap #mentalhealths #suicideprevention #vent #relatable #secretaccount #fypã #gonesoon #off #fypp #mentalhealths #suicideprevention #vent #relatable #secretaccount #fypã #gonesoon #off #fypp [SEP] people say if u have notes then u have a reason to stay [SEP] those notes are reasons for you to stay i promise â ï â ð ¹ [SEP] donâ t do something permanent over temporary feelings your loved ones will wonder what they could have done different ð you are good enough your life is important thereâ s more for you [SEP] don t do this think about your family [SEP] hey u can talk to me but pls donâ t do itt ml ð ð [SEP] please keep going you can and will continue talk to those people you wrote for they will forever be grateful that you spoke to them rather than anything else you got this we all believe in youð ð [SEP] silent repost [SEP] please stay things change the sadness you feel now will be passed to those you love they will never be the same without you [SEP] same [SEP] oh
1030.0,video credit ð what motivated you #justthetruth #hardtruth #sadmoment #mentalhealth #mentalhealthawareness #awareness #mentalhealthmatters #usa #canada #uk #australia,# #justthetruth #hardtruth #sadmoment #mentalhealth #mentalhealthawareness #awareness #mentalhealthmatters #usa #canada #uk #australia,i would think about suicide every night every night after work i d come home and just because i couldn t talk to anyone it was a lack of just communicating with other people or just i was just trying to reach out for help but i just couldn t get help because i was so used to being told that i have to toughen up so i had to figure out how i could fix myself i couldn t get any help from anyone else you know everyone s struggling with something and everyone has their story now,i am going through this everyday [SEP] i work three jobs day and night not for the money jst trying to avoid my demons bro [SEP] going through it now ð [SEP] i think about it all day every day [SEP] i need help please i just want a hug [SEP] nothing really helps [SEP] since my husband died i havenâ t had a conversation with anyone who really gets me and loves me like he did i find it very hard to go on i promised myself iâ d wait 5 years after he died to beâ [SEP] addicted to the pain [SEP] i feel this bro everyday it hurts trying to fight yourself ð º [SEP] bro you get use to it and learn to live with itð ð ð,37200.0,754100.0,2737.0,543.0,8172.0,1,video credit ð what motivated you #justthetruth #hardtruth #sadmoment #mentalhealth #mentalhealthawareness #awareness #mentalhealthmatters #usa #canada #uk #australia # #justthetruth #hardtruth #sadmoment #mentalhealth #mentalhealthawareness #awareness #mentalhealthmatters #usa #canada #uk #australia [SEP] i would think about suicide every night every night after work i d come home and just because i couldn t talk to anyone it was a lack of just communicating with other people or just i was just trying to reach out for help but i just couldn t get help because i was so used to being told that i have to toughen up so i had to figure out how i could fix myself i couldn t get any help from anyone else you know everyone s struggling with something and everyone has their story now [SEP] i am going through this everyday [SEP] i work three jobs day and night not for the money jst trying to avoid my demons bro [SEP] going through it now ð [SEP] i think about it all day every day [SEP] i need help please i just want a hug [SEP] nothing really helps [SEP] since my husband died i havenâ t had a conversation with anyone who really gets me and loves me like he did i find it very hard to go on i promised myself iâ d wait 5 years after he died to beâ [SEP] addicted to the pain [SEP] i feel this bro everyday it hurts trying to fight yourself ð º [SEP] bro you get use to it and learn to live with itð ð ð,video credit ð what motivated you #justthetruth #hardtruth #sadmoment #mentalhealth #mentalhealthawareness #awareness #mentalhealthmatters #usa #canada #uk #australia # #justthetruth #hardtruth #sadmoment #mentalhealth #mentalhealthawareness #awareness #mentalhealthmatters #usa #canada #uk #australia [SEP] i am going through this everyday [SEP] i work three jobs day and night not for the money jst trying to avoid my demons bro [SEP] going through it now ð [SEP] i think about it all day every day [SEP] i need help please i just want a hug [SEP] nothing really helps [SEP] since my husband died i havenâ t had a conversation with anyone who really gets me and loves me like he did i find it very hard to go on i promised myself iâ d wait 5 years after he died to beâ [SEP] addicted to the pain [SEP] i feel this bro everyday it hurts trying to fight yourself ð º [SEP] bro you get use to it and learn to live with itð ð ð
1031.0,talk to someone if neededð #mentalhealth #depressed #anxiety #pain #sad #quotes #fyp #foryou #foryoupage #deepthoughts,#mentalhealth #depressed #anxiety #pain #sad #quotes #fyp #foryou #foryoupage #deepthoughts,sometimes when i say i m okay i just want someone to look me in the eyes hug me and say i know you re not okay but i m here for you,pov you have no oneð ð [SEP] rose s are dead violet are dying outside i m smiling the inside i m crying [SEP] i know i will never find someone like this [SEP] same [SEP] i just want a hug nothing more [SEP] me too ð ºð º [SEP] wenn man nicht mal i am okay sagen kann weil keiner fragt wie es dir geht [SEP] yea ð ð but that is what im waiting for all my life and i still believe and hope that it will come one day ð ð i hope realy much ð ð ºð º [SEP] wã re schã n [SEP] i agree with this and also i want to tell people how i feel i want to tell my mom how i feel but i just can t i m to scared to say anything i don t have real friends anymore,182400.0,1900000.0,15500.0,1252.0,40731.0,0,talk to someone if neededð #mentalhealth #depressed #anxiety #pain #sad #quotes #fyp #foryou #foryoupage #deepthoughts #mentalhealth #depressed #anxiety #pain #sad #quotes #fyp #foryou #foryoupage #deepthoughts [SEP] sometimes when i say i m okay i just want someone to look me in the eyes hug me and say i know you re not okay but i m here for you [SEP] pov you have no oneð ð [SEP] rose s are dead violet are dying outside i m smiling the inside i m crying [SEP] i know i will never find someone like this [SEP] same [SEP] i just want a hug nothing more [SEP] me too ð ºð º [SEP] wenn man nicht mal i am okay sagen kann weil keiner fragt wie es dir geht [SEP] yea ð ð but that is what im waiting for all my life and i still believe and hope that it will come one day ð ð i hope realy much ð ð ºð º [SEP] wã re schã n [SEP] i agree with this and also i want to tell people how i feel i want to tell my mom how i feel but i just can t i m to scared to say anything i don t have real friends anymore,talk to someone if neededð #mentalhealth #depressed #anxiety #pain #sad #quotes #fyp #foryou #foryoupage #deepthoughts #mentalhealth #depressed #anxiety #pain #sad #quotes #fyp #foryou #foryoupage #deepthoughts [SEP] pov you have no oneð ð [SEP] rose s are dead violet are dying outside i m smiling the inside i m crying [SEP] i know i will never find someone like this [SEP] same [SEP] i just want a hug nothing more [SEP] me too ð ºð º [SEP] wenn man nicht mal i am okay sagen kann weil keiner fragt wie es dir geht [SEP] yea ð ð but that is what im waiting for all my life and i still believe and hope that it will come one day ð ð i hope realy much ð ð ºð º [SEP] wã re schã n [SEP] i agree with this and also i want to tell people how i feel i want to tell my mom how i feel but i just can t i m to scared to say anything i don t have real friends anymore
1032.0,#hardtimes #mentalhealth #startlivingyourlifenow #mentalbreakdown #mensmentalhealth #god speaker deanocrawford,#hardtimes #mentalhealth #startlivingyourlifenow #mentalbreakdown #mensmentalhealth #god,,a manâ s greatest battle in life will always be his own head [SEP] i lost my 16 yr old daughter 4 months ago i have an extremely different difficult pain keep your head up ð ¹ð ð [SEP] ð ð ¼ iâ m sick and tired of always being sick and tired ð [SEP] yes alcohol to make every feeling go away â ï [SEP] i miss the old me hit hard [SEP] i cried listening to this iâ m tired of being tired [SEP] i feel the same at the momentð º be strong [SEP] i m going g through this rn [SEP] do what i do bottle it up and act ok [SEP] that what i feel most days,521000.0,5500000.0,54700.0,7805.0,128036.0,1,#hardtimes #mentalhealth #startlivingyourlifenow #mentalbreakdown #mensmentalhealth #god speaker deanocrawford #hardtimes #mentalhealth #startlivingyourlifenow #mentalbreakdown #mensmentalhealth #god [SEP]  [SEP] a manâ s greatest battle in life will always be his own head [SEP] i lost my 16 yr old daughter 4 months ago i have an extremely different difficult pain keep your head up ð ¹ð ð [SEP] ð ð ¼ iâ m sick and tired of always being sick and tired ð [SEP] yes alcohol to make every feeling go away â ï [SEP] i miss the old me hit hard [SEP] i cried listening to this iâ m tired of being tired [SEP] i feel the same at the momentð º be strong [SEP] i m going g through this rn [SEP] do what i do bottle it up and act ok [SEP] that what i feel most days,#hardtimes #mentalhealth #startlivingyourlifenow #mentalbreakdown #mensmentalhealth #god speaker deanocrawford #hardtimes #mentalhealth #startlivingyourlifenow #mentalbreakdown #mensmentalhealth #god [SEP] a manâ s greatest battle in life will always be his own head [SEP] i lost my 16 yr old daughter 4 months ago i have an extremely different difficult pain keep your head up ð ¹ð ð [SEP] ð ð ¼ iâ m sick and tired of always being sick and tired ð [SEP] yes alcohol to make every feeling go away â ï [SEP] i miss the old me hit hard [SEP] i cried listening to this iâ m tired of being tired [SEP] i feel the same at the momentð º be strong [SEP] i m going g through this rn [SEP] do what i do bottle it up and act ok [SEP] that what i feel most days
1033.0,gotta be the hero #hero #why #heartbroken #pain #keepfighting #fighting #gym #motivation #gymmotivation #gymtok #quotes #mentalhealth #mindset #workout #bodybuilding #relatable #heart #brain #fyp,#hero #why #heartbroken #pain #keepfighting #fighting #gym #motivation #gymmotivation #gymtok #quotes #mentalhealth #mindset #workout #bodybuilding #relatable #heart #brain #fyp,i i don t why i just i can t why are you still fighting i i have what i have speak up i need to be the hero for them that you and i never have that s not fair,i have been less talkative and i have listened to everyone but know one knows my pain but i donâ t want them to know because then i might become something they have to think about [SEP] i m tired of trying to be the hero [SEP] keep going brother we got this ð ð ªð ªð ª [SEP] i know itâ s not fair and ik i donâ t get help but i care about them to much that i need to be the hero for them even if itâ s not fair [SEP] you become the person you would have felt safe with as a child [SEP] life life s not fair [SEP] your mind and your heart are meant to be allies not enemies a quote from too hot to handle game [SEP] forever the dependable man never depending [SEP] bro everytime i cried i just get this feeling bro it s like my brain is talking [SEP] real,166200.0,1100000.0,11000.0,404.0,37602.0,0,gotta be the hero #hero #why #heartbroken #pain #keepfighting #fighting #gym #motivation #gymmotivation #gymtok #quotes #mentalhealth #mindset #workout #bodybuilding #relatable #heart #brain #fyp #hero #why #heartbroken #pain #keepfighting #fighting #gym #motivation #gymmotivation #gymtok #quotes #mentalhealth #mindset #workout #bodybuilding #relatable #heart #brain #fyp [SEP] i i don t why i just i can t why are you still fighting i i have what i have speak up i need to be the hero for them that you and i never have that s not fair [SEP] i have been less talkative and i have listened to everyone but know one knows my pain but i donâ t want them to know because then i might become something they have to think about [SEP] i m tired of trying to be the hero [SEP] keep going brother we got this ð ð ªð ªð ª [SEP] i know itâ s not fair and ik i donâ t get help but i care about them to much that i need to be the hero for them even if itâ s not fair [SEP] you become the person you would have felt safe with as a child [SEP] life life s not fair [SEP] your mind and your heart are meant to be allies not enemies a quote from too hot to handle game [SEP] forever the dependable man never depending [SEP] bro everytime i cried i just get this feeling bro it s like my brain is talking [SEP] real,gotta be the hero #hero #why #heartbroken #pain #keepfighting #fighting #gym #motivation #gymmotivation #gymtok #quotes #mentalhealth #mindset #workout #bodybuilding #relatable #heart #brain #fyp #hero #why #heartbroken #pain #keepfighting #fighting #gym #motivation #gymmotivation #gymtok #quotes #mentalhealth #mindset #workout #bodybuilding #relatable #heart #brain #fyp [SEP] i have been less talkative and i have listened to everyone but know one knows my pain but i donâ t want them to know because then i might become something they have to think about [SEP] i m tired of trying to be the hero [SEP] keep going brother we got this ð ð ªð ªð ª [SEP] i know itâ s not fair and ik i donâ t get help but i care about them to much that i need to be the hero for them even if itâ s not fair [SEP] you become the person you would have felt safe with as a child [SEP] life life s not fair [SEP] your mind and your heart are meant to be allies not enemies a quote from too hot to handle game [SEP] forever the dependable man never depending [SEP] bro everytime i cried i just get this feeling bro it s like my brain is talking [SEP] real
1034.0,pain is just a feeling clips link in bio #motivation #mindset #mentality #davidgoggins #discipline,#motivation #mindset #mentality #davidgoggins #discipline,pain is just a feeling you need to love pain the only way you re ever going to get to the other side of this journey is you have got to suffer you have to suffer you have to make that attack too on your fucking brain so when that hard time comes again you don t forget it it s a lonely journey you re isolated you always used to keep pace with it you ll fall off you ll see what their world is and yours becute you re a billion sufferers you re torn outwork must be created you must be willing to extend your self to a living no guarantee of success every day you must ask yourself do that too enough stay home,pain it s just a feeling ð [SEP] love this vibe keep it up [SEP] second is david goggins from temu [SEP] pain is just a feeling [SEP] 10 pushups every goggins vid [SEP] stay hard [SEP] building the fyp [SEP] i needed to hear this to lock back inð [SEP] algoritmo â ï [SEP] ð,14600.0,72500.0,601.0,192.0,3480.0,0,pain is just a feeling clips link in bio #motivation #mindset #mentality #davidgoggins #discipline #motivation #mindset #mentality #davidgoggins #discipline [SEP] pain is just a feeling you need to love pain the only way you re ever going to get to the other side of this journey is you have got to suffer you have to suffer you have to make that attack too on your fucking brain so when that hard time comes again you don t forget it it s a lonely journey you re isolated you always used to keep pace with it you ll fall off you ll see what their world is and yours becute you re a billion sufferers you re torn outwork must be created you must be willing to extend your self to a living no guarantee of success every day you must ask yourself do that too enough stay home [SEP] pain it s just a feeling ð [SEP] love this vibe keep it up [SEP] second is david goggins from temu [SEP] pain is just a feeling [SEP] 10 pushups every goggins vid [SEP] stay hard [SEP] building the fyp [SEP] i needed to hear this to lock back inð [SEP] algoritmo â ï [SEP] ð,pain is just a feeling clips link in bio #motivation #mindset #mentality #davidgoggins #discipline #motivation #mindset #mentality #davidgoggins #discipline [SEP] pain it s just a feeling ð [SEP] love this vibe keep it up [SEP] second is david goggins from temu [SEP] pain is just a feeling [SEP] 10 pushups every goggins vid [SEP] stay hard [SEP] building the fyp [SEP] i needed to hear this to lock back inð [SEP] algoritmo â ï [SEP] ð
1035.0,can you guys relate to that ð ï jake chocholous #mindset #mentalhealth #mensmentalhealth #relatable,# #mindset #mentalhealth #mensmentalhealth #relatable,have you ever seen that guy that when he shows up in public he looks like he s just unwavering and who he is as a man perfectly fine nothing wrong nothing could bother this guy but for one second would it surprise you that that same man will sit alone in silence maybe he s just laying there in his bed looks out his living room window and just stairs and tries to block out one more thought from entering his mind as deep down this guy is so overwhelmed and stressed he just can t find himself anymore and he s just holding in tears maybe he s saying i m just ready to give up but somehow that same man can still look you in the face smile and act like nothing has ever happened because he cares more about you than he does himself can you guys relate to that,had a very weak moment last night burned the letter this morning [SEP] yea i m that guy if you see me say hi [SEP] iâ ve seen that guy everyday in the mirror [SEP] relate let me ask you a question why should i show how am i feeling or what s in my mind if no one cares about it or happy to hear that [SEP] silent repost [SEP] i ve been numb for a bit i do the smile i do struggle there s good days there s bad days i m overwhelmed but i just count it as part of life [SEP] that s me but i m giving up actually in 73 days i m disappearing from existence ð º [SEP] you describing my latest 29 years of my life and im 44 [SEP] that s me when death comes i will tell death what took you so long [SEP] never new how many of us there were,574900.0,7100000.0,42800.0,6817.0,124564.0,1,can you guys relate to that ð ï jake chocholous #mindset #mentalhealth #mensmentalhealth #relatable # #mindset #mentalhealth #mensmentalhealth #relatable [SEP] have you ever seen that guy that when he shows up in public he looks like he s just unwavering and who he is as a man perfectly fine nothing wrong nothing could bother this guy but for one second would it surprise you that that same man will sit alone in silence maybe he s just laying there in his bed looks out his living room window and just stairs and tries to block out one more thought from entering his mind as deep down this guy is so overwhelmed and stressed he just can t find himself anymore and he s just holding in tears maybe he s saying i m just ready to give up but somehow that same man can still look you in the face smile and act like nothing has ever happened because he cares more about you than he does himself can you guys relate to that [SEP] had a very weak moment last night burned the letter this morning [SEP] yea i m that guy if you see me say hi [SEP] iâ ve seen that guy everyday in the mirror [SEP] relate let me ask you a question why should i show how am i feeling or what s in my mind if no one cares about it or happy to hear that [SEP] silent repost [SEP] i ve been numb for a bit i do the smile i do struggle there s good days there s bad days i m overwhelmed but i just count it as part of life [SEP] that s me but i m giving up actually in 73 days i m disappearing from existence ð º [SEP] you describing my latest 29 years of my life and im 44 [SEP] that s me when death comes i will tell death what took you so long [SEP] never new how many of us there were,can you guys relate to that ð ï jake chocholous #mindset #mentalhealth #mensmentalhealth #relatable # #mindset #mentalhealth #mensmentalhealth #relatable [SEP] had a very weak moment last night burned the letter this morning [SEP] yea i m that guy if you see me say hi [SEP] iâ ve seen that guy everyday in the mirror [SEP] relate let me ask you a question why should i show how am i feeling or what s in my mind if no one cares about it or happy to hear that [SEP] silent repost [SEP] i ve been numb for a bit i do the smile i do struggle there s good days there s bad days i m overwhelmed but i just count it as part of life [SEP] that s me but i m giving up actually in 73 days i m disappearing from existence ð º [SEP] you describing my latest 29 years of my life and im 44 [SEP] that s me when death comes i will tell death what took you so long [SEP] never new how many of us there were
1036.0,#dragonball #dragonballz #dragonballeditsð #gokuedits,#dragonball #dragonballz #dragonballeditsð #gokuedits,song,facts especially when they deliberately try to trigger you [SEP] thatâ s why i go to the gym [SEP] when you watch this man since a kid growing up from a weak warrior to be the most powerful being on earth this hits emotionally [SEP] the sadness and pain is one of the reason they can t hold back [SEP] so true then you wonder why they do that and everyone knows they re wrong but call u bad [SEP] facts me all over again [SEP] real [SEP] real [SEP] that about to be me my friends betrayed me and i keep saying lets be friends again [SEP] so true,55500.0,440600.0,3610.0,451.0,12570.0,0,#dragonball #dragonballz #dragonballeditsð #gokuedits #dragonball #dragonballz #dragonballeditsð #gokuedits [SEP] song [SEP] facts especially when they deliberately try to trigger you [SEP] thatâ s why i go to the gym [SEP] when you watch this man since a kid growing up from a weak warrior to be the most powerful being on earth this hits emotionally [SEP] the sadness and pain is one of the reason they can t hold back [SEP] so true then you wonder why they do that and everyone knows they re wrong but call u bad [SEP] facts me all over again [SEP] real [SEP] real [SEP] that about to be me my friends betrayed me and i keep saying lets be friends again [SEP] so true,#dragonball #dragonballz #dragonballeditsð #gokuedits #dragonball #dragonballz #dragonballeditsð #gokuedits [SEP] facts especially when they deliberately try to trigger you [SEP] thatâ s why i go to the gym [SEP] when you watch this man since a kid growing up from a weak warrior to be the most powerful being on earth this hits emotionally [SEP] the sadness and pain is one of the reason they can t hold back [SEP] so true then you wonder why they do that and everyone knows they re wrong but call u bad [SEP] facts me all over again [SEP] real [SEP] real [SEP] that about to be me my friends betrayed me and i keep saying lets be friends again [SEP] so true
1037.0,pain is temporary #motivation #discipline #mindset,#motivation #discipline #mindset,the thing about pain is like you feel it right now it s temporary man but later in life you don t remember the pain you just remember like the glory of the good times you know in that exhilaration of pride and achievement man not outweighs all the pain and struggle because if you push through the pain to achieve the pride you forget about the pain that s ever been there but if you can t push through the pain and the pain stops you and breaks you down then that pain is forever because you never got the pride to outbalance it pain is temporary it may last for a minute or an hour or a day or even a year but eventually it will subside and something else will take its place if i quit however it will last forever stop being weak bro it s not supposed to be easy who told you the grind s supposed to be easy who told you like your kindergarten teacher no we ain t handing out trophies to everybody there s only one winner in this game bro so i m grace that i leave,iâ m in love with the pain [SEP] pain is in me for 10 years i still love my fisrt girlfriend [SEP] greg plitâ many of your favourite fitness influencers today had a favorite influencer themselves when they started their journey greg was that man for many [SEP] commenting to stay on this for you page [SEP] greg plitt legend [SEP] who is the first guy [SEP] no pain no gain [SEP] a moment of pain is worth a lifetime of glory [SEP] pain is just a feeling [SEP] the bill of regret is something that i donâ t want,86500.0,653800.0,5165.0,303.0,19823.0,0,pain is temporary #motivation #discipline #mindset #motivation #discipline #mindset [SEP] the thing about pain is like you feel it right now it s temporary man but later in life you don t remember the pain you just remember like the glory of the good times you know in that exhilaration of pride and achievement man not outweighs all the pain and struggle because if you push through the pain to achieve the pride you forget about the pain that s ever been there but if you can t push through the pain and the pain stops you and breaks you down then that pain is forever because you never got the pride to outbalance it pain is temporary it may last for a minute or an hour or a day or even a year but eventually it will subside and something else will take its place if i quit however it will last forever stop being weak bro it s not supposed to be easy who told you the grind s supposed to be easy who told you like your kindergarten teacher no we ain t handing out trophies to everybody there s only one winner in this game bro so i m grace that i leave [SEP] iâ m in love with the pain [SEP] pain is in me for 10 years i still love my fisrt girlfriend [SEP] greg plitâ many of your favourite fitness influencers today had a favorite influencer themselves when they started their journey greg was that man for many [SEP] commenting to stay on this for you page [SEP] greg plitt legend [SEP] who is the first guy [SEP] no pain no gain [SEP] a moment of pain is worth a lifetime of glory [SEP] pain is just a feeling [SEP] the bill of regret is something that i donâ t want,pain is temporary #motivation #discipline #mindset #motivation #discipline #mindset [SEP] iâ m in love with the pain [SEP] pain is in me for 10 years i still love my fisrt girlfriend [SEP] greg plitâ many of your favourite fitness influencers today had a favorite influencer themselves when they started their journey greg was that man for many [SEP] commenting to stay on this for you page [SEP] greg plitt legend [SEP] who is the first guy [SEP] no pain no gain [SEP] a moment of pain is worth a lifetime of glory [SEP] pain is just a feeling [SEP] the bill of regret is something that i donâ t want
1038.0,ð #fyp #pain #foryou #heartbroken #sadcontent #sad #depressiã n #depressedquotes #mentalhealthmatters #foryoupage #letgo,#fyp #pain #foryou #heartbroken #sadcontent #sad #depressiã n #depressedquotes #mentalhealthmatters #foryoupage #letgo,if i ever lose my battle with depression there s a few things i want everyone to know i don t blame any of you or anything from my past but i wish you would have noticed that i was crying on the inside even when i was smiling on the outside i know i tried so hard to be everyone sunshine but i was full of rain clouds,no one ever notices the rain clouds get too heavy at times ð ð [SEP] silent repostâ iâ m about to lose my battle [SEP] nobody gonna give you damn they act like they care at that s the most ð [SEP] no one ever notices til it s to late when we take our own lifeð º [SEP] iâ m sorry but itâ s my time to go [SEP] we have same feelingsð ð ð [SEP] no one notices [SEP] i am going through this ð ªeveryday an weeks are hard at times here i have hit the bottom here an it is hard for me to get out of here an i am sorry [SEP] so true [SEP] it gets harder everyday and no one notices,237100.0,3200000.0,16500.0,1131.0,51469.0,0,ð #fyp #pain #foryou #heartbroken #sadcontent #sad #depressiã n #depressedquotes #mentalhealthmatters #foryoupage #letgo #fyp #pain #foryou #heartbroken #sadcontent #sad #depressiã n #depressedquotes #mentalhealthmatters #foryoupage #letgo [SEP] if i ever lose my battle with depression there s a few things i want everyone to know i don t blame any of you or anything from my past but i wish you would have noticed that i was crying on the inside even when i was smiling on the outside i know i tried so hard to be everyone sunshine but i was full of rain clouds [SEP] no one ever notices the rain clouds get too heavy at times ð ð [SEP] silent repostâ iâ m about to lose my battle [SEP] nobody gonna give you damn they act like they care at that s the most ð [SEP] no one ever notices til it s to late when we take our own lifeð º [SEP] iâ m sorry but itâ s my time to go [SEP] we have same feelingsð ð ð [SEP] no one notices [SEP] i am going through this ð ªeveryday an weeks are hard at times here i have hit the bottom here an it is hard for me to get out of here an i am sorry [SEP] so true [SEP] it gets harder everyday and no one notices,ð #fyp #pain #foryou #heartbroken #sadcontent #sad #depressiã n #depressedquotes #mentalhealthmatters #foryoupage #letgo #fyp #pain #foryou #heartbroken #sadcontent #sad #depressiã n #depressedquotes #mentalhealthmatters #foryoupage #letgo [SEP] no one ever notices the rain clouds get too heavy at times ð ð [SEP] silent repostâ iâ m about to lose my battle [SEP] nobody gonna give you damn they act like they care at that s the most ð [SEP] no one ever notices til it s to late when we take our own lifeð º [SEP] iâ m sorry but itâ s my time to go [SEP] we have same feelingsð ð ð [SEP] no one notices [SEP] i am going through this ð ªeveryday an weeks are hard at times here i have hit the bottom here an it is hard for me to get out of here an i am sorry [SEP] so true [SEP] it gets harder everyday and no one notices
1039.0,#crying #notokay #fakesmile #howareyoureally #imnotokay #mentalhealthmatters #mentalhealth #tears #pain #sad #depressed #hurts #relatable #deepthoughts #hitshardð #viral,#crying #notokay #fakesmile #howareyoureally #imnotokay #mentalhealthmatters #mentalhealth #tears #pain #sad #depressed #hurts #relatable #deepthoughts #hitshardð #viral,why are you crying no you re not no hahaha ah fight on my eyes how are you i m okay yeah i don t ask for help often i handle my own healing when i do need someone that s when you know it s bad you have me now yeah you sure yeah it is you have me you re not crying no hahaha all it takes is a smile to hide your pain stop hiding your pain and put down the smile and pick up the phone a call to help for help or reach out to someone that will help and support we will be there for you be kind to yourself and stop putting your healing journey last your healing journey starts today reach out talk out and stick about never help goes,first one is how i feel your crying inside but hiding it with laughter [SEP] the boy is way to young to be hiding his pain ð [SEP] i m okay ð ð ð ð ð guys i lied i need hugsð ð ð [SEP] you can see the kids pain by just looking at his eyesð [SEP] the little kid broke my heart ð [SEP] das erste hat mich gebrochen [SEP] the first one is not ok [SEP] anyone who needs someone to talk to and feels alone iâ m here please do not hesitate to reach out sometimes talking to a stranger can help no judgment just support iâ m here ð [SEP] this really made me cry i don t really share my feelings with anyone ð ð [SEP] this made me cry whyð,676700.0,6300000.0,36200.0,4405.0,115048.0,0,#crying #notokay #fakesmile #howareyoureally #imnotokay #mentalhealthmatters #mentalhealth #tears #pain #sad #depressed #hurts #relatable #deepthoughts #hitshardð #viral #crying #notokay #fakesmile #howareyoureally #imnotokay #mentalhealthmatters #mentalhealth #tears #pain #sad #depressed #hurts #relatable #deepthoughts #hitshardð #viral [SEP] why are you crying no you re not no hahaha ah fight on my eyes how are you i m okay yeah i don t ask for help often i handle my own healing when i do need someone that s when you know it s bad you have me now yeah you sure yeah it is you have me you re not crying no hahaha all it takes is a smile to hide your pain stop hiding your pain and put down the smile and pick up the phone a call to help for help or reach out to someone that will help and support we will be there for you be kind to yourself and stop putting your healing journey last your healing journey starts today reach out talk out and stick about never help goes [SEP] first one is how i feel your crying inside but hiding it with laughter [SEP] the boy is way to young to be hiding his pain ð [SEP] i m okay ð ð ð ð ð guys i lied i need hugsð ð ð [SEP] you can see the kids pain by just looking at his eyesð [SEP] the little kid broke my heart ð [SEP] das erste hat mich gebrochen [SEP] the first one is not ok [SEP] anyone who needs someone to talk to and feels alone iâ m here please do not hesitate to reach out sometimes talking to a stranger can help no judgment just support iâ m here ð [SEP] this really made me cry i don t really share my feelings with anyone ð ð [SEP] this made me cry whyð,#crying #notokay #fakesmile #howareyoureally #imnotokay #mentalhealthmatters #mentalhealth #tears #pain #sad #depressed #hurts #relatable #deepthoughts #hitshardð #viral #crying #notokay #fakesmile #howareyoureally #imnotokay #mentalhealthmatters #mentalhealth #tears #pain #sad #depressed #hurts #relatable #deepthoughts #hitshardð #viral [SEP] first one is how i feel your crying inside but hiding it with laughter [SEP] the boy is way to young to be hiding his pain ð [SEP] i m okay ð ð ð ð ð guys i lied i need hugsð ð ð [SEP] you can see the kids pain by just looking at his eyesð [SEP] the little kid broke my heart ð [SEP] das erste hat mich gebrochen [SEP] the first one is not ok [SEP] anyone who needs someone to talk to and feels alone iâ m here please do not hesitate to reach out sometimes talking to a stranger can help no judgment just support iâ m here ð [SEP] this really made me cry i don t really share my feelings with anyone ð ð [SEP] this made me cry whyð
1040.0,is this you #cryingsilently #sadnessandpain #reality #life #mentalhealth #pain #brokenheart #3amthoughts #lifeishard #vent #foryoupage #fypã,#cryingsilently #sadnessandpain #reality #life #mentalhealth #pain #brokenheart #3amthoughts #lifeishard #vent #foryoupage #fypã,you alone left out of the cold cleaning through the window and let it broken how you finally cry out,worst feeling crying silently while everyone sleep peacefully ð [SEP] covering ur mouth so you wonâ t make a sound [SEP] crying in silence is more painful tbh [SEP] why am i like this every night crying before i fell asleep ð [SEP] hiding your pain is better than seeing people look at you while your in pain [SEP] tapos yung sipon mo ang ingayð [SEP] ð this tiktok know my feeling right now [SEP] nangis tanpa suara itu sakit [SEP] thats why iâ ll wait that everyone gonna sleep so that i can express my feelings [SEP] me rn ð ²,2500000.0,23000000.0,130400.0,18900.0,389951.0,0,is this you #cryingsilently #sadnessandpain #reality #life #mentalhealth #pain #brokenheart #3amthoughts #lifeishard #vent #foryoupage #fypã #cryingsilently #sadnessandpain #reality #life #mentalhealth #pain #brokenheart #3amthoughts #lifeishard #vent #foryoupage #fypã [SEP] you alone left out of the cold cleaning through the window and let it broken how you finally cry out [SEP] worst feeling crying silently while everyone sleep peacefully ð [SEP] covering ur mouth so you wonâ t make a sound [SEP] crying in silence is more painful tbh [SEP] why am i like this every night crying before i fell asleep ð [SEP] hiding your pain is better than seeing people look at you while your in pain [SEP] tapos yung sipon mo ang ingayð [SEP] ð this tiktok know my feeling right now [SEP] nangis tanpa suara itu sakit [SEP] thats why iâ ll wait that everyone gonna sleep so that i can express my feelings [SEP] me rn ð ²,is this you #cryingsilently #sadnessandpain #reality #life #mentalhealth #pain #brokenheart #3amthoughts #lifeishard #vent #foryoupage #fypã #cryingsilently #sadnessandpain #reality #life #mentalhealth #pain #brokenheart #3amthoughts #lifeishard #vent #foryoupage #fypã [SEP] worst feeling crying silently while everyone sleep peacefully ð [SEP] covering ur mouth so you wonâ t make a sound [SEP] crying in silence is more painful tbh [SEP] why am i like this every night crying before i fell asleep ð [SEP] hiding your pain is better than seeing people look at you while your in pain [SEP] tapos yung sipon mo ang ingayð [SEP] ð this tiktok know my feeling right now [SEP] nangis tanpa suara itu sakit [SEP] thats why iâ ll wait that everyone gonna sleep so that i can express my feelings [SEP] me rn ð ²
1041.0,god is always with youâ #christian #god #trustgodbro #prayer #godfirstbro,#christian #god #trustgodbro #prayer #godfirstbro,here is a bible verse for your anxiety go ahead and like and save this video as a reminder for later philippians chapter four verse six and seven the bible says be anxious for nothing but in everything by prayer and supplication with thanksgiving let your request be known unto god and the peace of god which surpasses all understanding will guard your hearts and your minds in christ jesus bible is clear be anxious for nothing but pray about everything every time you have an anxious thought i want you to turn it into a prayer every time you feel overwhelmed i want you to say lord i surrender this to you i cannot bear the weight of my own anxiety i cannot bear the weight of my own worry i lift it up into your hands and i trust in you with the result and the bible says that god s peace will fill you and lift you up in christ jesus,â every time you have an anxious thought turn it into a prayer â â wisdom [SEP] i needed this im about to have my baby via csection in 6 days and iâ ve been worried and scared [SEP] lord please help me [SEP] amen jesus â ï [SEP] lord i surrender this to you [SEP] i listen to this everytime i can but i feel it getting worse im 16 and when i get anxiety is rises up fast into a panick attack i dont know what to do [SEP] this made me cry thank you [SEP] i needed this im in tears rn thank you holy spirit [SEP] i suffer with bad anxiety but god is powerful everyone i send him a prayer ð ð ¼ i completely feel calmer than what i was before [SEP] tomorrow i have a important test but i am having anxiety i believe god is with me and i know he will get me through it,238100.0,2500000.0,34300.0,1477.0,67466.0,0,god is always with youâ #christian #god #trustgodbro #prayer #godfirstbro #christian #god #trustgodbro #prayer #godfirstbro [SEP] here is a bible verse for your anxiety go ahead and like and save this video as a reminder for later philippians chapter four verse six and seven the bible says be anxious for nothing but in everything by prayer and supplication with thanksgiving let your request be known unto god and the peace of god which surpasses all understanding will guard your hearts and your minds in christ jesus bible is clear be anxious for nothing but pray about everything every time you have an anxious thought i want you to turn it into a prayer every time you feel overwhelmed i want you to say lord i surrender this to you i cannot bear the weight of my own anxiety i cannot bear the weight of my own worry i lift it up into your hands and i trust in you with the result and the bible says that god s peace will fill you and lift you up in christ jesus [SEP] â every time you have an anxious thought turn it into a prayer â â wisdom [SEP] i needed this im about to have my baby via csection in 6 days and iâ ve been worried and scared [SEP] lord please help me [SEP] amen jesus â ï [SEP] lord i surrender this to you [SEP] i listen to this everytime i can but i feel it getting worse im 16 and when i get anxiety is rises up fast into a panick attack i dont know what to do [SEP] this made me cry thank you [SEP] i needed this im in tears rn thank you holy spirit [SEP] i suffer with bad anxiety but god is powerful everyone i send him a prayer ð ð ¼ i completely feel calmer than what i was before [SEP] tomorrow i have a important test but i am having anxiety i believe god is with me and i know he will get me through it,god is always with youâ #christian #god #trustgodbro #prayer #godfirstbro #christian #god #trustgodbro #prayer #godfirstbro [SEP] â every time you have an anxious thought turn it into a prayer â â wisdom [SEP] i needed this im about to have my baby via csection in 6 days and iâ ve been worried and scared [SEP] lord please help me [SEP] amen jesus â ï [SEP] lord i surrender this to you [SEP] i listen to this everytime i can but i feel it getting worse im 16 and when i get anxiety is rises up fast into a panick attack i dont know what to do [SEP] this made me cry thank you [SEP] i needed this im in tears rn thank you holy spirit [SEP] i suffer with bad anxiety but god is powerful everyone i send him a prayer ð ð ¼ i completely feel calmer than what i was before [SEP] tomorrow i have a important test but i am having anxiety i believe god is with me and i know he will get me through it
1042.0,dua to remove anxiety #distress #ù ø ø,#distress #ù ø ø,igration there was my reason,this dua did magic for me [SEP] la ilaha illa allah al â azim al halim la ilaha illa allah rabb al â arsh al â azim la ilaha illa allah rabb as samawati wa rabb al ard wa rabb al â arsh al karim [SEP] remind m [SEP] remind me â ï [SEP] reminder pls [SEP] remind me always plsð ºð ð [SEP] may allah answer all our prayersð [SEP] ù ø ø ù ù ø ù ø ø ù ù ù ø ù ø¹ø ù ù ø ù ø ù ù ù ù ø ø ù ù ø ù ø ø ù ù ù ø ø ø ù ø¹ø ø ø ù ø¹ø ù ù ù ø ø ù ù ø ù ø ø ù ù ù ø ø ø ù ø³ù ù ø øª ù ø ø ø ù ø ø ø ù ø ø ø ù ø¹ø ø ø ù ù ø ù ù [SEP] remind me plsss [SEP] please make dua for me to do good on my first job,103000.0,597300.0,7976.0,397.0,30325.0,0,dua to remove anxiety #distress #ù ø ø #distress #ù ø ø [SEP] igration there was my reason [SEP] this dua did magic for me [SEP] la ilaha illa allah al â azim al halim la ilaha illa allah rabb al â arsh al â azim la ilaha illa allah rabb as samawati wa rabb al ard wa rabb al â arsh al karim [SEP] remind m [SEP] remind me â ï [SEP] reminder pls [SEP] remind me always plsð ºð ð [SEP] may allah answer all our prayersð [SEP] ù ø ø ù ù ø ù ø ø ù ù ù ø ù ø¹ø ù ù ø ù ø ù ù ù ù ø ø ù ù ø ù ø ø ù ù ù ø ø ø ù ø¹ø ø ø ù ø¹ø ù ù ù ø ø ù ù ø ù ø ø ù ù ù ø ø ø ù ø³ù ù ø øª ù ø ø ø ù ø ø ø ù ø ø ø ù ø¹ø ø ø ù ù ø ù ù [SEP] remind me plsss [SEP] please make dua for me to do good on my first job,dua to remove anxiety #distress #ù ø ø #distress #ù ø ø [SEP] this dua did magic for me [SEP] la ilaha illa allah al â azim al halim la ilaha illa allah rabb al â arsh al â azim la ilaha illa allah rabb as samawati wa rabb al ard wa rabb al â arsh al karim [SEP] remind m [SEP] remind me â ï [SEP] reminder pls [SEP] remind me always plsð ºð ð [SEP] may allah answer all our prayersð [SEP] ù ø ø ù ù ø ù ø ø ù ù ù ø ù ø¹ø ù ù ø ù ø ù ù ù ù ø ø ù ù ø ù ø ø ù ù ù ø ø ø ù ø¹ø ø ø ù ø¹ø ù ù ù ø ø ù ù ø ù ø ø ù ù ù ø ø ø ù ø³ù ù ø øª ù ø ø ø ù ø ø ø ù ø ø ø ù ø¹ø ø ø ù ù ø ù ù [SEP] remind me plsss [SEP] please make dua for me to do good on my first job
1043.0,hereâ s how to interrupt worry use my #5secondrule and these 6ï â magic words to stop your anxiety in its tracks #melrobbins #letstalkmentalhealth #anxiety #worry #advice #mindset #tiptok #learnontiktok #westicktogether,#5secondrule #melrobbins #letstalkmentalhealth #anxiety #worry #advice #mindset #tiptok #learnontiktok #westicktogether,anxiety is literally nothing more than you thinking about something in the future and thinking about it in a manner where it starts to sound and alarm in your body first of all if you catch yourself worrying if you catch yourself out in the future catastrophizing if you catch yourself in that what if this what if that if you let your thoughts spin it will spin you out of control and then you re going to start to feel anxious and so you want to count backwards 5 4 3 2 1 and one of the best most effective things you can insert as a different pattern is this what if it all works out what if it all works out what if i get on this plane and even though it s bumpy it still lands and it all works out because you can t argue with that if you constableize your thoughts your body settles down and it doesn t escalate so you re going to interrupt the worry 5 4 3 2 1 and then you insert something else you can also say this moment will pass you can say i can handle this but you ve got to interrupt those thoughts and insert something else,things that people that donâ t have anxiety say [SEP] anxiety is not always about looking ahead anxiety can be looking in the past because of trauma reliving [SEP] general anxiety disorder itâ s just there even when you are not thinking [SEP] yeah nah doesn t work that way [SEP] i m not trapped is the one my therapist gave me recently when i was spiralling about work issues [SEP] anxiety is from the past as well as the future you are describing worrying [SEP] instead of thinking whats the worst that could happen replace it with whatâ s the best that could happen â ï [SEP] yeah thats easier said than done [SEP] i have found my anxiety is physical the body keeps the score [SEP] â what if it all works outâ you canâ t argue with it what if it doesnâ t lol,861900.0,12700000.0,118000.0,7001.0,199193.0,0,hereâ s how to interrupt worry use my #5secondrule and these 6ï â magic words to stop your anxiety in its tracks #melrobbins #letstalkmentalhealth #anxiety #worry #advice #mindset #tiptok #learnontiktok #westicktogether #5secondrule #melrobbins #letstalkmentalhealth #anxiety #worry #advice #mindset #tiptok #learnontiktok #westicktogether [SEP] anxiety is literally nothing more than you thinking about something in the future and thinking about it in a manner where it starts to sound and alarm in your body first of all if you catch yourself worrying if you catch yourself out in the future catastrophizing if you catch yourself in that what if this what if that if you let your thoughts spin it will spin you out of control and then you re going to start to feel anxious and so you want to count backwards 5 4 3 2 1 and one of the best most effective things you can insert as a different pattern is this what if it all works out what if it all works out what if i get on this plane and even though it s bumpy it still lands and it all works out because you can t argue with that if you constableize your thoughts your body settles down and it doesn t escalate so you re going to interrupt the worry 5 4 3 2 1 and then you insert something else you can also say this moment will pass you can say i can handle this but you ve got to interrupt those thoughts and insert something else [SEP] things that people that donâ t have anxiety say [SEP] anxiety is not always about looking ahead anxiety can be looking in the past because of trauma reliving [SEP] general anxiety disorder itâ s just there even when you are not thinking [SEP] yeah nah doesn t work that way [SEP] i m not trapped is the one my therapist gave me recently when i was spiralling about work issues [SEP] anxiety is from the past as well as the future you are describing worrying [SEP] instead of thinking whats the worst that could happen replace it with whatâ s the best that could happen â ï [SEP] yeah thats easier said than done [SEP] i have found my anxiety is physical the body keeps the score [SEP] â what if it all works outâ you canâ t argue with it what if it doesnâ t lol,hereâ s how to interrupt worry use my #5secondrule and these 6ï â magic words to stop your anxiety in its tracks #melrobbins #letstalkmentalhealth #anxiety #worry #advice #mindset #tiptok #learnontiktok #westicktogether #5secondrule #melrobbins #letstalkmentalhealth #anxiety #worry #advice #mindset #tiptok #learnontiktok #westicktogether [SEP] things that people that donâ t have anxiety say [SEP] anxiety is not always about looking ahead anxiety can be looking in the past because of trauma reliving [SEP] general anxiety disorder itâ s just there even when you are not thinking [SEP] yeah nah doesn t work that way [SEP] i m not trapped is the one my therapist gave me recently when i was spiralling about work issues [SEP] anxiety is from the past as well as the future you are describing worrying [SEP] instead of thinking whats the worst that could happen replace it with whatâ s the best that could happen â ï [SEP] yeah thats easier said than done [SEP] i have found my anxiety is physical the body keeps the score [SEP] â what if it all works outâ you canâ t argue with it what if it doesnâ t lol
1044.0,ð steve wiltz #wordsofajay #healing #empath #empathsoftiktok #empaths #anxiety #mentalhealth #mentalhealthmatters #mentalhealthawareness #selflove #selflovejourney #selfloveclub #selfcare #selfcaretiktok #healingjourney #quotesaesthetic #quote #quotess #growthmindset #growth #youareawesome #youareenough #spreadlove #spreadhappiness #spreadkindness #positivity #positivevibes,# #wordsofajay #healing #empath #empathsoftiktok #empaths #anxiety #mentalhealth #mentalhealthmatters #mentalhealthawareness #selflove #selflovejourney #selfloveclub #selfcare #selfcaretiktok #healingjourney #quotesaesthetic #quote #quotess #growthmindset #growth #youareawesome #youareenough #spreadlove #spreadhappiness #spreadkindness #positivity #positivevibes,if you are a highly empletic person you probably also deal with some high function anxiety you are a ten but somewhere along the line someone made you feel like a two so you spend all your time people pleasing continually doing more and more and more because you feel like if you don t then you re failing you ever think everything you re always coming up with what if scenarios and that leads to worst case outcomes and the thing is they may never happen but because you feel so deeply you feel the end result without there actually being an end result it freezes you it could be a room of 100 people 99 of them think the world would be over but you ll spend your time on that one person trying to convince them that you are enough for loneliness you are enough you are amazing you re a ten you re going,â you feel the end result without there actually being an end result â [SEP] i have never connected to anything more [SEP] this made me cry because this is 100 me and i ve never heard it described so perfectly [SEP] i never realized there were so many other people who also felt all this until i came to the comments â ï youâ re all amazing ð ¹ [SEP] wow that just hit me to my soul it s a tough road but i m still going [SEP] iâ m exhausted from this ð º [SEP] but somewhere along the line someone made you feel like a 2 ooffff felt that in the gut [SEP] i wish i could share this not just repost it ð º [SEP] this made me tear up the what ifs self doubt anxiety empathy fearâ i relate to so much of it ð º [SEP] my god this is meâ ð,195400.0,2200000.0,33900.0,1083.0,50808.0,0,ð steve wiltz #wordsofajay #healing #empath #empathsoftiktok #empaths #anxiety #mentalhealth #mentalhealthmatters #mentalhealthawareness #selflove #selflovejourney #selfloveclub #selfcare #selfcaretiktok #healingjourney #quotesaesthetic #quote #quotess #growthmindset #growth #youareawesome #youareenough #spreadlove #spreadhappiness #spreadkindness #positivity #positivevibes # #wordsofajay #healing #empath #empathsoftiktok #empaths #anxiety #mentalhealth #mentalhealthmatters #mentalhealthawareness #selflove #selflovejourney #selfloveclub #selfcare #selfcaretiktok #healingjourney #quotesaesthetic #quote #quotess #growthmindset #growth #youareawesome #youareenough #spreadlove #spreadhappiness #spreadkindness #positivity #positivevibes [SEP] if you are a highly empletic person you probably also deal with some high function anxiety you are a ten but somewhere along the line someone made you feel like a two so you spend all your time people pleasing continually doing more and more and more because you feel like if you don t then you re failing you ever think everything you re always coming up with what if scenarios and that leads to worst case outcomes and the thing is they may never happen but because you feel so deeply you feel the end result without there actually being an end result it freezes you it could be a room of 100 people 99 of them think the world would be over but you ll spend your time on that one person trying to convince them that you are enough for loneliness you are enough you are amazing you re a ten you re going [SEP] â you feel the end result without there actually being an end result â [SEP] i have never connected to anything more [SEP] this made me cry because this is 100 me and i ve never heard it described so perfectly [SEP] i never realized there were so many other people who also felt all this until i came to the comments â ï youâ re all amazing ð ¹ [SEP] wow that just hit me to my soul it s a tough road but i m still going [SEP] iâ m exhausted from this ð º [SEP] but somewhere along the line someone made you feel like a 2 ooffff felt that in the gut [SEP] i wish i could share this not just repost it ð º [SEP] this made me tear up the what ifs self doubt anxiety empathy fearâ i relate to so much of it ð º [SEP] my god this is meâ ð,ð steve wiltz #wordsofajay #healing #empath #empathsoftiktok #empaths #anxiety #mentalhealth #mentalhealthmatters #mentalhealthawareness #selflove #selflovejourney #selfloveclub #selfcare #selfcaretiktok #healingjourney #quotesaesthetic #quote #quotess #growthmindset #growth #youareawesome #youareenough #spreadlove #spreadhappiness #spreadkindness #positivity #positivevibes # #wordsofajay #healing #empath #empathsoftiktok #empaths #anxiety #mentalhealth #mentalhealthmatters #mentalhealthawareness #selflove #selflovejourney #selfloveclub #selfcare #selfcaretiktok #healingjourney #quotesaesthetic #quote #quotess #growthmindset #growth #youareawesome #youareenough #spreadlove #spreadhappiness #spreadkindness #positivity #positivevibes [SEP] â you feel the end result without there actually being an end result â [SEP] i have never connected to anything more [SEP] this made me cry because this is 100 me and i ve never heard it described so perfectly [SEP] i never realized there were so many other people who also felt all this until i came to the comments â ï youâ re all amazing ð ¹ [SEP] wow that just hit me to my soul it s a tough road but i m still going [SEP] iâ m exhausted from this ð º [SEP] but somewhere along the line someone made you feel like a 2 ooffff felt that in the gut [SEP] i wish i could share this not just repost it ð º [SEP] this made me tear up the what ifs self doubt anxiety empathy fearâ i relate to so much of it ð º [SEP] my god this is meâ ð
1045.0,iiyak mo lang yan #lyrics #fyp #foryou #breakdown,#lyrics #fyp #foryou #breakdown,fightin my anxiety constantly i try to control it even when i know it s been forever i can still feel this pain there s one i remember and i never wanna feel it again,iiyak pagtapos laban ulit lilipas din yan [SEP] today is my birthday but i m crying and i don t know why i feel empty and nothing [SEP] aku kehilangan diriku yang dulu [SEP] mental health susah nk control bila dh byk pendam [SEP] anxiety is so hard [SEP] what a perfect timing ð [SEP] just disappointed to myself [SEP] ð bahkan aku tau ini sudah dari dulu tapi aku masih bisa merasakannya sakit ketika aku mengingatnya dan aku tak mau merasakannya lagi ð [SEP] kabisado nya pla ko haha bat ginagawa nya padin mga ikakasakit ko siguro kung maganda lng din ako di nya ko ginaganito [SEP] being alone for a while is dangerous its addicting once you see peacefull it is you don t want to deal with people anymore,956100.0,9000000.0,45200.0,2131.0,156281.0,0,iiyak mo lang yan #lyrics #fyp #foryou #breakdown #lyrics #fyp #foryou #breakdown [SEP] fightin my anxiety constantly i try to control it even when i know it s been forever i can still feel this pain there s one i remember and i never wanna feel it again [SEP] iiyak pagtapos laban ulit lilipas din yan [SEP] today is my birthday but i m crying and i don t know why i feel empty and nothing [SEP] aku kehilangan diriku yang dulu [SEP] mental health susah nk control bila dh byk pendam [SEP] anxiety is so hard [SEP] what a perfect timing ð [SEP] just disappointed to myself [SEP] ð bahkan aku tau ini sudah dari dulu tapi aku masih bisa merasakannya sakit ketika aku mengingatnya dan aku tak mau merasakannya lagi ð [SEP] kabisado nya pla ko haha bat ginagawa nya padin mga ikakasakit ko siguro kung maganda lng din ako di nya ko ginaganito [SEP] being alone for a while is dangerous its addicting once you see peacefull it is you don t want to deal with people anymore,iiyak mo lang yan #lyrics #fyp #foryou #breakdown #lyrics #fyp #foryou #breakdown [SEP] iiyak pagtapos laban ulit lilipas din yan [SEP] today is my birthday but i m crying and i don t know why i feel empty and nothing [SEP] aku kehilangan diriku yang dulu [SEP] mental health susah nk control bila dh byk pendam [SEP] anxiety is so hard [SEP] what a perfect timing ð [SEP] just disappointed to myself [SEP] ð bahkan aku tau ini sudah dari dulu tapi aku masih bisa merasakannya sakit ketika aku mengingatnya dan aku tak mau merasakannya lagi ð [SEP] kabisado nya pla ko haha bat ginagawa nya padin mga ikakasakit ko siguro kung maganda lng din ako di nya ko ginaganito [SEP] being alone for a while is dangerous its addicting once you see peacefull it is you don t want to deal with people anymore
1046.0,reframing the way you look at anxiety and depression #fyp #viral #anxiety #panicattack #mentalhealth,#fyp #viral #anxiety #panicattack #mentalhealth,i sort of look at things this way as someone who very much struggles with anxiety and depression if i started out as this celestial being this just energy and the universe or god or whoever said hey do you want to go to earth for an incredibly short amount of time like a blip and experience every emotion that you could possibly feel as a human you could have all these experiences love heartache anxiety joy euphoria whatever all of it do you want to do that yeah i do and so when i am feeling these intense feelings it s sort of like a reality check to step outside and say although this is a very uncomfortable painful feeling it s quite beautiful that i have the capacity to experience it,her therapist is so good [SEP] did not have lili reinhart becoming my therapist on my 2023 bingo card but here we are [SEP] nah double it and give it to the next person [SEP] we are the universe experiencing its self [SEP] this is such a nice way to view it i once heard somewhere that â it is all part of the human experienceâ which brought me peace [SEP] i just physically relaxed iâ m so sad tonight and this made it feel ok [SEP] whoa as someone who has struggled with anxiety my whole life this is a tool i have never heard of before thank you [SEP] nah i ve had my fill of pain let s wrap this up already [SEP] thatâ s sweet in theory but i have consistent panic attacks ocd agoraphobia if i was given that question iâ d would have picked no to feeling [SEP] sheâ s been an incredible force using her platform to speak on these issues and this is a great strategy ð,937100.0,7300000.0,99300.0,4873.0,186490.0,0,reframing the way you look at anxiety and depression #fyp #viral #anxiety #panicattack #mentalhealth #fyp #viral #anxiety #panicattack #mentalhealth [SEP] i sort of look at things this way as someone who very much struggles with anxiety and depression if i started out as this celestial being this just energy and the universe or god or whoever said hey do you want to go to earth for an incredibly short amount of time like a blip and experience every emotion that you could possibly feel as a human you could have all these experiences love heartache anxiety joy euphoria whatever all of it do you want to do that yeah i do and so when i am feeling these intense feelings it s sort of like a reality check to step outside and say although this is a very uncomfortable painful feeling it s quite beautiful that i have the capacity to experience it [SEP] her therapist is so good [SEP] did not have lili reinhart becoming my therapist on my 2023 bingo card but here we are [SEP] nah double it and give it to the next person [SEP] we are the universe experiencing its self [SEP] this is such a nice way to view it i once heard somewhere that â it is all part of the human experienceâ which brought me peace [SEP] i just physically relaxed iâ m so sad tonight and this made it feel ok [SEP] whoa as someone who has struggled with anxiety my whole life this is a tool i have never heard of before thank you [SEP] nah i ve had my fill of pain let s wrap this up already [SEP] thatâ s sweet in theory but i have consistent panic attacks ocd agoraphobia if i was given that question iâ d would have picked no to feeling [SEP] sheâ s been an incredible force using her platform to speak on these issues and this is a great strategy ð,reframing the way you look at anxiety and depression #fyp #viral #anxiety #panicattack #mentalhealth #fyp #viral #anxiety #panicattack #mentalhealth [SEP] her therapist is so good [SEP] did not have lili reinhart becoming my therapist on my 2023 bingo card but here we are [SEP] nah double it and give it to the next person [SEP] we are the universe experiencing its self [SEP] this is such a nice way to view it i once heard somewhere that â it is all part of the human experienceâ which brought me peace [SEP] i just physically relaxed iâ m so sad tonight and this made it feel ok [SEP] whoa as someone who has struggled with anxiety my whole life this is a tool i have never heard of before thank you [SEP] nah i ve had my fill of pain let s wrap this up already [SEP] thatâ s sweet in theory but i have consistent panic attacks ocd agoraphobia if i was given that question iâ d would have picked no to feeling [SEP] sheâ s been an incredible force using her platform to speak on these issues and this is a great strategy ð
1047.0,we need to talk,,having anxiety is probably one of the most lonely most isolating things to have because you are your own worst enemy than you live inside your head and i know there are thousands of people out there who suffer just like me but we need to talk,please i need an answer does anyone feels shortness of breath because of anxiety [SEP] anxiety is fine but those panic attacks that come with it is really scary ð ºð ºð ºð º [SEP] ormai la mia psicologa grazie a me compra un porsche all anno [SEP] mi fate sentire meno sola [SEP] cerca cercate carlo verdone ansia su yt c ã una sua intervista che ho personalmente trovato molto utile a riguardo [SEP] â oh un attacco dâ ansia fammi mettere un secondo la telecamera lã per riprendermiâ [SEP] ã una continua lotta con la tua mente [SEP] when ur heart hurts so bad and nothing u do makes it stop [SEP] svegliarsi la mattina con la tachicardia senza riuscire a respirare a causa dellâ ansia di dover affrontare la giornata ogni giorno costantemente [SEP] social anxiety is one of the most problem in my life,1400000.0,10800000.0,23200.0,4622.0,195929.0,0,we need to talk  [SEP] having anxiety is probably one of the most lonely most isolating things to have because you are your own worst enemy than you live inside your head and i know there are thousands of people out there who suffer just like me but we need to talk [SEP] please i need an answer does anyone feels shortness of breath because of anxiety [SEP] anxiety is fine but those panic attacks that come with it is really scary ð ºð ºð ºð º [SEP] ormai la mia psicologa grazie a me compra un porsche all anno [SEP] mi fate sentire meno sola [SEP] cerca cercate carlo verdone ansia su yt c ã una sua intervista che ho personalmente trovato molto utile a riguardo [SEP] â oh un attacco dâ ansia fammi mettere un secondo la telecamera lã per riprendermiâ [SEP] ã una continua lotta con la tua mente [SEP] when ur heart hurts so bad and nothing u do makes it stop [SEP] svegliarsi la mattina con la tachicardia senza riuscire a respirare a causa dellâ ansia di dover affrontare la giornata ogni giorno costantemente [SEP] social anxiety is one of the most problem in my life,we need to talk  [SEP] please i need an answer does anyone feels shortness of breath because of anxiety [SEP] anxiety is fine but those panic attacks that come with it is really scary ð ºð ºð ºð º [SEP] ormai la mia psicologa grazie a me compra un porsche all anno [SEP] mi fate sentire meno sola [SEP] cerca cercate carlo verdone ansia su yt c ã una sua intervista che ho personalmente trovato molto utile a riguardo [SEP] â oh un attacco dâ ansia fammi mettere un secondo la telecamera lã per riprendermiâ [SEP] ã una continua lotta con la tua mente [SEP] when ur heart hurts so bad and nothing u do makes it stop [SEP] svegliarsi la mattina con la tachicardia senza riuscire a respirare a causa dellâ ansia di dover affrontare la giornata ogni giorno costantemente [SEP] social anxiety is one of the most problem in my life
1048.0,having heavy heart and an anxious mind is the worst,,song,believe in allah everything will be fine [SEP] i also have the same problem is it panic attacks or anxiety attacks [SEP] may god help all those going through difficulties [SEP] if somebody feel this try to divert your mind forcibly and say astaghfirullah 30 time after that just once at ul qursi personal experienceð [SEP] i m also facing this due to my in laws [SEP] same situation everyday now i m exhausted ð ð [SEP] this used to happen to me the sympathethic nervous system might be activated due to a bad experience you had a lot of exerxises too soothe urself [SEP] ye mery sath hota hy or meri family serious nhi ly rhi ð º [SEP] kenapa tbtb kambuh ya gue ngrasa takutt bgtt dan gemeter sebadan badan ð [SEP] ø øª ø ù ù ù ù ø ù øªø ù ù ù ø ù ø ø³ø ø ù ù ù øµ ø ù ø ø ø³ ù ù ø ø ø ù ø ù ù ø¹ø ù ø ù ù ù ù øª ø ø¹ø ù ù ù ù ø ø ù ø ù ø ù ø¹ø ù ø ù øºø ù ù ø ù ù ù øªù ø ù ù ù ø³ ø ù ø ø ù ø ø²ø ù ð,299100.0,5600000.0,33500.0,2130.0,67419.0,0,having heavy heart and an anxious mind is the worst  [SEP] song [SEP] believe in allah everything will be fine [SEP] i also have the same problem is it panic attacks or anxiety attacks [SEP] may god help all those going through difficulties [SEP] if somebody feel this try to divert your mind forcibly and say astaghfirullah 30 time after that just once at ul qursi personal experienceð [SEP] i m also facing this due to my in laws [SEP] same situation everyday now i m exhausted ð ð [SEP] this used to happen to me the sympathethic nervous system might be activated due to a bad experience you had a lot of exerxises too soothe urself [SEP] ye mery sath hota hy or meri family serious nhi ly rhi ð º [SEP] kenapa tbtb kambuh ya gue ngrasa takutt bgtt dan gemeter sebadan badan ð [SEP] ø øª ø ù ù ù ù ø ù øªø ù ù ù ø ù ø ø³ø ø ù ù ù øµ ø ù ø ø ø³ ù ù ø ø ø ù ø ù ù ø¹ø ù ø ù ù ù ù øª ø ø¹ø ù ù ù ù ø ø ù ø ù ø ù ø¹ø ù ø ù øºø ù ù ø ù ù ù øªù ø ù ù ù ø³ ø ù ø ø ù ø ø²ø ù ð,having heavy heart and an anxious mind is the worst  [SEP] believe in allah everything will be fine [SEP] i also have the same problem is it panic attacks or anxiety attacks [SEP] may god help all those going through difficulties [SEP] if somebody feel this try to divert your mind forcibly and say astaghfirullah 30 time after that just once at ul qursi personal experienceð [SEP] i m also facing this due to my in laws [SEP] same situation everyday now i m exhausted ð ð [SEP] this used to happen to me the sympathethic nervous system might be activated due to a bad experience you had a lot of exerxises too soothe urself [SEP] ye mery sath hota hy or meri family serious nhi ly rhi ð º [SEP] kenapa tbtb kambuh ya gue ngrasa takutt bgtt dan gemeter sebadan badan ð [SEP] ø øª ø ù ù ù ù ø ù øªø ù ù ù ø ù ø ø³ø ø ù ù ù øµ ø ù ø ø ø³ ù ù ø ø ø ù ø ù ù ø¹ø ù ø ù ù ù ù øª ø ø¹ø ù ù ù ù ø ø ù ø ù ø ù ø¹ø ù ø ù øºø ù ù ø ù ù ù øªù ø ù ù ù ø³ ø ù ø ø ù ø ø²ø ù ð
1049.0,#breakdown #anxiety #depresion #fypã ã viral,#breakdown #anxiety #depresion #fypã ã viral,song,mas masakitt padinn yung silent cry tipong gusto mo isigaw yung sakitt pero d mo magawa hahahahahahaha [SEP] only allah knows how much i tried to be strong in this earht [SEP] silent cry hits diff ð [SEP] i can t please lord heal me once again i m so tired napo [SEP] silent cry hits diffð ð [SEP] silent breakdown hits different [SEP] natry ko tu iiyak kanalang bigla buti nalang may diyos ako [SEP] yung taong inaasahan kong hindi mapapagod at hindi ako iiwan sa ganitong sitwasyun mas piniling iwan at lumayu saken ð ð [SEP] lord heal me please im tired of this feelingð ð ð [SEP] i ve never been like this before ð,102000.0,1300000.0,6302.0,1260.0,15095.0,0,#breakdown #anxiety #depresion #fypã ã viral #breakdown #anxiety #depresion #fypã ã viral [SEP] song [SEP] mas masakitt padinn yung silent cry tipong gusto mo isigaw yung sakitt pero d mo magawa hahahahahahaha [SEP] only allah knows how much i tried to be strong in this earht [SEP] silent cry hits diff ð [SEP] i can t please lord heal me once again i m so tired napo [SEP] silent cry hits diffð ð [SEP] silent breakdown hits different [SEP] natry ko tu iiyak kanalang bigla buti nalang may diyos ako [SEP] yung taong inaasahan kong hindi mapapagod at hindi ako iiwan sa ganitong sitwasyun mas piniling iwan at lumayu saken ð ð [SEP] lord heal me please im tired of this feelingð ð ð [SEP] i ve never been like this before ð,#breakdown #anxiety #depresion #fypã ã viral #breakdown #anxiety #depresion #fypã ã viral [SEP] mas masakitt padinn yung silent cry tipong gusto mo isigaw yung sakitt pero d mo magawa hahahahahahaha [SEP] only allah knows how much i tried to be strong in this earht [SEP] silent cry hits diff ð [SEP] i can t please lord heal me once again i m so tired napo [SEP] silent cry hits diffð ð [SEP] silent breakdown hits different [SEP] natry ko tu iiyak kanalang bigla buti nalang may diyos ako [SEP] yung taong inaasahan kong hindi mapapagod at hindi ako iiwan sa ganitong sitwasyun mas piniling iwan at lumayu saken ð ð [SEP] lord heal me please im tired of this feelingð ð ð [SEP] i ve never been like this before ð
1050.0,#pain111 #anxiety #mentalhealthmatters,#pain111 #anxiety #mentalhealthmatters,song,having an anxiety attack is not easy to handle and i m sending hugs to all the people who experience having an anxiety attack cheer up po â ï ð [SEP] when you cry from anxiety you feel like your heart is going to stop [SEP] is anxiety we get crying without a reason [SEP] can t sleep every nightð º [SEP] i cry myself to sleep this nights and whenever i try to think of reasons to why i m crying it hurts and i start missing the people close to me [SEP] ang hirap i handle kase may point na parang gusto mo ng mag pahinga ng tuluyan [SEP] shakin at 3am or 12 midnight feeling afraid without any reason ð [SEP] i miss the old me the goneeeee me ð º [SEP] it feels so suffocating but i just pretended that nothing was wrong it s hard n tiring [SEP] when my anxiety and heart problem attacks me every single day ð,782100.0,8200000.0,44600.0,3631.0,125192.0,0,#pain111 #anxiety #mentalhealthmatters #pain111 #anxiety #mentalhealthmatters [SEP] song [SEP] having an anxiety attack is not easy to handle and i m sending hugs to all the people who experience having an anxiety attack cheer up po â ï ð [SEP] when you cry from anxiety you feel like your heart is going to stop [SEP] is anxiety we get crying without a reason [SEP] can t sleep every nightð º [SEP] i cry myself to sleep this nights and whenever i try to think of reasons to why i m crying it hurts and i start missing the people close to me [SEP] ang hirap i handle kase may point na parang gusto mo ng mag pahinga ng tuluyan [SEP] shakin at 3am or 12 midnight feeling afraid without any reason ð [SEP] i miss the old me the goneeeee me ð º [SEP] it feels so suffocating but i just pretended that nothing was wrong it s hard n tiring [SEP] when my anxiety and heart problem attacks me every single day ð,#pain111 #anxiety #mentalhealthmatters #pain111 #anxiety #mentalhealthmatters [SEP] having an anxiety attack is not easy to handle and i m sending hugs to all the people who experience having an anxiety attack cheer up po â ï ð [SEP] when you cry from anxiety you feel like your heart is going to stop [SEP] is anxiety we get crying without a reason [SEP] can t sleep every nightð º [SEP] i cry myself to sleep this nights and whenever i try to think of reasons to why i m crying it hurts and i start missing the people close to me [SEP] ang hirap i handle kase may point na parang gusto mo ng mag pahinga ng tuluyan [SEP] shakin at 3am or 12 midnight feeling afraid without any reason ð [SEP] i miss the old me the goneeeee me ð º [SEP] it feels so suffocating but i just pretended that nothing was wrong it s hard n tiring [SEP] when my anxiety and heart problem attacks me every single day ð
1051.0,mental health is real depression is real social media is fake you only share your best moments to the world but not your worsts i thought iâ d share my struggles so nobody feels alone in their own internal battles im still trying to figure out my own but trying to document them has helped therapy hw some days are better than others but what i have learned is that you are not your illness you are just dealing with it every day that you are trying is a better day the mind can be a beautiful thing donâ t let it destroy you hug your friends and tell them how proud you are that they have fought another day to be here with you #mentalhealthawareness #depressionandanxiety #fyp,#mentalhealthawareness #depressionandanxiety #fyp,song,thank you for sharing you are strong â ï [SEP] thank you for not making me feel alone itâ s a battle everyday [SEP] and explaining to someone that thereâ s nothing specific making me sad it just randomly hits me ð º [SEP] the worst is when the episode becomes a daily thing itâ s like youâ re waiting for it at night alright sadness come on in take a seat bud ð [SEP] itâ s so random quite literally draining youâ re having a great day then out of nowhere a sudden wave of unbearable sadness [SEP] too many recently [SEP] felt like iâ ve been in a depressive episode for month [SEP] la peor sensacion [SEP] en estos ãºltimos cuatro meses he ido mejor pero siento que en cualquier momento caigo de nuevo [SEP] when i get them i want to be alone but i want people to try to fight to help me no one does tho,1300000.0,6800000.0,59900.0,4399.0,201556.0,0,mental health is real depression is real social media is fake you only share your best moments to the world but not your worsts i thought iâ d share my struggles so nobody feels alone in their own internal battles im still trying to figure out my own but trying to document them has helped therapy hw some days are better than others but what i have learned is that you are not your illness you are just dealing with it every day that you are trying is a better day the mind can be a beautiful thing donâ t let it destroy you hug your friends and tell them how proud you are that they have fought another day to be here with you #mentalhealthawareness #depressionandanxiety #fyp #mentalhealthawareness #depressionandanxiety #fyp [SEP] song [SEP] thank you for sharing you are strong â ï [SEP] thank you for not making me feel alone itâ s a battle everyday [SEP] and explaining to someone that thereâ s nothing specific making me sad it just randomly hits me ð º [SEP] the worst is when the episode becomes a daily thing itâ s like youâ re waiting for it at night alright sadness come on in take a seat bud ð [SEP] itâ s so random quite literally draining youâ re having a great day then out of nowhere a sudden wave of unbearable sadness [SEP] too many recently [SEP] felt like iâ ve been in a depressive episode for month [SEP] la peor sensacion [SEP] en estos ãºltimos cuatro meses he ido mejor pero siento que en cualquier momento caigo de nuevo [SEP] when i get them i want to be alone but i want people to try to fight to help me no one does tho,mental health is real depression is real social media is fake you only share your best moments to the world but not your worsts i thought iâ d share my struggles so nobody feels alone in their own internal battles im still trying to figure out my own but trying to document them has helped therapy hw some days are better than others but what i have learned is that you are not your illness you are just dealing with it every day that you are trying is a better day the mind can be a beautiful thing donâ t let it destroy you hug your friends and tell them how proud you are that they have fought another day to be here with you #mentalhealthawareness #depressionandanxiety #fyp #mentalhealthawareness #depressionandanxiety #fyp [SEP] thank you for sharing you are strong â ï [SEP] thank you for not making me feel alone itâ s a battle everyday [SEP] and explaining to someone that thereâ s nothing specific making me sad it just randomly hits me ð º [SEP] the worst is when the episode becomes a daily thing itâ s like youâ re waiting for it at night alright sadness come on in take a seat bud ð [SEP] itâ s so random quite literally draining youâ re having a great day then out of nowhere a sudden wave of unbearable sadness [SEP] too many recently [SEP] felt like iâ ve been in a depressive episode for month [SEP] la peor sensacion [SEP] en estos ãºltimos cuatro meses he ido mejor pero siento que en cualquier momento caigo de nuevo [SEP] when i get them i want to be alone but i want people to try to fight to help me no one does tho
1052.0,,,the anxiety is probably one of the most lonely most isolating things to have because you are your own worst enemy than you live inside your head and i know there are thousands of people out there who suffer just like me,i have health anxiety and iâ m so paranoid about everything all the phsycial symptoms of anxiety make me question my health all the time itâ s exhausting ð [SEP] anxiety has completely ruined me [SEP] anxiety has made me the most unsocialable person ever i cannot go away without being physically sick and has took the whole enjoyment out of it for me that i tend not to go anywhere anymore ð [SEP] anxiety has made me think of the worst case scenarios and i mean the worst anyone else has that how do i stop thinking like that [SEP] i have anxiety and especially social anxiety itâ s tiring i just want to live my life like everyone else without questioning everything all the time and without fear [SEP] tiktoks like this make me feel a little less aloneâ because having anxiety im sure no one else could feel this way [SEP] yes and when ppl say get out of your head but itâ s hard when things make u question so much more [SEP] dont be scare is our head is not real [SEP] my anxiety consumes me in every aspect of my life nothing is ever as bad as it seems in my head [SEP] do you guys get these anxiety symptoms where you canâ t breath all the way in and like it lasts for a few days or week or maybe when youâ re exercising or simply laying down,689200.0,5600000.0,21300.0,1900.0,113732.0,0,  [SEP] the anxiety is probably one of the most lonely most isolating things to have because you are your own worst enemy than you live inside your head and i know there are thousands of people out there who suffer just like me [SEP] i have health anxiety and iâ m so paranoid about everything all the phsycial symptoms of anxiety make me question my health all the time itâ s exhausting ð [SEP] anxiety has completely ruined me [SEP] anxiety has made me the most unsocialable person ever i cannot go away without being physically sick and has took the whole enjoyment out of it for me that i tend not to go anywhere anymore ð [SEP] anxiety has made me think of the worst case scenarios and i mean the worst anyone else has that how do i stop thinking like that [SEP] i have anxiety and especially social anxiety itâ s tiring i just want to live my life like everyone else without questioning everything all the time and without fear [SEP] tiktoks like this make me feel a little less aloneâ because having anxiety im sure no one else could feel this way [SEP] yes and when ppl say get out of your head but itâ s hard when things make u question so much more [SEP] dont be scare is our head is not real [SEP] my anxiety consumes me in every aspect of my life nothing is ever as bad as it seems in my head [SEP] do you guys get these anxiety symptoms where you canâ t breath all the way in and like it lasts for a few days or week or maybe when youâ re exercising or simply laying down,  [SEP] i have health anxiety and iâ m so paranoid about everything all the phsycial symptoms of anxiety make me question my health all the time itâ s exhausting ð [SEP] anxiety has completely ruined me [SEP] anxiety has made me the most unsocialable person ever i cannot go away without being physically sick and has took the whole enjoyment out of it for me that i tend not to go anywhere anymore ð [SEP] anxiety has made me think of the worst case scenarios and i mean the worst anyone else has that how do i stop thinking like that [SEP] i have anxiety and especially social anxiety itâ s tiring i just want to live my life like everyone else without questioning everything all the time and without fear [SEP] tiktoks like this make me feel a little less aloneâ because having anxiety im sure no one else could feel this way [SEP] yes and when ppl say get out of your head but itâ s hard when things make u question so much more [SEP] dont be scare is our head is not real [SEP] my anxiety consumes me in every aspect of my life nothing is ever as bad as it seems in my head [SEP] do you guys get these anxiety symptoms where you canâ t breath all the way in and like it lasts for a few days or week or maybe when youâ re exercising or simply laying down
1053.0,would anyone care #mentalhealthawareness #mensmentalhealth #healingjourney,#mentalhealthawareness #mensmentalhealth #healingjourney,he s losing himself every single day and you don t even know you all think he s so fucking strong and every day he doesn t even know who the person is staring back at him anymore he doesn t know who he is he s faking his smile he s faking i m fine he s faking everything every single day he sits in his car in the driveway trying to build up any kind of encouragement to go in and put on yet another fake smile for you and the truth is is that would anyone even care if he wasn t here would anyone even notice if he wasn t here he s sitting and he s stuck in this head up his and isolating and not knowing if anyone would give a shit whether or not his life means anything to anyone the thoughts of secondhand suicide are overwhelming and all he s doing is fighting to stay alive his lifeline is anything he can fight any god damn happiness in the only question he has is would anyone give a shit whether i m here the only question he has is would anyone give a shit whether i m here,i wish i could share this but i donâ t want nobody to know iâ m weak [SEP] protect this queen [SEP] they would notice when the pay check wasn t there [SEP] my boys are the only thing that keeps me hereâ [SEP] ever man ask his self this 1 a week [SEP] today is my birthday love off my life just forget the most important woman in my life forget not even kiss not even nothing [SEP] damn ð ³â ï a real woman here fellas [SEP] they notice when there s no money but wont notice when you are dying inside ð ð ð ð louder please [SEP] they would not miss me only when they need something you have me in tears [SEP] girls like this should be role models for tomorrow ð ð ð ð please find friend like her ð ð ð,288500.0,4500000.0,41300.0,10300.0,62920.0,0,would anyone care #mentalhealthawareness #mensmentalhealth #healingjourney #mentalhealthawareness #mensmentalhealth #healingjourney [SEP] he s losing himself every single day and you don t even know you all think he s so fucking strong and every day he doesn t even know who the person is staring back at him anymore he doesn t know who he is he s faking his smile he s faking i m fine he s faking everything every single day he sits in his car in the driveway trying to build up any kind of encouragement to go in and put on yet another fake smile for you and the truth is is that would anyone even care if he wasn t here would anyone even notice if he wasn t here he s sitting and he s stuck in this head up his and isolating and not knowing if anyone would give a shit whether or not his life means anything to anyone the thoughts of secondhand suicide are overwhelming and all he s doing is fighting to stay alive his lifeline is anything he can fight any god damn happiness in the only question he has is would anyone give a shit whether i m here the only question he has is would anyone give a shit whether i m here [SEP] i wish i could share this but i donâ t want nobody to know iâ m weak [SEP] protect this queen [SEP] they would notice when the pay check wasn t there [SEP] my boys are the only thing that keeps me hereâ [SEP] ever man ask his self this 1 a week [SEP] today is my birthday love off my life just forget the most important woman in my life forget not even kiss not even nothing [SEP] damn ð ³â ï a real woman here fellas [SEP] they notice when there s no money but wont notice when you are dying inside ð ð ð ð louder please [SEP] they would not miss me only when they need something you have me in tears [SEP] girls like this should be role models for tomorrow ð ð ð ð please find friend like her ð ð ð,would anyone care #mentalhealthawareness #mensmentalhealth #healingjourney #mentalhealthawareness #mensmentalhealth #healingjourney [SEP] i wish i could share this but i donâ t want nobody to know iâ m weak [SEP] protect this queen [SEP] they would notice when the pay check wasn t there [SEP] my boys are the only thing that keeps me hereâ [SEP] ever man ask his self this 1 a week [SEP] today is my birthday love off my life just forget the most important woman in my life forget not even kiss not even nothing [SEP] damn ð ³â ï a real woman here fellas [SEP] they notice when there s no money but wont notice when you are dying inside ð ð ð ð louder please [SEP] they would not miss me only when they need something you have me in tears [SEP] girls like this should be role models for tomorrow ð ð ð ð please find friend like her ð ð ð
1054.0,can you guys relate to that ð ï jake chocholous #mindset #mentalhealth #mensmentalhealth #relatable,# #mindset #mentalhealth #mensmentalhealth #relatable,have you ever seen that guy that when he shows up in public he looks like he s just unwavering and who he is as a man perfectly fine nothing wrong nothing could bother this guy but for one second would it surprise you that that same man will sit alone in silence maybe he s just laying there in his bed looks out his living room window and just stairs and tries to block out one more thought from entering his mind as deep down this guy is so overwhelmed and stressed he just can t find himself anymore and he s just holding in tears maybe he s saying i m just ready to give up but somehow that same man can still look you in the face smile and act like nothing has ever happened because he cares more about you than he does himself can you guys relate to that,had a very weak moment last night burned the letter this morning [SEP] yea i m that guy if you see me say hi [SEP] iâ ve seen that guy everyday in the mirror [SEP] relate let me ask you a question why should i show how am i feeling or what s in my mind if no one cares about it or happy to hear that [SEP] silent repost [SEP] i ve been numb for a bit i do the smile i do struggle there s good days there s bad days i m overwhelmed but i just count it as part of life [SEP] that s me but i m giving up actually in 73 days i m disappearing from existence ð º [SEP] you describing my latest 29 years of my life and im 44 [SEP] that s me when death comes i will tell death what took you so long [SEP] never new how many of us there were,575000.0,7100000.0,42800.0,6813.0,124569.0,0,can you guys relate to that ð ï jake chocholous #mindset #mentalhealth #mensmentalhealth #relatable # #mindset #mentalhealth #mensmentalhealth #relatable [SEP] have you ever seen that guy that when he shows up in public he looks like he s just unwavering and who he is as a man perfectly fine nothing wrong nothing could bother this guy but for one second would it surprise you that that same man will sit alone in silence maybe he s just laying there in his bed looks out his living room window and just stairs and tries to block out one more thought from entering his mind as deep down this guy is so overwhelmed and stressed he just can t find himself anymore and he s just holding in tears maybe he s saying i m just ready to give up but somehow that same man can still look you in the face smile and act like nothing has ever happened because he cares more about you than he does himself can you guys relate to that [SEP] had a very weak moment last night burned the letter this morning [SEP] yea i m that guy if you see me say hi [SEP] iâ ve seen that guy everyday in the mirror [SEP] relate let me ask you a question why should i show how am i feeling or what s in my mind if no one cares about it or happy to hear that [SEP] silent repost [SEP] i ve been numb for a bit i do the smile i do struggle there s good days there s bad days i m overwhelmed but i just count it as part of life [SEP] that s me but i m giving up actually in 73 days i m disappearing from existence ð º [SEP] you describing my latest 29 years of my life and im 44 [SEP] that s me when death comes i will tell death what took you so long [SEP] never new how many of us there were,can you guys relate to that ð ï jake chocholous #mindset #mentalhealth #mensmentalhealth #relatable # #mindset #mentalhealth #mensmentalhealth #relatable [SEP] had a very weak moment last night burned the letter this morning [SEP] yea i m that guy if you see me say hi [SEP] iâ ve seen that guy everyday in the mirror [SEP] relate let me ask you a question why should i show how am i feeling or what s in my mind if no one cares about it or happy to hear that [SEP] silent repost [SEP] i ve been numb for a bit i do the smile i do struggle there s good days there s bad days i m overwhelmed but i just count it as part of life [SEP] that s me but i m giving up actually in 73 days i m disappearing from existence ð º [SEP] you describing my latest 29 years of my life and im 44 [SEP] that s me when death comes i will tell death what took you so long [SEP] never new how many of us there were
1055.0,always at the worst moments #fyp #relatable #mentalbreakdown #anxiety #viral,#fyp #relatable #mentalbreakdown #anxiety #viral,the house is not to save where is that,scariest part is when you start getting a panic attack from holding it in for so long [SEP] its so exhausting i js want be held by someone and let it all out [SEP] i donâ t feel real [SEP] i need help â [SEP] itâ s always at night when there isnâ t anything to distract me [SEP] iâ m trying so hard to stay strong [SEP] iâ m fine one minute and the next the weight of the world is holding me down why do i feel these things so deeply i just want to be consistently happy [SEP] idk abt yall but whenever i sighed i start crying that ends up into a mental breakdown [SEP] i had a mental breakdown last night [SEP] gua berharap pacar gua nenangin gua bukan malah marah ke gua karna mood gua yang berubah2,554900.0,3500000.0,23100.0,1600.0,98629.0,0,always at the worst moments #fyp #relatable #mentalbreakdown #anxiety #viral #fyp #relatable #mentalbreakdown #anxiety #viral [SEP] the house is not to save where is that [SEP] scariest part is when you start getting a panic attack from holding it in for so long [SEP] its so exhausting i js want be held by someone and let it all out [SEP] i donâ t feel real [SEP] i need help â [SEP] itâ s always at night when there isnâ t anything to distract me [SEP] iâ m trying so hard to stay strong [SEP] iâ m fine one minute and the next the weight of the world is holding me down why do i feel these things so deeply i just want to be consistently happy [SEP] idk abt yall but whenever i sighed i start crying that ends up into a mental breakdown [SEP] i had a mental breakdown last night [SEP] gua berharap pacar gua nenangin gua bukan malah marah ke gua karna mood gua yang berubah2,always at the worst moments #fyp #relatable #mentalbreakdown #anxiety #viral #fyp #relatable #mentalbreakdown #anxiety #viral [SEP] scariest part is when you start getting a panic attack from holding it in for so long [SEP] its so exhausting i js want be held by someone and let it all out [SEP] i donâ t feel real [SEP] i need help â [SEP] itâ s always at night when there isnâ t anything to distract me [SEP] iâ m trying so hard to stay strong [SEP] iâ m fine one minute and the next the weight of the world is holding me down why do i feel these things so deeply i just want to be consistently happy [SEP] idk abt yall but whenever i sighed i start crying that ends up into a mental breakdown [SEP] i had a mental breakdown last night [SEP] gua berharap pacar gua nenangin gua bukan malah marah ke gua karna mood gua yang berubah2
1056.0,parfois la vie est insupportable #loidelattraction #texteemouvant #coeurbrise #citation #tristesse #dã pression #vie #conseil,#loidelattraction #texteemouvant #coeurbrise #citation #tristesse #dã pression #vie #conseil,i reimbuat you so low if you knew i lost control of my life my emotions i was angry i cried i yelled inside myself i had dark ideas thoughts that still scare me today i was isolated contain i got it from everything and everyone i came to aggressive i said things with flat rice and i deserve you and not i am happy not to understand myself when i myself had trouble understanding what was going on in my head i have recreated some of my choices and i still ignite my fingers today i hated myself for everything i was and what i was not i waited for help that never came and i ended up understanding that the only person i needed it was me so i stretched out an amat i was a shower heard to myself i questioned myself i got out and today i am learning a memory the path is still long but i get up very slowly,difficile de se pardonner ð ð ð [SEP] ce que je vis en ce moment ð ð [SEP] dans ce monde le meilleur duo c est dieu toi croyez moi il existe vraiment et il procure tellement de paix â ï [SEP] ð ð ð ð ð et la fin j envie de partir trã s loin avec moi [SEP] jâ ai passer par ici aussi et sa mâ a pris beaucoup de temps pour comprendre ce qui se passe dans la tãªte jâ ã tais hyper en colã re suis devenu trã s agressif mâ isoler tout soit fort ð ª [SEP] ð ð ð ð ð c est tout moi depuis 10 mois que mon homme est dã cedã [SEP] tellement ma vie malheureusement ð â ð ð [SEP] ma vie en ce moment ð ð [SEP] lorsquâ on est comme ã a ã a sâ appelle comment svp ð º [SEP] tres tres difficile ð ð,38300.0,592200.0,3839.0,318.0,13635.0,0,parfois la vie est insupportable #loidelattraction #texteemouvant #coeurbrise #citation #tristesse #dã pression #vie #conseil #loidelattraction #texteemouvant #coeurbrise #citation #tristesse #dã pression #vie #conseil [SEP] i reimbuat you so low if you knew i lost control of my life my emotions i was angry i cried i yelled inside myself i had dark ideas thoughts that still scare me today i was isolated contain i got it from everything and everyone i came to aggressive i said things with flat rice and i deserve you and not i am happy not to understand myself when i myself had trouble understanding what was going on in my head i have recreated some of my choices and i still ignite my fingers today i hated myself for everything i was and what i was not i waited for help that never came and i ended up understanding that the only person i needed it was me so i stretched out an amat i was a shower heard to myself i questioned myself i got out and today i am learning a memory the path is still long but i get up very slowly [SEP] difficile de se pardonner ð ð ð [SEP] ce que je vis en ce moment ð ð [SEP] dans ce monde le meilleur duo c est dieu toi croyez moi il existe vraiment et il procure tellement de paix â ï [SEP] ð ð ð ð ð et la fin j envie de partir trã s loin avec moi [SEP] jâ ai passer par ici aussi et sa mâ a pris beaucoup de temps pour comprendre ce qui se passe dans la tãªte jâ ã tais hyper en colã re suis devenu trã s agressif mâ isoler tout soit fort ð ª [SEP] ð ð ð ð ð c est tout moi depuis 10 mois que mon homme est dã cedã [SEP] tellement ma vie malheureusement ð â ð ð [SEP] ma vie en ce moment ð ð [SEP] lorsquâ on est comme ã a ã a sâ appelle comment svp ð º [SEP] tres tres difficile ð ð,parfois la vie est insupportable #loidelattraction #texteemouvant #coeurbrise #citation #tristesse #dã pression #vie #conseil #loidelattraction #texteemouvant #coeurbrise #citation #tristesse #dã pression #vie #conseil [SEP] difficile de se pardonner ð ð ð [SEP] ce que je vis en ce moment ð ð [SEP] dans ce monde le meilleur duo c est dieu toi croyez moi il existe vraiment et il procure tellement de paix â ï [SEP] ð ð ð ð ð et la fin j envie de partir trã s loin avec moi [SEP] jâ ai passer par ici aussi et sa mâ a pris beaucoup de temps pour comprendre ce qui se passe dans la tãªte jâ ã tais hyper en colã re suis devenu trã s agressif mâ isoler tout soit fort ð ª [SEP] ð ð ð ð ð c est tout moi depuis 10 mois que mon homme est dã cedã [SEP] tellement ma vie malheureusement ð â ð ð [SEP] ma vie en ce moment ð ð [SEP] lorsquâ on est comme ã a ã a sâ appelle comment svp ð º [SEP] tres tres difficile ð ð
1057.0,no estoy bien ð ª #paratodos #paratiiiii #colombia #venezuelað ð ª #humor #tikto #viral,#paratodos #paratiiiii #colombia #venezuelað ð ª #humor #tikto #viral,i don t want to feel my pain my pain feels horrible my pain feels like as if my date to explode as if i couldn t breathe as if everything ended no one,solo quiero un abrazo ð [SEP] si ð [SEP] si [SEP] mi para ti se estã volviendo sobre tið [SEP] siii ð ºð [SEP] sið ð ð ð ð [SEP] yo lo ãºnico que lo decã as ð º [SEP] yo tan poco estoy bienð ºð ð [SEP] chalesð ð [SEP] 3 13,8000.0,53400.0,639.0,72.0,1225.0,0,no estoy bien ð ª #paratodos #paratiiiii #colombia #venezuelað ð ª #humor #tikto #viral #paratodos #paratiiiii #colombia #venezuelað ð ª #humor #tikto #viral [SEP] i don t want to feel my pain my pain feels horrible my pain feels like as if my date to explode as if i couldn t breathe as if everything ended no one [SEP] solo quiero un abrazo ð [SEP] si ð [SEP] si [SEP] mi para ti se estã volviendo sobre tið [SEP] siii ð ºð [SEP] sið ð ð ð ð [SEP] yo lo ãºnico que lo decã as ð º [SEP] yo tan poco estoy bienð ºð ð [SEP] chalesð ð [SEP] 3 13,no estoy bien ð ª #paratodos #paratiiiii #colombia #venezuelað ð ª #humor #tikto #viral #paratodos #paratiiiii #colombia #venezuelað ð ª #humor #tikto #viral [SEP] solo quiero un abrazo ð [SEP] si ð [SEP] si [SEP] mi para ti se estã volviendo sobre tið [SEP] siii ð ºð [SEP] sið ð ð ð ð [SEP] yo lo ãºnico que lo decã as ð º [SEP] yo tan poco estoy bienð ºð ð [SEP] chalesð ð [SEP] 3 13
1058.0,ã ã ã ã ¾ã ã ã è ã ã ã ã ã ã ã ã ã ã ã ã ã ã ¾ã ï¼ ç ¾ä¼ äºº3å¹ ç ã ã ã ç ã è ºæ ã ã ã å ç ä è å é ã ã ã å¼ å å é ã ã ã ã ã ¾ã ã å ã ã ã å å¾ ã ã ã ã ã ã ã ã ã ä å¾ ã ã ç ã ã ã ã ã ã ã ã ã ã ã ã ã ã æ ã ã ã ã ¾ã ã ã ã ç ã é å é å ³ã æ ¹ã äººç ã è ã ã ã ã ã ã ã æ ¹ã ä½ ã æ ã ã ã ã ã ã ã æ ¹ã å½¼å ³ã ã é ã ã ã ã ã å é ä ã é ã ã æ ¹ã ã ã ªã ã ã ã çµ é ã ã ã ²ã ³ã ã ³ã ã è ã ã ã æ ²ã ã ã ã ï¼ #ã ã ç #é å é å ³ #å é #å æ ² #ä¼ è,#ã ã ç #é å é å ³ #å é #å æ ² #ä¼ è,i am a 25 year old working adult who is hospitalized in the psychotic party and my 25 year old girlfriend who is also hospitalized in the same sex moster but i am now seeing my roots of life as a working adult and i am now in the middle of my life and i am end up hospitalizing a co existence hospital in the school lunch hirasaka disease party i am feeling much better but i am full of anxiety about what i should do next please give me an at bee in the comments on what i should do in the future,é é ç æ ã ã æ ºå ã ã ã ã ã ã ¼ã ã ¼ã ç ã ã ã ã ã ã ªã ã ã ã ªã ã ¾ã ã ã ç ã ã ç é ã ã ã ã ã ã ã è ½ã é ã ªã ã ã æ ã ã ¾ã ã ç ã ã ªã ã ã ã ã ã ã ã ä¼ ã ã ã ã ã ã ã ï¼ [SEP] å é ä ã ã ¹ã ã ã ã ªã æ ¹ã è ã ã ã ã ã ã ç ã å½ é ã ã ã ã ã ³ã ã ³ã ã æ ã ã ã ¾ã ã ã ã ï¼ ð [SEP] ç²¾ç ç ã å ã ã ã ã ç è å ã ã ã ç é ã å é ä ã ã ã ã ã ã ã ã ã ã ä¼ ã ã ã ã ã ã ç ã ã ã é å¼µã ã ã ã è ªå ã è ã ã ã ã ã ã ã ã ã ã ã ã ã ã ã ã ã ã é é ã ã ã ã ã ã å ä å ã [SEP] ç ã ã ªã ¹ã ã ã ã ã ã ã ã å¼ å å é ã ¹ã ã ã ã ã ã æ ã ç å é å ã ä ã ã ã ã ã é å¼µã ã ð [SEP] ç ã ã ä¼ ç ¾ã ç²¾ç ç ã è ã ã ã ã ã è ºæ æ ã å ºã ã ä¼ è æ ã ã ã ¾ã ã ã ã ç ã ã ã è ªå ã äº ã ã è ã ã ã ªã ã è ã ã ç è ã ã ã ã ã ã ¾ã ã ã ã ã ã [SEP] é é ç æ ã å é é ç¹ ã è ã ã ã ã 26æ ³ã ã ã ç ã 20æ ³ã 25æ ³ã é ã é é ç æ ã ã å é é ã ç¹ ã è ã ã ã ã ¾ã ã ã ä å ã ä¼ æ ã ã ã ã ã ã ã ç½ªæ ªæ ç ã ã ã ã ã ã ªæ æ ã æº ã ã ã ã æ ã ã ¾ã ã ã ä ã ã ã ã ã ä¼ ã ã ã ã ã ã ã ä å¾ ã ã ã ã è ã ã ã ã å å¾ ã ã ã ã ã ã é ã ã ã ã ã ¾ã ã ã ã ã ã ã ä¼ ã ã ã ã ã ã ã ã [SEP] å½¼å ³ã ã ã å ä å ã ã ã ã ã ã å é ã ã ð [SEP] ã ã ã ã é ç ã ã ªã ã ã ã ¾ã ã ä åº ä¼ è ã ã ã ã ã å¾ æ ã ã ã ä ã ã ã ã ã ã ã ã ã ¾ã ã ã ã ã äº ã æ ã ã æ ªæ ã å¾ ã ã ã ã ã æ ã ã ã ã ä ã å å ã ä¼ ã ã ¾ã ã ð ð ð [SEP] é é ç æ ã ã ¹ã ã ä½ ã ã ã ç¾ ã ¾ã ã ã ã ã ¾ã ã è ªå æ ã ã ã ã å å ã ã ã ã ã æ é å ã ã ã ªã ã ã [SEP] ã ¾ã ã ã ã ã ä¼ ã ã ä ºã ç²¾ç ç é ã 4å¹ å é ã ã ã ã ã,8874.0,740500.0,44.0,320.0,694.0,0,ã ã ã ã ¾ã ã ã è ã ã ã ã ã ã ã ã ã ã ã ã ã ã ¾ã ï¼ ç ¾ä¼ äºº3å¹ ç ã ã ã ç ã è ºæ ã ã ã å ç ä è å é ã ã ã å¼ å å é ã ã ã ã ã ¾ã ã å ã ã ã å å¾ ã ã ã ã ã ã ã ã ã ä å¾ ã ã ç ã ã ã ã ã ã ã ã ã ã ã ã ã ã æ ã ã ã ã ¾ã ã ã ã ç ã é å é å ³ã æ ¹ã äººç ã è ã ã ã ã ã ã ã æ ¹ã ä½ ã æ ã ã ã ã ã ã ã æ ¹ã å½¼å ³ã ã é ã ã ã ã ã å é ä ã é ã ã æ ¹ã ã ã ªã ã ã ã çµ é ã ã ã ²ã ³ã ã ³ã ã è ã ã ã æ ²ã ã ã ã ï¼ #ã ã ç #é å é å ³ #å é #å æ ² #ä¼ è #ã ã ç #é å é å ³ #å é #å æ ² #ä¼ è [SEP] i am a 25 year old working adult who is hospitalized in the psychotic party and my 25 year old girlfriend who is also hospitalized in the same sex moster but i am now seeing my roots of life as a working adult and i am now in the middle of my life and i am end up hospitalizing a co existence hospital in the school lunch hirasaka disease party i am feeling much better but i am full of anxiety about what i should do next please give me an at bee in the comments on what i should do in the future [SEP] é é ç æ ã ã æ ºå ã ã ã ã ã ã ¼ã ã ¼ã ç ã ã ã ã ã ã ªã ã ã ã ªã ã ¾ã ã ã ç ã ã ç é ã ã ã ã ã ã ã è ½ã é ã ªã ã ã æ ã ã ¾ã ã ç ã ã ªã ã ã ã ã ã ã ã ä¼ ã ã ã ã ã ã ã ï¼ [SEP] å é ä ã ã ¹ã ã ã ã ªã æ ¹ã è ã ã ã ã ã ã ç ã å½ é ã ã ã ã ã ³ã ã ³ã ã æ ã ã ã ¾ã ã ã ã ï¼ ð [SEP] ç²¾ç ç ã å ã ã ã ã ç è å ã ã ã ç é ã å é ä ã ã ã ã ã ã ã ã ã ã ä¼ ã ã ã ã ã ã ç ã ã ã é å¼µã ã ã ã è ªå ã è ã ã ã ã ã ã ã ã ã ã ã ã ã ã ã ã ã ã é é ã ã ã ã ã ã å ä å ã [SEP] ç ã ã ªã ¹ã ã ã ã ã ã ã ã å¼ å å é ã ¹ã ã ã ã ã ã æ ã ç å é å ã ä ã ã ã ã ã é å¼µã ã ð [SEP] ç ã ã ä¼ ç ¾ã ç²¾ç ç ã è ã ã ã ã ã è ºæ æ ã å ºã ã ä¼ è æ ã ã ã ¾ã ã ã ã ç ã ã ã è ªå ã äº ã ã è ã ã ã ªã ã è ã ã ç è ã ã ã ã ã ã ¾ã ã ã ã ã ã [SEP] é é ç æ ã å é é ç¹ ã è ã ã ã ã 26æ ³ã ã ã ç ã 20æ ³ã 25æ ³ã é ã é é ç æ ã ã å é é ã ç¹ ã è ã ã ã ã ¾ã ã ã ä å ã ä¼ æ ã ã ã ã ã ã ã ç½ªæ ªæ ç ã ã ã ã ã ã ªæ æ ã æº ã ã ã ã æ ã ã ¾ã ã ã ä ã ã ã ã ã ä¼ ã ã ã ã ã ã ã ä å¾ ã ã ã ã è ã ã ã ã å å¾ ã ã ã ã ã ã é ã ã ã ã ã ¾ã ã ã ã ã ã ã ä¼ ã ã ã ã ã ã ã ã [SEP] å½¼å ³ã ã ã å ä å ã ã ã ã ã ã å é ã ã ð [SEP] ã ã ã ã é ç ã ã ªã ã ã ã ¾ã ã ä åº ä¼ è ã ã ã ã ã å¾ æ ã ã ã ä ã ã ã ã ã ã ã ã ã ¾ã ã ã ã ã äº ã æ ã ã æ ªæ ã å¾ ã ã ã ã ã æ ã ã ã ã ä ã å å ã ä¼ ã ã ¾ã ã ð ð ð [SEP] é é ç æ ã ã ¹ã ã ä½ ã ã ã ç¾ ã ¾ã ã ã ã ã ¾ã ã è ªå æ ã ã ã ã å å ã ã ã ã ã æ é å ã ã ã ªã ã ã [SEP] ã ¾ã ã ã ã ã ä¼ ã ã ä ºã ç²¾ç ç é ã 4å¹ å é ã ã ã ã ã,ã ã ã ã ¾ã ã ã è ã ã ã ã ã ã ã ã ã ã ã ã ã ã ¾ã ï¼ ç ¾ä¼ äºº3å¹ ç ã ã ã ç ã è ºæ ã ã ã å ç ä è å é ã ã ã å¼ å å é ã ã ã ã ã ¾ã ã å ã ã ã å å¾ ã ã ã ã ã ã ã ã ã ä å¾ ã ã ç ã ã ã ã ã ã ã ã ã ã ã ã ã ã æ ã ã ã ã ¾ã ã ã ã ç ã é å é å ³ã æ ¹ã äººç ã è ã ã ã ã ã ã ã æ ¹ã ä½ ã æ ã ã ã ã ã ã ã æ ¹ã å½¼å ³ã ã é ã ã ã ã ã å é ä ã é ã ã æ ¹ã ã ã ªã ã ã ã çµ é ã ã ã ²ã ³ã ã ³ã ã è ã ã ã æ ²ã ã ã ã ï¼ #ã ã ç #é å é å ³ #å é #å æ ² #ä¼ è #ã ã ç #é å é å ³ #å é #å æ ² #ä¼ è [SEP] é é ç æ ã ã æ ºå ã ã ã ã ã ã ¼ã ã ¼ã ç ã ã ã ã ã ã ªã ã ã ã ªã ã ¾ã ã ã ç ã ã ç é ã ã ã ã ã ã ã è ½ã é ã ªã ã ã æ ã ã ¾ã ã ç ã ã ªã ã ã ã ã ã ã ã ä¼ ã ã ã ã ã ã ã ï¼ [SEP] å é ä ã ã ¹ã ã ã ã ªã æ ¹ã è ã ã ã ã ã ã ç ã å½ é ã ã ã ã ã ³ã ã ³ã ã æ ã ã ã ¾ã ã ã ã ï¼ ð [SEP] ç²¾ç ç ã å ã ã ã ã ç è å ã ã ã ç é ã å é ä ã ã ã ã ã ã ã ã ã ã ä¼ ã ã ã ã ã ã ç ã ã ã é å¼µã ã ã ã è ªå ã è ã ã ã ã ã ã ã ã ã ã ã ã ã ã ã ã ã ã é é ã ã ã ã ã ã å ä å ã [SEP] ç ã ã ªã ¹ã ã ã ã ã ã ã ã å¼ å å é ã ¹ã ã ã ã ã ã æ ã ç å é å ã ä ã ã ã ã ã é å¼µã ã ð [SEP] ç ã ã ä¼ ç ¾ã ç²¾ç ç ã è ã ã ã ã ã è ºæ æ ã å ºã ã ä¼ è æ ã ã ã ¾ã ã ã ã ç ã ã ã è ªå ã äº ã ã è ã ã ã ªã ã è ã ã ç è ã ã ã ã ã ã ¾ã ã ã ã ã ã [SEP] é é ç æ ã å é é ç¹ ã è ã ã ã ã 26æ ³ã ã ã ç ã 20æ ³ã 25æ ³ã é ã é é ç æ ã ã å é é ã ç¹ ã è ã ã ã ã ¾ã ã ã ä å ã ä¼ æ ã ã ã ã ã ã ã ç½ªæ ªæ ç ã ã ã ã ã ã ªæ æ ã æº ã ã ã ã æ ã ã ¾ã ã ã ä ã ã ã ã ã ä¼ ã ã ã ã ã ã ã ä å¾ ã ã ã ã è ã ã ã ã å å¾ ã ã ã ã ã ã é ã ã ã ã ã ¾ã ã ã ã ã ã ã ä¼ ã ã ã ã ã ã ã ã [SEP] å½¼å ³ã ã ã å ä å ã ã ã ã ã ã å é ã ã ð [SEP] ã ã ã ã é ç ã ã ªã ã ã ã ¾ã ã ä åº ä¼ è ã ã ã ã ã å¾ æ ã ã ã ä ã ã ã ã ã ã ã ã ã ¾ã ã ã ã ã äº ã æ ã ã æ ªæ ã å¾ ã ã ã ã ã æ ã ã ã ã ä ã å å ã ä¼ ã ã ¾ã ã ð ð ð [SEP] é é ç æ ã ã ¹ã ã ä½ ã ã ã ç¾ ã ¾ã ã ã ã ã ¾ã ã è ªå æ ã ã ã ã å å ã ã ã ã ã æ é å ã ã ã ªã ã ã [SEP] ã ¾ã ã ã ã ã ä¼ ã ã ä ºã ç²¾ç ç é ã 4å¹ å é ã ã ã ã ã
1059.0,aquele momento ð ºð #emocionante #ajuda #ajudandopessoas #triste #edit #ghost,#emocionante #ajuda #ajudandopessoas #triste #edit #ghost,ma 6 over the glass uvarian should you shout i m breathing i knew you stepping on the last street loved me like a bird s name ass i knew you tried to cheat me in you used to win the eye i knew you even like a father loved me like a father loved me like a father,el hombre sin dinero sã³lo es amado por dios y su madre ð [SEP] a man doesnâ t talk about his problems [SEP] e nesse exato momento que jesus nos abraã a amã m irmã os [SEP] un abrazo a todos aquellos hombres que no se siente valorados ð ºð º [SEP] my fear of being unsuccessful is greater than my fear of dying [SEP] i can feel their pain bro is not easyð [SEP] zrozumie tylko ten co ma ma zrozumieä ð ª [SEP] why do i love sad videos so much ð ð º [SEP] 1 man sad all man are sad ð [SEP] a gente pensa eu vou dar um jeito,276900.0,2300000.0,6954.0,3846.0,31493.0,0,aquele momento ð ºð #emocionante #ajuda #ajudandopessoas #triste #edit #ghost #emocionante #ajuda #ajudandopessoas #triste #edit #ghost [SEP] ma 6 over the glass uvarian should you shout i m breathing i knew you stepping on the last street loved me like a bird s name ass i knew you tried to cheat me in you used to win the eye i knew you even like a father loved me like a father loved me like a father [SEP] el hombre sin dinero sã³lo es amado por dios y su madre ð [SEP] a man doesnâ t talk about his problems [SEP] e nesse exato momento que jesus nos abraã a amã m irmã os [SEP] un abrazo a todos aquellos hombres que no se siente valorados ð ºð º [SEP] my fear of being unsuccessful is greater than my fear of dying [SEP] i can feel their pain bro is not easyð [SEP] zrozumie tylko ten co ma ma zrozumieä ð ª [SEP] why do i love sad videos so much ð ð º [SEP] 1 man sad all man are sad ð [SEP] a gente pensa eu vou dar um jeito,aquele momento ð ºð #emocionante #ajuda #ajudandopessoas #triste #edit #ghost #emocionante #ajuda #ajudandopessoas #triste #edit #ghost [SEP] el hombre sin dinero sã³lo es amado por dios y su madre ð [SEP] a man doesnâ t talk about his problems [SEP] e nesse exato momento que jesus nos abraã a amã m irmã os [SEP] un abrazo a todos aquellos hombres que no se siente valorados ð ºð º [SEP] my fear of being unsuccessful is greater than my fear of dying [SEP] i can feel their pain bro is not easyð [SEP] zrozumie tylko ten co ma ma zrozumieä ð ª [SEP] why do i love sad videos so much ð ð º [SEP] 1 man sad all man are sad ð [SEP] a gente pensa eu vou dar um jeito
1060.0,you won t see me fall apart #depresion #hidingpaininsmile #real #griffrule #fypã,#depresion #hidingpaininsmile #real #griffrule #fypã,i like the rubber band until you put the word yeah it s not been i m a bad guy you won t see me move apart,im good in hiding my pain ð [SEP] how my classmate friends see me ð ð ð smiling funny how i see my self ð ð [SEP] seeing myself screaming silently every night [SEP] if you want to cry cry to allah he will listen you express that feeling to allah allah always by our side don t let one day we forget allah [SEP] i just want someone to hug me and tell it s gonna be fine [SEP] vous ne me voyez pas tomber [SEP] your edit and art are amazing [SEP] itâ s like i never smile at home but i do at school cause i donâ t want people to waste their time worrying ab me [SEP] czy tylko ja mam å zy w oczach [SEP] school is draining us,827000.0,4900000.0,23600.0,2880.0,158842.0,0,you won t see me fall apart #depresion #hidingpaininsmile #real #griffrule #fypã #depresion #hidingpaininsmile #real #griffrule #fypã [SEP] i like the rubber band until you put the word yeah it s not been i m a bad guy you won t see me move apart [SEP] im good in hiding my pain ð [SEP] how my classmate friends see me ð ð ð smiling funny how i see my self ð ð [SEP] seeing myself screaming silently every night [SEP] if you want to cry cry to allah he will listen you express that feeling to allah allah always by our side don t let one day we forget allah [SEP] i just want someone to hug me and tell it s gonna be fine [SEP] vous ne me voyez pas tomber [SEP] your edit and art are amazing [SEP] itâ s like i never smile at home but i do at school cause i donâ t want people to waste their time worrying ab me [SEP] czy tylko ja mam å zy w oczach [SEP] school is draining us,you won t see me fall apart #depresion #hidingpaininsmile #real #griffrule #fypã #depresion #hidingpaininsmile #real #griffrule #fypã [SEP] im good in hiding my pain ð [SEP] how my classmate friends see me ð ð ð smiling funny how i see my self ð ð [SEP] seeing myself screaming silently every night [SEP] if you want to cry cry to allah he will listen you express that feeling to allah allah always by our side don t let one day we forget allah [SEP] i just want someone to hug me and tell it s gonna be fine [SEP] vous ne me voyez pas tomber [SEP] your edit and art are amazing [SEP] itâ s like i never smile at home but i do at school cause i donâ t want people to waste their time worrying ab me [SEP] czy tylko ja mam å zy w oczach [SEP] school is draining us
1061.0,#depressed #imdone #heartbroken #knowyourworth #motivation #sad #quotes #deepthoughtquotes #foryou #fyp #motivetion,#depressed #imdone #heartbroken #knowyourworth #motivation #sad #quotes #deepthoughtquotes #foryou #fyp #motivetion,i don t wanna say goodbye cause this one means forever now you,worst part if you have a pain you don t have friends ð º [SEP] since the year started this is my condition ð ð ð [SEP] day by day iâ m losing myself nobody can understand my pain ð [SEP] iâ m really losing myself ð ¹ð feel your pain ð ð ªð ¹ [SEP] i believe i will pass this stage ð ºð ºð º [SEP] and when you try to explain it no one understands [SEP] my current situation i really don t know what to do ð ð [SEP] sometimes i donâ t like watching tiktok cuz if i see young girls are crying i canâ t ð ð i ask myself why we the women suffer the most ð ð º [SEP] that s me now everyday and forever [SEP] smone shud help me coz am so depressed it s 3 months now but i can t accept it i miss u the father of my kids ð ð ð ð ð ð ð,426900.0,10700000.0,64400.0,1786.0,61099.0,1,#depressed #imdone #heartbroken #knowyourworth #motivation #sad #quotes #deepthoughtquotes #foryou #fyp #motivetion #depressed #imdone #heartbroken #knowyourworth #motivation #sad #quotes #deepthoughtquotes #foryou #fyp #motivetion [SEP] i don t wanna say goodbye cause this one means forever now you [SEP] worst part if you have a pain you don t have friends ð º [SEP] since the year started this is my condition ð ð ð [SEP] day by day iâ m losing myself nobody can understand my pain ð [SEP] iâ m really losing myself ð ¹ð feel your pain ð ð ªð ¹ [SEP] i believe i will pass this stage ð ºð ºð º [SEP] and when you try to explain it no one understands [SEP] my current situation i really don t know what to do ð ð [SEP] sometimes i donâ t like watching tiktok cuz if i see young girls are crying i canâ t ð ð i ask myself why we the women suffer the most ð ð º [SEP] that s me now everyday and forever [SEP] smone shud help me coz am so depressed it s 3 months now but i can t accept it i miss u the father of my kids ð ð ð ð ð ð ð,#depressed #imdone #heartbroken #knowyourworth #motivation #sad #quotes #deepthoughtquotes #foryou #fyp #motivetion #depressed #imdone #heartbroken #knowyourworth #motivation #sad #quotes #deepthoughtquotes #foryou #fyp #motivetion [SEP] worst part if you have a pain you don t have friends ð º [SEP] since the year started this is my condition ð ð ð [SEP] day by day iâ m losing myself nobody can understand my pain ð [SEP] iâ m really losing myself ð ¹ð feel your pain ð ð ªð ¹ [SEP] i believe i will pass this stage ð ºð ºð º [SEP] and when you try to explain it no one understands [SEP] my current situation i really don t know what to do ð ð [SEP] sometimes i donâ t like watching tiktok cuz if i see young girls are crying i canâ t ð ð i ask myself why we the women suffer the most ð ð º [SEP] that s me now everyday and forever [SEP] smone shud help me coz am so depressed it s 3 months now but i can t accept it i miss u the father of my kids ð ð ð ð ð ð ð
1062.0,il yâ a des moments ou tu ressens lâ envie de tâ ã loigner de tout #solitude #depression #triste #veritã,#solitude #depression #triste #veritã,there are times when you feel only one desire you are listened with everything and everyone sometimes life puts you so much pressure that you just need to breathe escape an impression that everything becomes too heavy that everything falls on you at the same time so you dream of going away cutting the bridges even just for a moment it happens to everyone this need to step back to find yourself to take a break to feel you on yourself it is normal to want calm tranquility to disconnect from the concerns and expectations of others take this time for you listen to yourself recharge your batteries after all there is nothing more important than taking care of yourself,parfois il faut savoir rester seul pour mieux prendre soin de soi et se retrouver ð [SEP] je vie cette situation actuellement je pleure chaque nuit je me sent seule jâ ai pas dâ ami je nâ est personne sur qui mâ ã pauler ð [SEP] 4 h 28 pendant que tout le monde dort je suis la ã mã diter triste rã alitã ð ð ð ð [SEP] la solitude est un endroit de purification [SEP] c est vrai il faut mais je ne sais pas faire je ne sais pas prendre soin de moi [SEP] la vie c est vraiment pas facile [SEP] des fois je me demande pourquoi jâ existe je me sens tellement seul que ã a fait trop mal ð ð [SEP] je confirme [SEP] je m ã loigne depuis des annã es depuis la perte de ma maman je m ã loigne encore plus besoin de me recentrer sur moi et ma vie actuelle le monde d aujourd hui est cruel c est chacun pour soi l entraide et la solidaritã disparaã t au fur et ã mesure [SEP] c est exactement ã a et jeudi je pars pour 4 jours en montagne moi toute seule pour me retrouver j en ai grand besoin ð ð,87000.0,2000000.0,19900.0,1114.0,22518.0,0,il yâ a des moments ou tu ressens lâ envie de tâ ã loigner de tout #solitude #depression #triste #veritã #solitude #depression #triste #veritã [SEP] there are times when you feel only one desire you are listened with everything and everyone sometimes life puts you so much pressure that you just need to breathe escape an impression that everything becomes too heavy that everything falls on you at the same time so you dream of going away cutting the bridges even just for a moment it happens to everyone this need to step back to find yourself to take a break to feel you on yourself it is normal to want calm tranquility to disconnect from the concerns and expectations of others take this time for you listen to yourself recharge your batteries after all there is nothing more important than taking care of yourself [SEP] parfois il faut savoir rester seul pour mieux prendre soin de soi et se retrouver ð [SEP] je vie cette situation actuellement je pleure chaque nuit je me sent seule jâ ai pas dâ ami je nâ est personne sur qui mâ ã pauler ð [SEP] 4 h 28 pendant que tout le monde dort je suis la ã mã diter triste rã alitã ð ð ð ð [SEP] la solitude est un endroit de purification [SEP] c est vrai il faut mais je ne sais pas faire je ne sais pas prendre soin de moi [SEP] la vie c est vraiment pas facile [SEP] des fois je me demande pourquoi jâ existe je me sens tellement seul que ã a fait trop mal ð ð [SEP] je confirme [SEP] je m ã loigne depuis des annã es depuis la perte de ma maman je m ã loigne encore plus besoin de me recentrer sur moi et ma vie actuelle le monde d aujourd hui est cruel c est chacun pour soi l entraide et la solidaritã disparaã t au fur et ã mesure [SEP] c est exactement ã a et jeudi je pars pour 4 jours en montagne moi toute seule pour me retrouver j en ai grand besoin ð ð,il yâ a des moments ou tu ressens lâ envie de tâ ã loigner de tout #solitude #depression #triste #veritã #solitude #depression #triste #veritã [SEP] parfois il faut savoir rester seul pour mieux prendre soin de soi et se retrouver ð [SEP] je vie cette situation actuellement je pleure chaque nuit je me sent seule jâ ai pas dâ ami je nâ est personne sur qui mâ ã pauler ð [SEP] 4 h 28 pendant que tout le monde dort je suis la ã mã diter triste rã alitã ð ð ð ð [SEP] la solitude est un endroit de purification [SEP] c est vrai il faut mais je ne sais pas faire je ne sais pas prendre soin de moi [SEP] la vie c est vraiment pas facile [SEP] des fois je me demande pourquoi jâ existe je me sens tellement seul que ã a fait trop mal ð ð [SEP] je confirme [SEP] je m ã loigne depuis des annã es depuis la perte de ma maman je m ã loigne encore plus besoin de me recentrer sur moi et ma vie actuelle le monde d aujourd hui est cruel c est chacun pour soi l entraide et la solidaritã disparaã t au fur et ã mesure [SEP] c est exactement ã a et jeudi je pars pour 4 jours en montagne moi toute seule pour me retrouver j en ai grand besoin ð ð
1063.0,la dã pression â ï â ð ¹ #ephoria #yourpage #fypã #quotes #viral #pourtoii #fypage #fypã #depression #fypã ã viral #viralvideo #pourtoi,#ephoria #yourpage #fypã #quotes #viral #pourtoii #fypage #fypã #depression #fypã ã viral #viralvideo #pourtoi,the worst from the depression it is that even if we know that we are depressed we cannot prevent this depression from worsening the other thing you have to know about depression is that it causes the notion of time to waste oh you listen to me suddenly the days without chevet and form an endless and suffocating loop,les diagnostiquã s ici ð ð [SEP] la depression souriante [SEP] jv lã cher [SEP] je sais mãªme pas si je suis en dã pression mais vu mon ã tat mental je pense que oui ð [SEP] regarder euphoria [SEP] je crois que je suis dans le dã ni [SEP] sa fait plusieurs annã es que je ressens constamment un sentiment de vide en moi jâ ai beau essayer dâ avoir un but dans la vie mais sa dure seulement trã s peu de temps [SEP] jâ ai la dã pression souriante depuis 2 mois [SEP] 10 ans que je suis en dã pression vraiment jâ en peux plus ã a mâ empãªche dâ avancer je survie jâ ai goã t ã rien ð ð [SEP] on republie dans la tete,52500.0,692500.0,3723.0,636.0,11428.0,0,la dã pression â ï â ð ¹ #ephoria #yourpage #fypã #quotes #viral #pourtoii #fypage #fypã #depression #fypã ã viral #viralvideo #pourtoi #ephoria #yourpage #fypã #quotes #viral #pourtoii #fypage #fypã #depression #fypã ã viral #viralvideo #pourtoi [SEP] the worst from the depression it is that even if we know that we are depressed we cannot prevent this depression from worsening the other thing you have to know about depression is that it causes the notion of time to waste oh you listen to me suddenly the days without chevet and form an endless and suffocating loop [SEP] les diagnostiquã s ici ð ð [SEP] la depression souriante [SEP] jv lã cher [SEP] je sais mãªme pas si je suis en dã pression mais vu mon ã tat mental je pense que oui ð [SEP] regarder euphoria [SEP] je crois que je suis dans le dã ni [SEP] sa fait plusieurs annã es que je ressens constamment un sentiment de vide en moi jâ ai beau essayer dâ avoir un but dans la vie mais sa dure seulement trã s peu de temps [SEP] jâ ai la dã pression souriante depuis 2 mois [SEP] 10 ans que je suis en dã pression vraiment jâ en peux plus ã a mâ empãªche dâ avancer je survie jâ ai goã t ã rien ð ð [SEP] on republie dans la tete,la dã pression â ï â ð ¹ #ephoria #yourpage #fypã #quotes #viral #pourtoii #fypage #fypã #depression #fypã ã viral #viralvideo #pourtoi #ephoria #yourpage #fypã #quotes #viral #pourtoii #fypage #fypã #depression #fypã ã viral #viralvideo #pourtoi [SEP] les diagnostiquã s ici ð ð [SEP] la depression souriante [SEP] jv lã cher [SEP] je sais mãªme pas si je suis en dã pression mais vu mon ã tat mental je pense que oui ð [SEP] regarder euphoria [SEP] je crois que je suis dans le dã ni [SEP] sa fait plusieurs annã es que je ressens constamment un sentiment de vide en moi jâ ai beau essayer dâ avoir un but dans la vie mais sa dure seulement trã s peu de temps [SEP] jâ ai la dã pression souriante depuis 2 mois [SEP] 10 ans que je suis en dã pression vraiment jâ en peux plus ã a mâ empãªche dâ avancer je survie jâ ai goã t ã rien ð ð [SEP] on republie dans la tete
1064.0,sometimes #mentalhealth #mentalhealthmatters #solitude #quiet #healing #myjourney #loveyourself #selflove #inspirational #inspirationalquotes #inspirationalvideo #love #quotes #lifequotes #depressed #sadquotes #depressionanxiety #fy #fyp #foryou #foryoupage #fypage #walterwhite,#mentalhealth #mentalhealthmatters #solitude #quiet #healing #myjourney #loveyourself #selflove #inspirational #inspirationalquotes #inspirationalvideo #love #quotes #lifequotes #depressed #sadquotes #depressionanxiety #fy #fyp #foryou #foryoupage #fypage #walterwhite,sometimes it feels better not to talk at all about anything to anyone,that s right [SEP] 100 agree [SEP] true some are just judging you [SEP] facts cause once you talk about it it all becomes real and itâ s hard to accept that stuff [SEP] there is no light without dark there is no joy without pain you can t see a rainbow without a little rain andrew tate [SEP] therapy doesnt work i wish they would understand [SEP] i just be in my own world [SEP] yep me keep to myself [SEP] silence is very therapeutic i find it comforting specifically with my favorite person [SEP] indeed thats what i do after rejections now freeing from toxic siruation god is good ð,186300.0,4900000.0,28700.0,608.0,37545.0,0,sometimes #mentalhealth #mentalhealthmatters #solitude #quiet #healing #myjourney #loveyourself #selflove #inspirational #inspirationalquotes #inspirationalvideo #love #quotes #lifequotes #depressed #sadquotes #depressionanxiety #fy #fyp #foryou #foryoupage #fypage #walterwhite #mentalhealth #mentalhealthmatters #solitude #quiet #healing #myjourney #loveyourself #selflove #inspirational #inspirationalquotes #inspirationalvideo #love #quotes #lifequotes #depressed #sadquotes #depressionanxiety #fy #fyp #foryou #foryoupage #fypage #walterwhite [SEP] sometimes it feels better not to talk at all about anything to anyone [SEP] that s right [SEP] 100 agree [SEP] true some are just judging you [SEP] facts cause once you talk about it it all becomes real and itâ s hard to accept that stuff [SEP] there is no light without dark there is no joy without pain you can t see a rainbow without a little rain andrew tate [SEP] therapy doesnt work i wish they would understand [SEP] i just be in my own world [SEP] yep me keep to myself [SEP] silence is very therapeutic i find it comforting specifically with my favorite person [SEP] indeed thats what i do after rejections now freeing from toxic siruation god is good ð,sometimes #mentalhealth #mentalhealthmatters #solitude #quiet #healing #myjourney #loveyourself #selflove #inspirational #inspirationalquotes #inspirationalvideo #love #quotes #lifequotes #depressed #sadquotes #depressionanxiety #fy #fyp #foryou #foryoupage #fypage #walterwhite #mentalhealth #mentalhealthmatters #solitude #quiet #healing #myjourney #loveyourself #selflove #inspirational #inspirationalquotes #inspirationalvideo #love #quotes #lifequotes #depressed #sadquotes #depressionanxiety #fy #fyp #foryou #foryoupage #fypage #walterwhite [SEP] that s right [SEP] 100 agree [SEP] true some are just judging you [SEP] facts cause once you talk about it it all becomes real and itâ s hard to accept that stuff [SEP] there is no light without dark there is no joy without pain you can t see a rainbow without a little rain andrew tate [SEP] therapy doesnt work i wish they would understand [SEP] i just be in my own world [SEP] yep me keep to myself [SEP] silence is very therapeutic i find it comforting specifically with my favorite person [SEP] indeed thats what i do after rejections now freeing from toxic siruation god is good ð
1065.0,je nâ en peux plus pã re relã ve moi ð ð ½â â ï â ï #tiktokchretiensâ ï â ï,#tiktokchretiensâ ï â ï,song,comment vous faites pour filmer ces instants comment vous faites parce que ã a vient brusquement ce sentiment de vouloir crier et pleurer [SEP] je te comprend ds la mãªme situation je suis en dã pression et personne a qui parler je souffre tellement [SEP] â â venez ã moi vous qui ãªtes fatiguã je vous donnerai du reposâ â que jã sus te console et te rã conforte car lui seul sait ce que tu traverses ð ð ½â ï [SEP] pourquoi tu te retiens fais le cries ã a te fera du bien [SEP] on nâ a beau ãªtre des femmes forte pour nos enfants nos familles parfois on craque ð ð ð [SEP] jâ ã tais dans cette situation mais je peux vous assurer quâ il y a toujours la lumiã re au bout du tunnel ma så ur ne perd pas confiance et nâ oublie pas que lâ ennemi veut nous dã stabiliser mentalement [SEP] mon combat de tout les joursð [SEP] la dã pression est une choses vraiment inexplicable que le seigneur nous en dã livre ð [SEP] j aimerais tellement te consulter prier avec toi gagner ensemble cette bataille la solution ã ton problã me existe il suffit de rencontrer ce bon canal par lequel le seigneur passera pour tparler [SEP] pleurer ne changera rien mais la priã re peut tout changer alors prie pleure dans la prã sence de dieu,332300.0,5600000.0,14700.0,7879.0,36584.0,0,je nâ en peux plus pã re relã ve moi ð ð ½â â ï â ï #tiktokchretiensâ ï â ï #tiktokchretiensâ ï â ï [SEP] song [SEP] comment vous faites pour filmer ces instants comment vous faites parce que ã a vient brusquement ce sentiment de vouloir crier et pleurer [SEP] je te comprend ds la mãªme situation je suis en dã pression et personne a qui parler je souffre tellement [SEP] â â venez ã moi vous qui ãªtes fatiguã je vous donnerai du reposâ â que jã sus te console et te rã conforte car lui seul sait ce que tu traverses ð ð ½â ï [SEP] pourquoi tu te retiens fais le cries ã a te fera du bien [SEP] on nâ a beau ãªtre des femmes forte pour nos enfants nos familles parfois on craque ð ð ð [SEP] jâ ã tais dans cette situation mais je peux vous assurer quâ il y a toujours la lumiã re au bout du tunnel ma så ur ne perd pas confiance et nâ oublie pas que lâ ennemi veut nous dã stabiliser mentalement [SEP] mon combat de tout les joursð [SEP] la dã pression est une choses vraiment inexplicable que le seigneur nous en dã livre ð [SEP] j aimerais tellement te consulter prier avec toi gagner ensemble cette bataille la solution ã ton problã me existe il suffit de rencontrer ce bon canal par lequel le seigneur passera pour tparler [SEP] pleurer ne changera rien mais la priã re peut tout changer alors prie pleure dans la prã sence de dieu,je nâ en peux plus pã re relã ve moi ð ð ½â â ï â ï #tiktokchretiensâ ï â ï #tiktokchretiensâ ï â ï [SEP] comment vous faites pour filmer ces instants comment vous faites parce que ã a vient brusquement ce sentiment de vouloir crier et pleurer [SEP] je te comprend ds la mãªme situation je suis en dã pression et personne a qui parler je souffre tellement [SEP] â â venez ã moi vous qui ãªtes fatiguã je vous donnerai du reposâ â que jã sus te console et te rã conforte car lui seul sait ce que tu traverses ð ð ½â ï [SEP] pourquoi tu te retiens fais le cries ã a te fera du bien [SEP] on nâ a beau ãªtre des femmes forte pour nos enfants nos familles parfois on craque ð ð ð [SEP] jâ ã tais dans cette situation mais je peux vous assurer quâ il y a toujours la lumiã re au bout du tunnel ma så ur ne perd pas confiance et nâ oublie pas que lâ ennemi veut nous dã stabiliser mentalement [SEP] mon combat de tout les joursð [SEP] la dã pression est une choses vraiment inexplicable que le seigneur nous en dã livre ð [SEP] j aimerais tellement te consulter prier avec toi gagner ensemble cette bataille la solution ã ton problã me existe il suffit de rencontrer ce bon canal par lequel le seigneur passera pour tparler [SEP] pleurer ne changera rien mais la priã re peut tout changer alors prie pleure dans la prã sence de dieu
1066.0,#pourtoi #vivi_la_queen_off #coeurbrisã #motivation #vivi_la_queen_officiel #viral,#pourtoi #vivi_la_queen_off #coeurbrisã #motivation #vivi_la_queen_officiel #viral,we ready to die for him while he is why i hate the idea of â â falling in love because men always use women in love the person you love the most always hurts you the person you are emotionally attached benefits from your sentimental weakness all men are the same they know how to eat their way of loving every day they are only to lose a person,c est ce que je subit actuellement ð º [SEP] je suis incapable de l oublier je souffre tellement je l aime ð º [SEP] oh seigneur ã pargne moi de cette douleur [SEP] ã a raconte mon histoire ð ð ð ð [SEP] jâ ai tellement pleurã que maintenant jâ ai plus la force de pleurer ð ºð [SEP] ã a me fait peur je l aime de toutes mes forces j espã re que ã a n arrivera pas ð je nous souhaite le meilleur ð ð ð ð ð [SEP] apprendre ã s aimer d abord avant d aimer qui que ce soit soit un mystã re pour l homme si tu ne veux pas souffrir [SEP] c vrai aprã s on est vraiment dã truite ð ð [SEP] je suis totalement dâ accord maintenant je ne crois plus ã lâ amour [SEP] une amour sans limiteð fav meh,75000.0,1100000.0,13000.0,710.0,6427.0,0,#pourtoi #vivi_la_queen_off #coeurbrisã #motivation #vivi_la_queen_officiel #viral #pourtoi #vivi_la_queen_off #coeurbrisã #motivation #vivi_la_queen_officiel #viral [SEP] we ready to die for him while he is why i hate the idea of â â falling in love because men always use women in love the person you love the most always hurts you the person you are emotionally attached benefits from your sentimental weakness all men are the same they know how to eat their way of loving every day they are only to lose a person [SEP] c est ce que je subit actuellement ð º [SEP] je suis incapable de l oublier je souffre tellement je l aime ð º [SEP] oh seigneur ã pargne moi de cette douleur [SEP] ã a raconte mon histoire ð ð ð ð [SEP] jâ ai tellement pleurã que maintenant jâ ai plus la force de pleurer ð ºð [SEP] ã a me fait peur je l aime de toutes mes forces j espã re que ã a n arrivera pas ð je nous souhaite le meilleur ð ð ð ð ð [SEP] apprendre ã s aimer d abord avant d aimer qui que ce soit soit un mystã re pour l homme si tu ne veux pas souffrir [SEP] c vrai aprã s on est vraiment dã truite ð ð [SEP] je suis totalement dâ accord maintenant je ne crois plus ã lâ amour [SEP] une amour sans limiteð fav meh,#pourtoi #vivi_la_queen_off #coeurbrisã #motivation #vivi_la_queen_officiel #viral #pourtoi #vivi_la_queen_off #coeurbrisã #motivation #vivi_la_queen_officiel #viral [SEP] c est ce que je subit actuellement ð º [SEP] je suis incapable de l oublier je souffre tellement je l aime ð º [SEP] oh seigneur ã pargne moi de cette douleur [SEP] ã a raconte mon histoire ð ð ð ð [SEP] jâ ai tellement pleurã que maintenant jâ ai plus la force de pleurer ð ºð [SEP] ã a me fait peur je l aime de toutes mes forces j espã re que ã a n arrivera pas ð je nous souhaite le meilleur ð ð ð ð ð [SEP] apprendre ã s aimer d abord avant d aimer qui que ce soit soit un mystã re pour l homme si tu ne veux pas souffrir [SEP] c vrai aprã s on est vraiment dã truite ð ð [SEP] je suis totalement dâ accord maintenant je ne crois plus ã lâ amour [SEP] une amour sans limiteð fav meh
1067.0,alors â â ï crã dit juste un type fade,,5 quick ways to die without pain why don t you care thick why do you still have here listen to me what broke you at this point damn i say that at your place i would have thick care i think that i would even have been sitting carefully to study each of my exit options but i do not think it is the solution i know that a crumb row whether it is by love absence or death is like breaking every bone of the leg every new day each new part we amal or want you to stop repaired i do not know if we can repair people but i think we can learn to walk by lodging and even running one day it starts by it s nothing a little more that it is coming to you we find a crutch we find someone who makes us laugh you will get there i am proud of time it s okay and it s llousinid,et les 5 faã ons elle sont ou [SEP] alors â â ï [SEP] ze nâ en peux deux la vie laisser mwa partir svp ð ð [SEP] je voulais savoir [SEP] oui je veux que ã a sâ arrãªte je croiyais que je commencer ã aller mieux mais enfaite non je perd espoir [SEP] ducou ses quoi les 5 faã on svp [SEP] oui ze veut [SEP] donne les 5 faã ons stpâ [SEP] cool mais donne les 5 faã ons stp [SEP] les gens sa sert a rien de vouloir mettre fin ã vos jours dites vous que câ est ne quâ ã phã mã re le bonheur arrive vous allez y arriver les gars,143100.0,1000000.0,8361.0,6478.0,35717.0,0,alors â â ï crã dit juste un type fade  [SEP] 5 quick ways to die without pain why don t you care thick why do you still have here listen to me what broke you at this point damn i say that at your place i would have thick care i think that i would even have been sitting carefully to study each of my exit options but i do not think it is the solution i know that a crumb row whether it is by love absence or death is like breaking every bone of the leg every new day each new part we amal or want you to stop repaired i do not know if we can repair people but i think we can learn to walk by lodging and even running one day it starts by it s nothing a little more that it is coming to you we find a crutch we find someone who makes us laugh you will get there i am proud of time it s okay and it s llousinid [SEP] et les 5 faã ons elle sont ou [SEP] alors â â ï [SEP] ze nâ en peux deux la vie laisser mwa partir svp ð ð [SEP] je voulais savoir [SEP] oui je veux que ã a sâ arrãªte je croiyais que je commencer ã aller mieux mais enfaite non je perd espoir [SEP] ducou ses quoi les 5 faã on svp [SEP] oui ze veut [SEP] donne les 5 faã ons stpâ [SEP] cool mais donne les 5 faã ons stp [SEP] les gens sa sert a rien de vouloir mettre fin ã vos jours dites vous que câ est ne quâ ã phã mã re le bonheur arrive vous allez y arriver les gars,alors â â ï crã dit juste un type fade  [SEP] et les 5 faã ons elle sont ou [SEP] alors â â ï [SEP] ze nâ en peux deux la vie laisser mwa partir svp ð ð [SEP] je voulais savoir [SEP] oui je veux que ã a sâ arrãªte je croiyais que je commencer ã aller mieux mais enfaite non je perd espoir [SEP] ducou ses quoi les 5 faã on svp [SEP] oui ze veut [SEP] donne les 5 faã ons stpâ [SEP] cool mais donne les 5 faã ons stp [SEP] les gens sa sert a rien de vouloir mettre fin ã vos jours dites vous que câ est ne quâ ã phã mã re le bonheur arrive vous allez y arriver les gars
1068.0,,,5 quick ways to die without pain why don t you care thick why do you still have here listen to me what broke you at this point damn i say that at your place i would have thick care i think that i would even have been sitting carefully to study each of my exit options but i do not think it is the solution i know that a crumb row whether it is by love absence or death is like breaking every bone of the leg every new day each new part we amal or want you to stop repaired i do not know if we can repair people but i think we can learn to walk by lodging and even running one day it starts by it s nothing a little more that it is coming to you we find a crutch we find someone who makes us laugh you will get there i am proud of time it s okay and it s llousinid,girlâ i know is hard but i promise it will be better soon and iâ m really worried about you x [SEP] girl you are one of my favorite people remember that you have a lot of cool people if something happens write to me kitty [SEP] zerwala od tamtego momentu jest coraz gorzej [SEP] ð ð ½â ð ²ð [SEP] fucking lifeð ð ð,300.0,2013.0,20.0,8.0,45.0,1,  [SEP] 5 quick ways to die without pain why don t you care thick why do you still have here listen to me what broke you at this point damn i say that at your place i would have thick care i think that i would even have been sitting carefully to study each of my exit options but i do not think it is the solution i know that a crumb row whether it is by love absence or death is like breaking every bone of the leg every new day each new part we amal or want you to stop repaired i do not know if we can repair people but i think we can learn to walk by lodging and even running one day it starts by it s nothing a little more that it is coming to you we find a crutch we find someone who makes us laugh you will get there i am proud of time it s okay and it s llousinid [SEP] girlâ i know is hard but i promise it will be better soon and iâ m really worried about you x [SEP] girl you are one of my favorite people remember that you have a lot of cool people if something happens write to me kitty [SEP] zerwala od tamtego momentu jest coraz gorzej [SEP] ð ð ½â ð ²ð [SEP] fucking lifeð ð ð,  [SEP] girlâ i know is hard but i promise it will be better soon and iâ m really worried about you x [SEP] girl you are one of my favorite people remember that you have a lot of cool people if something happens write to me kitty [SEP] zerwala od tamtego momentu jest coraz gorzej [SEP] ð ð ½â ð ²ð [SEP] fucking lifeð ð ð
1069.0,ð #triste #ð #fy #fypã,#triste #ð #fy #fypã,i m fucking hate like bro i have no friends i have nobody to talk to i am so anti social to this side i stay in my fucking room all day,ù ù ø ù ù ù â ù ù ø ù ù ø ø ù ù ø¹ø ð ð [SEP] ù ù ø ù ù ù ø ù ø ù ø ù ù â ù ù ø ù ø ù ø¹ù ù ø ø ù ø ù ø øªø³ â [SEP] ø ø ù ù ù ø ø øª ø ù ù ù ø ù ù [SEP] ù ù ø ù ù ù ù ø ø ù ù ù ø øµø ù ø ø ù ù ù ù ø¹ù ø ù ù ù ø øªù ù ù ø ù ø ù ù ù ø ù ù ù [SEP] ø¹ø ø ù ø ø ù ù ù ø³ ø ù ø ù ø ø³ ø ù øªù ø¹ù ù ø ù ø ù ù ù ø ø¹ø ø øºø ù øªù ù ù øªø øªøºù ù ù ø³ø ø¹ù ø ù ù ù ù ð [SEP] ø³ù ù ø ù ù ø ù ø ù ø ù ù ù ù ù ù ð [SEP] ù ù ø ø ø ø ù ù ù øµø ø ù ø ù ø ð ð ð [SEP] ù ù ø ù ù ù ð ð ð [SEP] øµø ù ø øªù ù ù ð [SEP] ø ù ø øµø ù ù ù ù ù ù ù ø³ ù ù øµø ù ù â ï ð,35100.0,398400.0,4199.0,1264.0,4799.0,1,ð #triste #ð #fy #fypã #triste #ð #fy #fypã [SEP] i m fucking hate like bro i have no friends i have nobody to talk to i am so anti social to this side i stay in my fucking room all day [SEP] ù ù ø ù ù ù â ù ù ø ù ù ø ø ù ù ø¹ø ð ð [SEP] ù ù ø ù ù ù ø ù ø ù ø ù ù â ù ù ø ù ø ù ø¹ù ù ø ø ù ø ù ø øªø³ â [SEP] ø ø ù ù ù ø ø øª ø ù ù ù ø ù ù [SEP] ù ù ø ù ù ù ù ø ø ù ù ù ø øµø ù ø ø ù ù ù ù ø¹ù ø ù ù ù ø øªù ù ù ø ù ø ù ù ù ø ù ù ù [SEP] ø¹ø ø ù ø ø ù ù ù ø³ ø ù ø ù ø ø³ ø ù øªù ø¹ù ù ø ù ø ù ù ù ø ø¹ø ø øºø ù øªù ù ù øªø øªøºù ù ù ø³ø ø¹ù ø ù ù ù ù ð [SEP] ø³ù ù ø ù ù ø ù ø ù ø ù ù ù ù ù ù ð [SEP] ù ù ø ø ø ø ù ù ù øµø ø ù ø ù ø ð ð ð [SEP] ù ù ø ù ù ù ð ð ð [SEP] øµø ù ø øªù ù ù ð [SEP] ø ù ø øµø ù ù ù ù ù ù ù ø³ ù ù øµø ù ù â ï ð,ð #triste #ð #fy #fypã #triste #ð #fy #fypã [SEP] ù ù ø ù ù ù â ù ù ø ù ù ø ø ù ù ø¹ø ð ð [SEP] ù ù ø ù ù ù ø ù ø ù ø ù ù â ù ù ø ù ø ù ø¹ù ù ø ø ù ø ù ø øªø³ â [SEP] ø ø ù ù ù ø ø øª ø ù ù ù ø ù ù [SEP] ù ù ø ù ù ù ù ø ø ù ù ù ø øµø ù ø ø ù ù ù ù ø¹ù ø ù ù ù ø øªù ù ù ø ù ø ù ù ù ø ù ù ù [SEP] ø¹ø ø ù ø ø ù ù ù ø³ ø ù ø ù ø ø³ ø ù øªù ø¹ù ù ø ù ø ù ù ù ø ø¹ø ø øºø ù øªù ù ù øªø øªøºù ù ù ø³ø ø¹ù ø ù ù ù ù ð [SEP] ø³ù ù ø ù ù ø ù ø ù ø ù ù ù ù ù ù ð [SEP] ù ù ø ø ø ø ù ù ù øµø ø ù ø ù ø ð ð ð [SEP] ù ù ø ù ù ù ð ð ð [SEP] øµø ù ø øªù ù ù ð [SEP] ø ù ø øµø ù ù ù ù ù ù ù ø³ ù ù øµø ù ù â ï ð
1070.0,#fyp #fyppppppppppppppppppppppp #foru #fypppppppppppppp #foryou #venting #vent #mentalhealthmatters #suicideprevention,#fyp #fyppppppppppppppppppppppp #foru #fypppppppppppppp #foryou #venting #vent #mentalhealthmatters #suicideprevention,i tried to kill myself two days ago it was never been more alone,i can t be the dead friend i can t be the dead daughter i can t be the dead cousin i can t be the dead student i can t be the dead sister i can t be the dead classmate but i m so tired iâ m in pain [SEP] he ended up cheating on me and told the girl ever [SEP] she cheated on me with 10 people [SEP] i named the contact personal jesus ð ð [SEP] i called her and begged for her to just stay in the call so that i can calm down she abandoned me [SEP] i talked to them it didnâ t sit right with me the lady was acting like she donâ t care it was otp and it just made me uncomfortable [SEP] ella 333 [SEP] last time i texted the sh the girl stopped answering me ð [SEP] the only think making me stay is my mom i can t bear the thought of her in my funeral i really can t take it anymore [SEP] this but it was 2 months ago,1612.0,23700.0,22.0,37.0,262.0,1,#fyp #fyppppppppppppppppppppppp #foru #fypppppppppppppp #foryou #venting #vent #mentalhealthmatters #suicideprevention #fyp #fyppppppppppppppppppppppp #foru #fypppppppppppppp #foryou #venting #vent #mentalhealthmatters #suicideprevention [SEP] i tried to kill myself two days ago it was never been more alone [SEP] i can t be the dead friend i can t be the dead daughter i can t be the dead cousin i can t be the dead student i can t be the dead sister i can t be the dead classmate but i m so tired iâ m in pain [SEP] he ended up cheating on me and told the girl ever [SEP] she cheated on me with 10 people [SEP] i named the contact personal jesus ð ð [SEP] i called her and begged for her to just stay in the call so that i can calm down she abandoned me [SEP] i talked to them it didnâ t sit right with me the lady was acting like she donâ t care it was otp and it just made me uncomfortable [SEP] ella 333 [SEP] last time i texted the sh the girl stopped answering me ð [SEP] the only think making me stay is my mom i can t bear the thought of her in my funeral i really can t take it anymore [SEP] this but it was 2 months ago,#fyp #fyppppppppppppppppppppppp #foru #fypppppppppppppp #foryou #venting #vent #mentalhealthmatters #suicideprevention #fyp #fyppppppppppppppppppppppp #foru #fypppppppppppppp #foryou #venting #vent #mentalhealthmatters #suicideprevention [SEP] i can t be the dead friend i can t be the dead daughter i can t be the dead cousin i can t be the dead student i can t be the dead sister i can t be the dead classmate but i m so tired iâ m in pain [SEP] he ended up cheating on me and told the girl ever [SEP] she cheated on me with 10 people [SEP] i named the contact personal jesus ð ð [SEP] i called her and begged for her to just stay in the call so that i can calm down she abandoned me [SEP] i talked to them it didnâ t sit right with me the lady was acting like she donâ t care it was otp and it just made me uncomfortable [SEP] ella 333 [SEP] last time i texted the sh the girl stopped answering me ð [SEP] the only think making me stay is my mom i can t bear the thought of her in my funeral i really can t take it anymore [SEP] this but it was 2 months ago
1071.0,like in hindsight it should be way easier to get support for this stuff and im so grateful for my therapist being available to speak to me that day but omg lol,,so last year i called the suicide hotline because i was having the worst time of my life and i wanted help and i googled all these resources and i found this phone number so i called like hysterically crying on the bathroom floor like don t know what to do next cannot see the future nothing and i m like i just need to call this number somebody s gonna help me somebody s gonna help me whatever i m sitting there ring ring ring ring phone s ringing forever finally somebody picks up the phone and they re just like yeah just give me one signal we re just gonna put you on hold so i m sitting there on the bathroom floor and i finally like gather myself and i m on hold there s no music or anything it s just literally just me holding my phone on hold and i m sitting there and i m like nobody s coming back to talk to me and i sit there and i just start laughing and i just i can t stop laughing i m like laughing hysterically because i m like this is ridiculous this is absolutely insane like i am calling the suicide hotline and you guys put me on hold i m like just laughing hysterically like the tears i ve now turned into like a complete fit of laughter and i held the phone and i got out and i was like i don t know if this was the purpose but it worked,no because being put on hold would actually be my last straw [SEP] fun fact this is what the song baby hotline by jack stauber is about it is a very common experience [SEP] every time i hear i called the hotline it s always followed by but they put me on hold [SEP] as someone who used to work for the hotline sometimes there would only be 3 of us in the centers and we would get 100s of calls iâ m sorry ð ð we tried our best [SEP] maybe thatâ s just their method now unorthodox but effective apparently [SEP] they hung up on me once [SEP] i once called them when i was crying hysterically explaining my situation they hit me with the â ok and â in the most sarcastic way stunned me right into being sober with confusion [SEP] i called on a weekend and was told to call back on monday [SEP] has anyone had a good experience from this hotline [SEP] one time i called during such a low point and in the middle of talking the guy goes â iâ m going to have to let you go we have a more serious situationâ the way my jaw dropped ð ð,565500.0,3800000.0,10000.0,5262.0,21363.0,0,like in hindsight it should be way easier to get support for this stuff and im so grateful for my therapist being available to speak to me that day but omg lol  [SEP] so last year i called the suicide hotline because i was having the worst time of my life and i wanted help and i googled all these resources and i found this phone number so i called like hysterically crying on the bathroom floor like don t know what to do next cannot see the future nothing and i m like i just need to call this number somebody s gonna help me somebody s gonna help me whatever i m sitting there ring ring ring ring phone s ringing forever finally somebody picks up the phone and they re just like yeah just give me one signal we re just gonna put you on hold so i m sitting there on the bathroom floor and i finally like gather myself and i m on hold there s no music or anything it s just literally just me holding my phone on hold and i m sitting there and i m like nobody s coming back to talk to me and i sit there and i just start laughing and i just i can t stop laughing i m like laughing hysterically because i m like this is ridiculous this is absolutely insane like i am calling the suicide hotline and you guys put me on hold i m like just laughing hysterically like the tears i ve now turned into like a complete fit of laughter and i held the phone and i got out and i was like i don t know if this was the purpose but it worked [SEP] no because being put on hold would actually be my last straw [SEP] fun fact this is what the song baby hotline by jack stauber is about it is a very common experience [SEP] every time i hear i called the hotline it s always followed by but they put me on hold [SEP] as someone who used to work for the hotline sometimes there would only be 3 of us in the centers and we would get 100s of calls iâ m sorry ð ð we tried our best [SEP] maybe thatâ s just their method now unorthodox but effective apparently [SEP] they hung up on me once [SEP] i once called them when i was crying hysterically explaining my situation they hit me with the â ok and â in the most sarcastic way stunned me right into being sober with confusion [SEP] i called on a weekend and was told to call back on monday [SEP] has anyone had a good experience from this hotline [SEP] one time i called during such a low point and in the middle of talking the guy goes â iâ m going to have to let you go we have a more serious situationâ the way my jaw dropped ð ð,like in hindsight it should be way easier to get support for this stuff and im so grateful for my therapist being available to speak to me that day but omg lol  [SEP] no because being put on hold would actually be my last straw [SEP] fun fact this is what the song baby hotline by jack stauber is about it is a very common experience [SEP] every time i hear i called the hotline it s always followed by but they put me on hold [SEP] as someone who used to work for the hotline sometimes there would only be 3 of us in the centers and we would get 100s of calls iâ m sorry ð ð we tried our best [SEP] maybe thatâ s just their method now unorthodox but effective apparently [SEP] they hung up on me once [SEP] i once called them when i was crying hysterically explaining my situation they hit me with the â ok and â in the most sarcastic way stunned me right into being sober with confusion [SEP] i called on a weekend and was told to call back on monday [SEP] has anyone had a good experience from this hotline [SEP] one time i called during such a low point and in the middle of talking the guy goes â iâ m going to have to let you go we have a more serious situationâ the way my jaw dropped ð ð
1072.0,talk to someone #hopecore #fyp #motivational #goal #mindset #inspiration #life #depresion,#hopecore #fyp #motivational #goal #mindset #inspiration #life #depresion,if you re that depressed reach out to someone and remember suicide is a permanent solution to temporary problems,wish he remembered thatð [SEP] you can see the pain in his eyes [SEP] do what i say and not what i do robin williams [SEP] if only he knew that [SEP] reach out to who [SEP] they wouldnâ t gaf if i told them [SEP] there is never anyone to talk to me wdym [SEP] i have reached out but they just said â everyone feels like that once in a whileâ but i have felt like it everyday since september 2023 [SEP] he did it tho [SEP] i dont have anyone,39800.0,633400.0,1723.0,367.0,7508.0,1,talk to someone #hopecore #fyp #motivational #goal #mindset #inspiration #life #depresion #hopecore #fyp #motivational #goal #mindset #inspiration #life #depresion [SEP] if you re that depressed reach out to someone and remember suicide is a permanent solution to temporary problems [SEP] wish he remembered thatð [SEP] you can see the pain in his eyes [SEP] do what i say and not what i do robin williams [SEP] if only he knew that [SEP] reach out to who [SEP] they wouldnâ t gaf if i told them [SEP] there is never anyone to talk to me wdym [SEP] i have reached out but they just said â everyone feels like that once in a whileâ but i have felt like it everyday since september 2023 [SEP] he did it tho [SEP] i dont have anyone,talk to someone #hopecore #fyp #motivational #goal #mindset #inspiration #life #depresion #hopecore #fyp #motivational #goal #mindset #inspiration #life #depresion [SEP] wish he remembered thatð [SEP] you can see the pain in his eyes [SEP] do what i say and not what i do robin williams [SEP] if only he knew that [SEP] reach out to who [SEP] they wouldnâ t gaf if i told them [SEP] there is never anyone to talk to me wdym [SEP] i have reached out but they just said â everyone feels like that once in a whileâ but i have felt like it everyday since september 2023 [SEP] he did it tho [SEP] i dont have anyone
1073.0,depression is an absolutely ruthless thing to experience but it is necessary life comes after death the old must die for the new to be worn #depressionanxiety #depression #sad #mentalhealth #healingjourney #trauma,#depressionanxiety #depression #sad #mentalhealth #healingjourney #trauma,you know depression is an absolutely roofless thing to experience it really is it s something that seems to shatter the very fabric of your life it seems that no matter what you do you can t pull yourself out of that situation i m gonna how hard you try know how much you focus you never seem to pull yourself from the brink it s like this fog this blanket that s always emanating over your entire being like the proverbial grey cloud or black cloud that seems to follow you but only you it s such a lonely thing to experience because even when there are people around you feel like no one s really there and in some sense even feel yourself you re not even there it s like do you even really exist why is everyone else so happy yet seemingly i don t know what happiness feels like anymore or if i ever did i know from my own experience i spent a large portion of my life very unhappy in a state of depression from trauma from childhood abuse and neglect that it has a detrimental effect in the brain literal physical brain damage so the thing is that some people can feel depressed i ve ascended depression because things aren t going right or they need to slow down they hand the word deep rest deep rest deep rest you need to rest take a step back but for some like myself that s in a constant state a fight or flight releasing cortisol suppressing that immune system messing with the neurochemicals of the brain you are in a state where your body is not in balance in that state of equilibrium your body wants to create a state of homeostasis but what everything s out of whack what does that mean for you it means that you are on the receiving end but the shit under the step that s what it means it means that we have to do some serious in healing to remove that trauma to come to terms with things you ve been through in your life and healing healing and easy it s fucking hard and it s ruthless but what is the alternative to be stuck in the same cycle doing the same thing expecting things to change we know what that is i don t have to tell you you know it s the definition of insanity but yet we continue to do it like some madhata if you want to state a depression then you need to heal but then the question becomes what is healing healing is reconnecting with who you truly are but then the question on that is who am i truly one of the fastest ways that i have known the kind of person that i am is two things one when i look into the eyes of a small child i want to look into my pets face the first three to four seconds when you re just looking into their eyes and just pure love it s emanating it s not from you from them also that is who you truly are that is your home your status we just are true pure love and it analyses a matter of experience from the perception of the ego and the other one is experiences that do things for others on the premise that the good things will come to you if you help other people by a default if you become aware and conscious of oneself that you actually find a way to heal yourself because what happens is people who are very similar to you come to you and it gives you an option to dive deep into your own subconscious towards actually bothering you depression is in the end game but it s a signal that things need to change what he is out of home is status i pull myself out of depression many times and i ve been to horrific situations in my life her horrific situations and i ve found a way out and that s by looking inwards by trying not to control things i cannot control and to be happy with the things that i do have and to learn to find beauty in the smallest of things i took a photography and it had a massive impact on my life it allowed me to express what i could see within the world through lens it allowed me to be within nature where people didn t look at me the look to my camera it gave me it gave me the much needed deep rest that i needed experience is shape us to find something positive to put the energy into and to start healing in a way only you know how to heal,iâ m going through depression lost my beautiful daughter sarah age 44 skin cancer sarah photo is on my profil pic sheâ s the bride on the pic iâ m stood next to her [SEP] i feel so broken and nobody really truly understands apart from you ð [SEP] ppl that don t have it don t have no idea how bad it is i ve had ppl say gods sake snap out of it if only it was that easy i ve suffered it 30yrs [SEP] so true i am 51 and have been fighting this for 30 years i am sick and tired of being sick and tired please help dont stop your videos amazing [SEP] i d describe myself as being numb ð [SEP] am struggling everyday [SEP] i know suffering myself lost my son to depresion 14 months ago [SEP] i m sick of constantly feeling like this all i want is someone to love and feel happiness for a change [SEP] so true always fighting something i can t fixð [SEP] i have been pulling for 24 years,54100.0,1100000.0,17200.0,2167.0,10757.0,0,depression is an absolutely ruthless thing to experience but it is necessary life comes after death the old must die for the new to be worn #depressionanxiety #depression #sad #mentalhealth #healingjourney #trauma #depressionanxiety #depression #sad #mentalhealth #healingjourney #trauma [SEP] you know depression is an absolutely roofless thing to experience it really is it s something that seems to shatter the very fabric of your life it seems that no matter what you do you can t pull yourself out of that situation i m gonna how hard you try know how much you focus you never seem to pull yourself from the brink it s like this fog this blanket that s always emanating over your entire being like the proverbial grey cloud or black cloud that seems to follow you but only you it s such a lonely thing to experience because even when there are people around you feel like no one s really there and in some sense even feel yourself you re not even there it s like do you even really exist why is everyone else so happy yet seemingly i don t know what happiness feels like anymore or if i ever did i know from my own experience i spent a large portion of my life very unhappy in a state of depression from trauma from childhood abuse and neglect that it has a detrimental effect in the brain literal physical brain damage so the thing is that some people can feel depressed i ve ascended depression because things aren t going right or they need to slow down they hand the word deep rest deep rest deep rest you need to rest take a step back but for some like myself that s in a constant state a fight or flight releasing cortisol suppressing that immune system messing with the neurochemicals of the brain you are in a state where your body is not in balance in that state of equilibrium your body wants to create a state of homeostasis but what everything s out of whack what does that mean for you it means that you are on the receiving end but the shit under the step that s what it means it means that we have to do some serious in healing to remove that trauma to come to terms with things you ve been through in your life and healing healing and easy it s fucking hard and it s ruthless but what is the alternative to be stuck in the same cycle doing the same thing expecting things to change we know what that is i don t have to tell you you know it s the definition of insanity but yet we continue to do it like some madhata if you want to state a depression then you need to heal but then the question becomes what is healing healing is reconnecting with who you truly are but then the question on that is who am i truly one of the fastest ways that i have known the kind of person that i am is two things one when i look into the eyes of a small child i want to look into my pets face the first three to four seconds when you re just looking into their eyes and just pure love it s emanating it s not from you from them also that is who you truly are that is your home your status we just are true pure love and it analyses a matter of experience from the perception of the ego and the other one is experiences that do things for others on the premise that the good things will come to you if you help other people by a default if you become aware and conscious of oneself that you actually find a way to heal yourself because what happens is people who are very similar to you come to you and it gives you an option to dive deep into your own subconscious towards actually bothering you depression is in the end game but it s a signal that things need to change what he is out of home is status i pull myself out of depression many times and i ve been to horrific situations in my life her horrific situations and i ve found a way out and that s by looking inwards by trying not to control things i cannot control and to be happy with the things that i do have and to learn to find beauty in the smallest of things i took a photography and it had a massive impact on my life it allowed me to express what i could see within the world through lens it allowed me to be within nature where people didn t look at me the look to my camera it gave me it gave me the much needed deep rest that i needed experience is shape us to find something positive to put the energy into and to start healing in a way only you know how to heal [SEP] iâ m going through depression lost my beautiful daughter sarah age 44 skin cancer sarah photo is on my profil pic sheâ s the bride on the pic iâ m stood next to her [SEP] i feel so broken and nobody really truly understands apart from you ð [SEP] ppl that don t have it don t have no idea how bad it is i ve had ppl say gods sake snap out of it if only it was that easy i ve suffered it 30yrs [SEP] so true i am 51 and have been fighting this for 30 years i am sick and tired of being sick and tired please help dont stop your videos amazing [SEP] i d describe myself as being numb ð [SEP] am struggling everyday [SEP] i know suffering myself lost my son to depresion 14 months ago [SEP] i m sick of constantly feeling like this all i want is someone to love and feel happiness for a change [SEP] so true always fighting something i can t fixð [SEP] i have been pulling for 24 years,depression is an absolutely ruthless thing to experience but it is necessary life comes after death the old must die for the new to be worn #depressionanxiety #depression #sad #mentalhealth #healingjourney #trauma #depressionanxiety #depression #sad #mentalhealth #healingjourney #trauma [SEP] iâ m going through depression lost my beautiful daughter sarah age 44 skin cancer sarah photo is on my profil pic sheâ s the bride on the pic iâ m stood next to her [SEP] i feel so broken and nobody really truly understands apart from you ð [SEP] ppl that don t have it don t have no idea how bad it is i ve had ppl say gods sake snap out of it if only it was that easy i ve suffered it 30yrs [SEP] so true i am 51 and have been fighting this for 30 years i am sick and tired of being sick and tired please help dont stop your videos amazing [SEP] i d describe myself as being numb ð [SEP] am struggling everyday [SEP] i know suffering myself lost my son to depresion 14 months ago [SEP] i m sick of constantly feeling like this all i want is someone to love and feel happiness for a change [SEP] so true always fighting something i can t fixð [SEP] i have been pulling for 24 years
1074.0,dms are open #fyp#foryoupage#sadquotes#paintok#relatable#foryou#venting#painhub#pain,#fyp #foryoupage #sadquotes #paintok #relatable #foryou #venting #painhub #pain,no no no i want it i ever marry look at that part,making jokes about it [SEP] being happier than ever [SEP] making jokes about it is how i usually go about my day [SEP] going from talking a lot to becoming quiet [SEP] zoning out more [SEP] constantly tired [SEP] being quite more the normal [SEP] overly happy after being gloomy for awhile [SEP] cancelling plans [SEP] distant from people,34200.0,386800.0,266.0,966.0,4589.0,0,dms are open #fyp#foryoupage#sadquotes#paintok#relatable#foryou#venting#painhub#pain #fyp #foryoupage #sadquotes #paintok #relatable #foryou #venting #painhub #pain [SEP] no no no i want it i ever marry look at that part [SEP] making jokes about it [SEP] being happier than ever [SEP] making jokes about it is how i usually go about my day [SEP] going from talking a lot to becoming quiet [SEP] zoning out more [SEP] constantly tired [SEP] being quite more the normal [SEP] overly happy after being gloomy for awhile [SEP] cancelling plans [SEP] distant from people,dms are open #fyp#foryoupage#sadquotes#paintok#relatable#foryou#venting#painhub#pain #fyp #foryoupage #sadquotes #paintok #relatable #foryou #venting #painhub #pain [SEP] making jokes about it [SEP] being happier than ever [SEP] making jokes about it is how i usually go about my day [SEP] going from talking a lot to becoming quiet [SEP] zoning out more [SEP] constantly tired [SEP] being quite more the normal [SEP] overly happy after being gloomy for awhile [SEP] cancelling plans [SEP] distant from people
1075.0,#poetry #foryoupage #poems #poemsforthehurting #poemsaboutdepression #dontcry #depresion #anxiety #deathnote,#poetry #foryoupage #poems #poemsforthehurting #poemsaboutdepression #dontcry #depresion #anxiety #deathnote,then died hard in assembly the ray of light is ready to beð¾ð ing in,how to send this to my parents without sending it [SEP] how do i send this to him without actually sending it [SEP] i wanna send it to her but i know she tries but i just cant do this anymore the only reason im staying is cuz she said she would unalive if i die [SEP] my death note thanks [SEP] this one hits hard [SEP] how do i send this to my mom without actually sending it to my mom [SEP] all of these are so beautiful i literally canâ t stop reading them [SEP] nope this one hurt too much [SEP] i wow [SEP] yup,38000.0,299300.0,1474.0,304.0,7809.0,1,#poetry #foryoupage #poems #poemsforthehurting #poemsaboutdepression #dontcry #depresion #anxiety #deathnote #poetry #foryoupage #poems #poemsforthehurting #poemsaboutdepression #dontcry #depresion #anxiety #deathnote [SEP] then died hard in assembly the ray of light is ready to beð¾ð ing in [SEP] how to send this to my parents without sending it [SEP] how do i send this to him without actually sending it [SEP] i wanna send it to her but i know she tries but i just cant do this anymore the only reason im staying is cuz she said she would unalive if i die [SEP] my death note thanks [SEP] this one hits hard [SEP] how do i send this to my mom without actually sending it to my mom [SEP] all of these are so beautiful i literally canâ t stop reading them [SEP] nope this one hurt too much [SEP] i wow [SEP] yup,#poetry #foryoupage #poems #poemsforthehurting #poemsaboutdepression #dontcry #depresion #anxiety #deathnote #poetry #foryoupage #poems #poemsforthehurting #poemsaboutdepression #dontcry #depresion #anxiety #deathnote [SEP] how to send this to my parents without sending it [SEP] how do i send this to him without actually sending it [SEP] i wanna send it to her but i know she tries but i just cant do this anymore the only reason im staying is cuz she said she would unalive if i die [SEP] my death note thanks [SEP] this one hits hard [SEP] how do i send this to my mom without actually sending it to my mom [SEP] all of these are so beautiful i literally canâ t stop reading them [SEP] nope this one hurt too much [SEP] i wow [SEP] yup
1076.0,#ø ù ø³ø ù ù ø explore #ð ð,#ø ù ø³ø ù ù ø explore #ð ð,let go in the cure now,ù ø ø¹ø ø ø¹ù ø ù ù ù ù ø¹ù øªù ù ù ø ù ù ù ø ù ù ù ù ù ù ø ù ù ù ù ù ù ø ø ù ù ù ù ø ù ø ù ù ø ù ù ù ø ù ù ø ø ù ø ù ø ù ù ù ð [SEP] ø ù ø ù ù ø ù ù ù ø³ ø ù ø ø³ø ø³ ð ð [SEP] ø ù ù ø ø ù øµø ù ù ø ù ù ð â â ï ð â â ï ð â â ï ð â â ï [SEP] ø ù ø ù ù ù ù ð ºð [SEP] ù ù ù ù ù ù øµø ù ø ð ð [SEP] ø ù ù ù ù ù [SEP] ø ù ù ø ù ù ù [SEP] ð ºð ð [SEP] ð ð ð [SEP] ð ð ð ð ð,3044.0,58200.0,793.0,14.0,439.0,0,#ø ù ø³ø ù ù ø explore #ð ð #ø ù ø³ø ù ù ø explore #ð ð [SEP] let go in the cure now [SEP] ù ø ø¹ø ø ø¹ù ø ù ù ù ù ø¹ù øªù ù ù ø ù ù ù ø ù ù ù ù ù ù ø ù ù ù ù ù ù ø ø ù ù ù ù ø ù ø ù ù ø ù ù ù ø ù ù ø ø ù ø ù ø ù ù ù ð [SEP] ø ù ø ù ù ø ù ù ù ø³ ø ù ø ø³ø ø³ ð ð [SEP] ø ù ù ø ø ù øµø ù ù ø ù ù ð â â ï ð â â ï ð â â ï ð â â ï [SEP] ø ù ø ù ù ù ù ð ºð [SEP] ù ù ù ù ù ù øµø ù ø ð ð [SEP] ø ù ù ù ù ù [SEP] ø ù ù ø ù ù ù [SEP] ð ºð ð [SEP] ð ð ð [SEP] ð ð ð ð ð,#ø ù ø³ø ù ù ø explore #ð ð #ø ù ø³ø ù ù ø explore #ð ð [SEP] ù ø ø¹ø ø ø¹ù ø ù ù ù ù ø¹ù øªù ù ù ø ù ù ù ø ù ù ù ù ù ù ø ù ù ù ù ù ù ø ø ù ù ù ù ø ù ø ù ù ø ù ù ù ø ù ù ø ø ù ø ù ø ù ù ù ð [SEP] ø ù ø ù ù ø ù ù ù ø³ ø ù ø ø³ø ø³ ð ð [SEP] ø ù ù ø ø ù øµø ù ù ø ù ù ð â â ï ð â â ï ð â â ï ð â â ï [SEP] ø ù ø ù ù ù ù ð ºð [SEP] ù ù ù ù ù ù øµø ù ø ð ð [SEP] ø ù ù ù ù ù [SEP] ø ù ù ø ù ù ù [SEP] ð ºð ð [SEP] ð ð ð [SEP] ð ð ð ð ð
1077.0,#ø³øªù ø ù ø øª #virall #foryou #fyp,#ø³øªù ø ù ø øª #virall #foryou #fyp,i went through a difficult stage all of which was biting and illuminating for you from every side but all that i can say is that you are the home of rukha najdi and his little girl and you are no longer the same as before i donâ t understand,ù ø ù ù ù øªø²ø¹ù ø ù ù ù ø³ù ø ø ù ø ù ø ø ø¹ù ù ù ø ù ù ø ø øªøµù ø ù øªù ø ù ù ù ø ø ù ù ø ù ù ø ø ø ù ù ù ð [SEP] ø ø ù ù ø ù ù ù ø øªø ù ø ù ù ø ù ù ø ø³ ù ø³øªøºù ø ù ù ù ù ù ø ø ù ù ø ù ø ù ù ù ø ù ù ù ø¹ù ù ù ø³øªøºù ø ù ù [SEP] ù ù ø ù ù ø ù ø³ø ø ù ù ù ù ù ø ù ù ø ø ù ù ù ø ø ø ù ù ø ø ø ø ù ù ù øªù ù ù ù ø³ ù ù ù ø ø ø [SEP] ø ù ø ù ù ø ù ù ø ø ø ù ø ø ù øªø¹ø ø ù ø ù ø øªù ù ø ø ù ù ù ø ù ø ù ø³ù ø¹ù ù ù ù ø ù øªù ø ø ø ø øºù ø ø ù ù ø ù ù ù ù ø ù ù ø³ø ø ø ø ø øªø ù ù ù ù ø ù ù ù ø³ø ø øªù ù ø ù ù ø ù ù ù ù ø ù ù ù ø³ø ø ø ù ø¹øªø ù øµù ø ø ø ù ø ø ø ù ù ù ø³ø ù ø ù øªù ù ø ù ù ø³ø ù ø ù ù ù ø ø ø øªù ø ø ù ù ø ø¹ù ù ø ù ø³ø øªù ù ù ù ù ø ù ø ø ø ù ù øªø¹ù ø ù ø ù ø ø ø ù øªø¹ù ø ù ù ù ø ù ù ù ù ø øµù ù ù ù ø ù ø ù ù ø³ø ø¹ù ø ù ø ù ø øªø ø ø ø ù ø ø ù ø ø ù ø ù ø ø ù ù ø ù ø ù ø ù ø ù ù ù ø ù ø¹ ù ù ø ø ù øªø ø³ø ù ù ø ø øµ ù øªø ù ù ù øªø ù ø ù ù ù ø ø ù â ù ø ù ø ø ø ù ù ø ù ø ø ø ø ø ù ù ù ù ù ø ù øºù ø ø ù øªù ù ø³ø ù ù ø ø³ø ø ù ø ø ø ù øªø¹ø ù ù ø øµù ø ù ù ù øµù ø ø ù øªù ø²ù ù ø ù ø¹øªø ø¹ù ù ù ø ø ø øµ ù ù ø³ø ø øªø ø ø ù ø¹øªø øºø ù ù ø ø¹ù ø ø ø ø ø ù ø ù ø ù øªøµù ø ù ù ø ø ù ù ø ø ù ø ù ù ø ø ø¹ ø ø ø³ø ø ø³ø ø ø ù ø ø³ø øªù ø ù ù ù ù ø ù ø ø ø ø³ø ø ø øµ ø ø øµø ù ù ø ø ù øªø ø ù ù ù ø ø ø ù ù ù ù ù ù ø ù ù ù ø ù ø ø øªøºù ø ø¹ ù ù ù ø ù ù øµø ø¹ø ø ù ù ø øªù ø ø ù ù ù ø ø ù ø øªù ø ù ù ø ù ù ø ø ø¹ù ù ø ù ø ù øªø ø ù ù ø³ø ù øªù ù ù ù ù ù ù ø³ø ù ø ù ø ù øªù ù ø ø ù â ù ù ù ù ø ø ø ù øª ø ù ù ø ø ù ø ø ø øª ø ù ø ù ù ø ø ø ù ø ù ù ù ø ø ù ø ø ù ø ø ø ù ù ø ø ø ø ù ø ù øªø ù ù ù øªø ø ø ù ù ø¹ ø ø øµ ø¹ù ù ù ø øªø³ø ù ù ù ù ù ù ø ø ø ø ù ø ø ø ø ù ù ù øª ø øªù ù ù ø ù ù ø³ø ù ù ù ù ù ù ù ù ø ù øªù ø³ø ø ø ù ø ù ø ù ø ù øªù ø ù ù ø ù øªø¹ø ù ù ù ø ù ø ù ù ø ø ø ù ø ù ù ù ø ø ù ø ø ù ø ø ø ù ø ù ù ù ø ø ø ø ø ø³ø øªù ø ù ù ù ù ù ø ø ø ø ø ø ù ù ø¹ù ø ù ù ø ù ø ø ø³ù ù ø ø ø ù ù ø ù øªø ù ù ù øªù ù ù ù ù ø ø ø ù øªù ù ù ù ù ù ø ø ø ù ù ø ù ø ù øªø¹ø ù ù ø ø ù ø ø ù ø ù ù ù ù ø ù ø ù ø ø ù ù ù ø¹ ù ù ù ø ø ù ø ø ø ø ø ø ø³ù ù ù ø ù ù ø ù ø¹ù ù ù ù ø ù øªù ù ù ù ø ù ù øªøºù ø ø ù ø ø ø ø ø ø ø ù ù ù ù ù ù ø ù ù ù ù ù ù ù ù ù ø ø øªø³ù ù ù ø ù ù ø ù ù ù ù ø ø ù øªù ø³ø ø ø ù ø ù ø ø ù ù ø ù øªù ù ø ø ø ø ø³øªø ù ù ø³øªù ø ù ø ù ø ù ø ù ø ù ù ù ø ù ø ø ø øµ ù ù ù ø ø ø ø ø³ù ù ù øªù ù ù ù ù ø ø ù øªù ø ø ø ù ù ù ù ø ø³ø ø ù ù ø ø ù ù ø ø ù ù ø ø ø³ø ø ø ù ø ø ù ù ù ø ø ø øªù ø ø ù ù ø ø¹ù ù ù ù ø³ø ø¹ù ù ù ø ù ù ø ø ù ø ø ø ø ù øª øªø¹ù ù ù ù ù øªø ø ø¹ù ù ù ø ø³ø ø øªø ø ù ø² øªø¹ù ø³ ø ø ù ø ù ù ù øªù ù ù ù â ï ø¹ù ø ø ø ù ø ø ù ù ø ù øªø ø ù ù â ï [SEP] ù ø øªø ø²ù ø¹ù ù ø ø ù ù ù ù ù ù ù ø ø ù ù ø ù ø ø ù ð ð [SEP] ù ø ù ø ù ø ù ù ù ù ù ø ø ù ø ù ø ù ð ð ð [SEP] øªù ù ù ù ð [SEP] ø ø ù ø ø ù ù ù ø øªø ù ø ù ù ø ù ù ø ø³ ù ø³øªøºù ø ù ù ù ù ù ø ø ù ù ø ù ø ù ù ù ø ù ù ù ø¹ù ù ù ø³øªøºù ø ù ù [SEP] ø³ø ø ø ø ù ù ù ø³ù ø ø ù ù ù ù ø ø ø ø ø ù øªù ï ø³ø ù ù ù ø ù ù ø ù ù ù ù û ù ù ù ø ù ø ø ù û ø ø ø ø¹ù ù ð â ï [SEP] ø ø¹ø ø ø²ù ù ø ù ø ø¹ø ù ø²ù ø ù ø²ù ø ù ù ù ø ù ù ù ù ø ø¹ø ø ù ù,828200.0,16500000.0,191800.0,4211.0,182637.0,0,#ø³øªù ø ù ø øª #virall #foryou #fyp #ø³øªù ø ù ø øª #virall #foryou #fyp [SEP] i went through a difficult stage all of which was biting and illuminating for you from every side but all that i can say is that you are the home of rukha najdi and his little girl and you are no longer the same as before i donâ t understand [SEP] ù ø ù ù ù øªø²ø¹ù ø ù ù ù ø³ù ø ø ù ø ù ø ø ø¹ù ù ù ø ù ù ø ø øªøµù ø ù øªù ø ù ù ù ø ø ù ù ø ù ù ø ø ø ù ù ù ð [SEP] ø ø ù ù ø ù ù ù ø øªø ù ø ù ù ø ù ù ø ø³ ù ø³øªøºù ø ù ù ù ù ù ø ø ù ù ø ù ø ù ù ù ø ù ù ù ø¹ù ù ù ø³øªøºù ø ù ù [SEP] ù ù ø ù ù ø ù ø³ø ø ù ù ù ù ù ø ù ù ø ø ù ù ù ø ø ø ù ù ø ø ø ø ù ù ù øªù ù ù ù ø³ ù ù ù ø ø ø [SEP] ø ù ø ù ù ø ù ù ø ø ø ù ø ø ù øªø¹ø ø ù ø ù ø øªù ù ø ø ù ù ù ø ù ø ù ø³ù ø¹ù ù ù ù ø ù øªù ø ø ø ø øºù ø ø ù ù ø ù ù ù ù ø ù ù ø³ø ø ø ø ø øªø ù ù ù ù ø ù ù ù ø³ø ø øªù ù ø ù ù ø ù ù ù ù ø ù ù ù ø³ø ø ø ù ø¹øªø ù øµù ø ø ø ù ø ø ø ù ù ù ø³ø ù ø ù øªù ù ø ù ù ø³ø ù ø ù ù ù ø ø ø øªù ø ø ù ù ø ø¹ù ù ø ù ø³ø øªù ù ù ù ù ø ù ø ø ø ù ù øªø¹ù ø ù ø ù ø ø ø ù øªø¹ù ø ù ù ù ø ù ù ù ù ø øµù ù ù ù ø ù ø ù ù ø³ø ø¹ù ø ù ø ù ø øªø ø ø ø ù ø ø ù ø ø ù ø ù ø ø ù ù ø ù ø ù ø ù ø ù ù ù ø ù ø¹ ù ù ø ø ù øªø ø³ø ù ù ø ø øµ ù øªø ù ù ù øªø ù ø ù ù ù ø ø ù â ù ø ù ø ø ø ù ù ø ù ø ø ø ø ø ù ù ù ù ù ø ù øºù ø ø ù øªù ù ø³ø ù ù ø ø³ø ø ù ø ø ø ù øªø¹ø ù ù ø øµù ø ù ù ù øµù ø ø ù øªù ø²ù ù ø ù ø¹øªø ø¹ù ù ù ø ø ø øµ ù ù ø³ø ø øªø ø ø ù ø¹øªø øºø ù ù ø ø¹ù ø ø ø ø ø ù ø ù ø ù øªøµù ø ù ù ø ø ù ù ø ø ù ø ù ù ø ø ø¹ ø ø ø³ø ø ø³ø ø ø ù ø ø³ø øªù ø ù ù ù ù ø ù ø ø ø ø³ø ø ø øµ ø ø øµø ù ù ø ø ù øªø ø ù ù ù ø ø ø ù ù ù ù ù ù ø ù ù ù ø ù ø ø øªøºù ø ø¹ ù ù ù ø ù ù øµø ø¹ø ø ù ù ø øªù ø ø ù ù ù ø ø ù ø øªù ø ù ù ø ù ù ø ø ø¹ù ù ø ù ø ù øªø ø ù ù ø³ø ù øªù ù ù ù ù ù ù ø³ø ù ø ù ø ù øªù ù ø ø ù â ù ù ù ù ø ø ø ù øª ø ù ù ø ø ù ø ø ø øª ø ù ø ù ù ø ø ø ù ø ù ù ù ø ø ù ø ø ù ø ø ø ù ù ø ø ø ø ù ø ù øªø ù ù ù øªø ø ø ù ù ø¹ ø ø øµ ø¹ù ù ù ø øªø³ø ù ù ù ù ù ù ø ø ø ø ù ø ø ø ø ù ù ù øª ø øªù ù ù ø ù ù ø³ø ù ù ù ù ù ù ù ù ø ù øªù ø³ø ø ø ù ø ù ø ù ø ù øªù ø ù ù ø ù øªø¹ø ù ù ù ø ù ø ù ù ø ø ø ù ø ù ù ù ø ø ù ø ø ù ø ø ø ù ø ù ù ù ø ø ø ø ø ø³ø øªù ø ù ù ù ù ù ø ø ø ø ø ø ù ù ø¹ù ø ù ù ø ù ø ø ø³ù ù ø ø ø ù ù ø ù øªø ù ù ù øªù ù ù ù ù ø ø ø ù øªù ù ù ù ù ù ø ø ø ù ù ø ù ø ù øªø¹ø ù ù ø ø ù ø ø ù ø ù ù ù ù ø ù ø ù ø ø ù ù ù ø¹ ù ù ù ø ø ù ø ø ø ø ø ø ø³ù ù ù ø ù ù ø ù ø¹ù ù ù ù ø ù øªù ù ù ù ø ù ù øªøºù ø ø ù ø ø ø ø ø ø ø ù ù ù ù ù ù ø ù ù ù ù ù ù ù ù ù ø ø øªø³ù ù ù ø ù ù ø ù ù ù ù ø ø ù øªù ø³ø ø ø ù ø ù ø ø ù ù ø ù øªù ù ø ø ø ø ø³øªø ù ù ø³øªù ø ù ø ù ø ù ø ù ø ù ù ù ø ù ø ø ø øµ ù ù ù ø ø ø ø ø³ù ù ù øªù ù ù ù ù ø ø ù øªù ø ø ø ù ù ù ù ø ø³ø ø ù ù ø ø ù ù ø ø ù ù ø ø ø³ø ø ø ù ø ø ù ù ù ø ø ø øªù ø ø ù ù ø ø¹ù ù ù ù ø³ø ø¹ù ù ù ø ù ù ø ø ù ø ø ø ø ù øª øªø¹ù ù ù ù ù øªø ø ø¹ù ù ù ø ø³ø ø øªø ø ù ø² øªø¹ù ø³ ø ø ù ø ù ù ù øªù ù ù ù â ï ø¹ù ø ø ø ù ø ø ù ù ø ù øªø ø ù ù â ï [SEP] ù ø øªø ø²ù ø¹ù ù ø ø ù ù ù ù ù ù ù ø ø ù ù ø ù ø ø ù ð ð [SEP] ù ø ù ø ù ø ù ù ù ù ù ø ø ù ø ù ø ù ð ð ð [SEP] øªù ù ù ù ð [SEP] ø ø ù ø ø ù ù ù ø øªø ù ø ù ù ø ù ù ø ø³ ù ø³øªøºù ø ù ù ù ù ù ø ø ù ù ø ù ø ù ù ù ø ù ù ù ø¹ù ù ù ø³øªøºù ø ù ù [SEP] ø³ø ø ø ø ù ù ù ø³ù ø ø ù ù ù ù ø ø ø ø ø ù øªù ï ø³ø ù ù ù ø ù ù ø ù ù ù ù û ù ù ù ø ù ø ø ù û ø ø ø ø¹ù ù ð â ï [SEP] ø ø¹ø ø ø²ù ù ø ù ø ø¹ø ù ø²ù ø ù ø²ù ø ù ù ù ø ù ù ù ù ø ø¹ø ø ù ù,#ø³øªù ø ù ø øª #virall #foryou #fyp #ø³øªù ø ù ø øª #virall #foryou #fyp [SEP] ù ø ù ù ù øªø²ø¹ù ø ù ù ù ø³ù ø ø ù ø ù ø ø ø¹ù ù ù ø ù ù ø ø øªøµù ø ù øªù ø ù ù ù ø ø ù ù ø ù ù ø ø ø ù ù ù ð [SEP] ø ø ù ù ø ù ù ù ø øªø ù ø ù ù ø ù ù ø ø³ ù ø³øªøºù ø ù ù ù ù ù ø ø ù ù ø ù ø ù ù ù ø ù ù ù ø¹ù ù ù ø³øªøºù ø ù ù [SEP] ù ù ø ù ù ø ù ø³ø ø ù ù ù ù ù ø ù ù ø ø ù ù ù ø ø ø ù ù ø ø ø ø ù ù ù øªù ù ù ù ø³ ù ù ù ø ø ø [SEP] ø ù ø ù ù ø ù ù ø ø ø ù ø ø ù øªø¹ø ø ù ø ù ø øªù ù ø ø ù ù ù ø ù ø ù ø³ù ø¹ù ù ù ù ø ù øªù ø ø ø ø øºù ø ø ù ù ø ù ù ù ù ø ù ù ø³ø ø ø ø ø øªø ù ù ù ù ø ù ù ù ø³ø ø øªù ù ø ù ù ø ù ù ù ù ø ù ù ù ø³ø ø ø ù ø¹øªø ù øµù ø ø ø ù ø ø ø ù ù ù ø³ø ù ø ù øªù ù ø ù ù ø³ø ù ø ù ù ù ø ø ø øªù ø ø ù ù ø ø¹ù ù ø ù ø³ø øªù ù ù ù ù ø ù ø ø ø ù ù øªø¹ù ø ù ø ù ø ø ø ù øªø¹ù ø ù ù ù ø ù ù ù ù ø øµù ù ù ù ø ù ø ù ù ø³ø ø¹ù ø ù ø ù ø øªø ø ø ø ù ø ø ù ø ø ù ø ù ø ø ù ù ø ù ø ù ø ù ø ù ù ù ø ù ø¹ ù ù ø ø ù øªø ø³ø ù ù ø ø øµ ù øªø ù ù ù øªø ù ø ù ù ù ø ø ù â ù ø ù ø ø ø ù ù ø ù ø ø ø ø ø ù ù ù ù ù ø ù øºù ø ø ù øªù ù ø³ø ù ù ø ø³ø ø ù ø ø ø ù øªø¹ø ù ù ø øµù ø ù ù ù øµù ø ø ù øªù ø²ù ù ø ù ø¹øªø ø¹ù ù ù ø ø ø øµ ù ù ø³ø ø øªø ø ø ù ø¹øªø øºø ù ù ø ø¹ù ø ø ø ø ø ù ø ù ø ù øªøµù ø ù ù ø ø ù ù ø ø ù ø ù ù ø ø ø¹ ø ø ø³ø ø ø³ø ø ø ù ø ø³ø øªù ø ù ù ù ù ø ù ø ø ø ø³ø ø ø øµ ø ø øµø ù ù ø ø ù øªø ø ù ù ù ø ø ø ù ù ù ù ù ù ø ù ù ù ø ù ø ø øªøºù ø ø¹ ù ù ù ø ù ù øµø ø¹ø ø ù ù ø øªù ø ø ù ù ù ø ø ù ø øªù ø ù ù ø ù ù ø ø ø¹ù ù ø ù ø ù øªø ø ù ù ø³ø ù øªù ù ù ù ù ù ù ø³ø ù ø ù ø ù øªù ù ø ø ù â ù ù ù ù ø ø ø ù øª ø ù ù ø ø ù ø ø ø øª ø ù ø ù ù ø ø ø ù ø ù ù ù ø ø ù ø ø ù ø ø ø ù ù ø ø ø ø ù ø ù øªø ù ù ù øªø ø ø ù ù ø¹ ø ø øµ ø¹ù ù ù ø øªø³ø ù ù ù ù ù ù ø ø ø ø ù ø ø ø ø ù ù ù øª ø øªù ù ù ø ù ù ø³ø ù ù ù ù ù ù ù ù ø ù øªù ø³ø ø ø ù ø ù ø ù ø ù øªù ø ù ù ø ù øªø¹ø ù ù ù ø ù ø ù ù ø ø ø ù ø ù ù ù ø ø ù ø ø ù ø ø ø ù ø ù ù ù ø ø ø ø ø ø³ø øªù ø ù ù ù ù ù ø ø ø ø ø ø ù ù ø¹ù ø ù ù ø ù ø ø ø³ù ù ø ø ø ù ù ø ù øªø ù ù ù øªù ù ù ù ù ø ø ø ù øªù ù ù ù ù ù ø ø ø ù ù ø ù ø ù øªø¹ø ù ù ø ø ù ø ø ù ø ù ù ù ù ø ù ø ù ø ø ù ù ù ø¹ ù ù ù ø ø ù ø ø ø ø ø ø ø³ù ù ù ø ù ù ø ù ø¹ù ù ù ù ø ù øªù ù ù ù ø ù ù øªøºù ø ø ù ø ø ø ø ø ø ø ù ù ù ù ù ù ø ù ù ù ù ù ù ù ù ù ø ø øªø³ù ù ù ø ù ù ø ù ù ù ù ø ø ù øªù ø³ø ø ø ù ø ù ø ø ù ù ø ù øªù ù ø ø ø ø ø³øªø ù ù ø³øªù ø ù ø ù ø ù ø ù ø ù ù ù ø ù ø ø ø øµ ù ù ù ø ø ø ø ø³ù ù ù øªù ù ù ù ù ø ø ù øªù ø ø ø ù ù ù ù ø ø³ø ø ù ù ø ø ù ù ø ø ù ù ø ø ø³ø ø ø ù ø ø ù ù ù ø ø ø øªù ø ø ù ù ø ø¹ù ù ù ù ø³ø ø¹ù ù ù ø ù ù ø ø ù ø ø ø ø ù øª øªø¹ù ù ù ù ù øªø ø ø¹ù ù ù ø ø³ø ø øªø ø ù ø² øªø¹ù ø³ ø ø ù ø ù ù ù øªù ù ù ù â ï ø¹ù ø ø ø ù ø ø ù ù ø ù øªø ø ù ù â ï [SEP] ù ø øªø ø²ù ø¹ù ù ø ø ù ù ù ù ù ù ù ø ø ù ù ø ù ø ø ù ð ð [SEP] ù ø ù ø ù ø ù ù ù ù ù ø ø ù ø ù ø ù ð ð ð [SEP] øªù ù ù ù ð [SEP] ø ø ù ø ø ù ù ù ø øªø ù ø ù ù ø ù ù ø ø³ ù ø³øªøºù ø ù ù ù ù ù ø ø ù ù ø ù ø ù ù ù ø ù ù ù ø¹ù ù ù ø³øªøºù ø ù ù [SEP] ø³ø ø ø ø ù ù ù ø³ù ø ø ù ù ù ù ø ø ø ø ø ù øªù ï ø³ø ù ù ù ø ù ù ø ù ù ù ù û ù ù ù ø ù ø ø ù û ø ø ø ø¹ù ù ð â ï [SEP] ø ø¹ø ø ø²ù ù ø ù ø ø¹ø ù ø²ù ø ù ø²ù ø ù ù ù ø ù ù ù ù ø ø¹ø ø ù ù
1078.0,ya se me pasarã #fpyã #parati #bajonesemocionales,#fpyã #parati #bajonesemocionales,song,somos hombres a nadie le importa ð ² [SEP] ese dolor tenã a nombre empezaba por la letra a fue quien me devolviã³ las ganas de vivir para luego arrebatarmelas y ahora estoy muerto por quã la muerte no llega cuando el corazã³n [SEP] animo chic s todos somos valientes ð ð ð [SEP] solo unoð [SEP] mi celular sabe cosas contexto abajoð [SEP] sã³lo es eso no se preocupenð º [SEP] es un pinchazo en el corazã³n que significa que muy pronto vas a caer y vas a estar en un lugar mejor donde vas a estar tranquilo sin preocupaciones y vas a estar con las personas que tanto extraã amos [SEP] me detectaron arritmia cardiaca ð º [SEP] ese dolorcito se convirtiã³ en que se me aselere el corazã³n [SEP] obvio ð â ï,37200.0,327900.0,1945.0,127.0,4837.0,0,ya se me pasarã #fpyã #parati #bajonesemocionales #fpyã #parati #bajonesemocionales [SEP] song [SEP] somos hombres a nadie le importa ð ² [SEP] ese dolor tenã a nombre empezaba por la letra a fue quien me devolviã³ las ganas de vivir para luego arrebatarmelas y ahora estoy muerto por quã la muerte no llega cuando el corazã³n [SEP] animo chic s todos somos valientes ð ð ð [SEP] solo unoð [SEP] mi celular sabe cosas contexto abajoð [SEP] sã³lo es eso no se preocupenð º [SEP] es un pinchazo en el corazã³n que significa que muy pronto vas a caer y vas a estar en un lugar mejor donde vas a estar tranquilo sin preocupaciones y vas a estar con las personas que tanto extraã amos [SEP] me detectaron arritmia cardiaca ð º [SEP] ese dolorcito se convirtiã³ en que se me aselere el corazã³n [SEP] obvio ð â ï,ya se me pasarã #fpyã #parati #bajonesemocionales #fpyã #parati #bajonesemocionales [SEP] somos hombres a nadie le importa ð ² [SEP] ese dolor tenã a nombre empezaba por la letra a fue quien me devolviã³ las ganas de vivir para luego arrebatarmelas y ahora estoy muerto por quã la muerte no llega cuando el corazã³n [SEP] animo chic s todos somos valientes ð ð ð [SEP] solo unoð [SEP] mi celular sabe cosas contexto abajoð [SEP] sã³lo es eso no se preocupenð º [SEP] es un pinchazo en el corazã³n que significa que muy pronto vas a caer y vas a estar en un lugar mejor donde vas a estar tranquilo sin preocupaciones y vas a estar con las personas que tanto extraã amos [SEP] me detectaron arritmia cardiaca ð º [SEP] ese dolorcito se convirtiã³ en que se me aselere el corazã³n [SEP] obvio ð â ï
1079.0,#øªø¹ø øª ù ù ù ù ø ù ø øªù ù ù ø ø ù ù #ð ð ð ð ð ð ð ð ð,#øªø¹ø øª #ð ð ð ð ð ð ð ð ð,to resemble them they are difficult and a party for my uncle whose life is intended to wage i must i must and be with him and god repents,ù ù ù ù ø¹ù ù ù ù ù ù ù ù ø ø ø ù ù ù ø ù ù ù ø¹ ø ù ù ù ù ù ø ù ø ù ù ù ù ù ù ù ø øªù ù ù ù ù ù ù ø ù ù ù ù ù ø ø ù ù ù ù ù ù ù ù ø³ù ù ù ù ù ù ù ù ù ù ù ù ø¹ù ù ù ù ù ù ù ø ù ù ù ù ø ð ð [SEP] ø ø¹ù ù ø ù ù ù ð ºð º [SEP] ø³ù ø ù øªù ù ù ù ø ù ù ù ù ø ø ø ø ø ø³ ø ø ø ø [SEP] ð ð ð [SEP] ø ø¹ù ù ø ù ù ù ð ºð ºð ºð º [SEP] ð ºð ºð ºø³ù ø ù øªù [SEP] ø³ù ø ù øªù [SEP] â â â,152.0,1086.0,5.0,14.0,17.0,0,#øªø¹ø øª ù ù ù ù ø ù ø øªù ù ù ø ø ù ù #ð ð ð ð ð ð ð ð ð #øªø¹ø øª #ð ð ð ð ð ð ð ð ð [SEP] to resemble them they are difficult and a party for my uncle whose life is intended to wage i must i must and be with him and god repents [SEP] ù ù ù ù ø¹ù ù ù ù ù ù ù ù ø ø ø ù ù ù ø ù ù ù ø¹ ø ù ù ù ù ù ø ù ø ù ù ù ù ù ù ù ø øªù ù ù ù ù ù ù ø ù ù ù ù ù ø ø ù ù ù ù ù ù ù ù ø³ù ù ù ù ù ù ù ù ù ù ù ù ø¹ù ù ù ù ù ù ù ø ù ù ù ù ø ð ð [SEP] ø ø¹ù ù ø ù ù ù ð ºð º [SEP] ø³ù ø ù øªù ù ù ù ø ù ù ù ù ø ø ø ø ø ø³ ø ø ø ø [SEP] ð ð ð [SEP] ø ø¹ù ù ø ù ù ù ð ºð ºð ºð º [SEP] ð ºð ºð ºø³ù ø ù øªù [SEP] ø³ù ø ù øªù [SEP] â â â,#øªø¹ø øª ù ù ù ù ø ù ø øªù ù ù ø ø ù ù #ð ð ð ð ð ð ð ð ð #øªø¹ø øª #ð ð ð ð ð ð ð ð ð [SEP] ù ù ù ù ø¹ù ù ù ù ù ù ù ù ø ø ø ù ù ù ø ù ù ù ø¹ ø ù ù ù ù ù ø ù ø ù ù ù ù ù ù ù ø øªù ù ù ù ù ù ù ø ù ù ù ù ù ø ø ù ù ù ù ù ù ù ù ø³ù ù ù ù ù ù ù ù ù ù ù ù ø¹ù ù ù ù ù ù ù ø ù ù ù ù ø ð ð [SEP] ø ø¹ù ù ø ù ù ù ð ºð º [SEP] ø³ù ø ù øªù ù ù ù ø ù ù ù ù ø ø ø ø ø ø³ ø ø ø ø [SEP] ð ð ð [SEP] ø ø¹ù ù ø ù ù ù ð ºð ºð ºð º [SEP] ð ºð ºð ºø³ù ø ù øªù [SEP] ø³ù ø ù øªù [SEP] â â â
1080.0,what you can do to support them the key is to support or ask for help in a way that doesn t feel overwhelming or exhausting for them here are some examples i was thinking of watching a new movie tonight and i d love your company do you mind if i come over with snacks we can just relax and enjoy the it together i m trying out different tea blends and could really use your help to choose the best one want to join me for a tea tasting session thereâ s a new cafe that opened up nearby and i heard they have great coffee want to check it out with me my treat it s a great evening for a drive how about we just cruise around for a bit while listening to some good music i can pick you up in an hour keep in mind that sometimes they might not be up to hosting at their place if they think itâ s untidy and going out might seem overwhelming if it requires a lot of preparation or too much energy so opt for activities that are simple and enjoyable â things that won t drain their energy but will genuinely make them feel included and valued this way you offer support without adding pressure song by novo amor #depression #feelingdepressed #depressed #mentalhealth #mentalhealthawareness #supportingothers #supportingeachother #mentalhealthsupport,#depression #feelingdepressed #depressed #mentalhealth #mentalhealthawareness #supportingothers #supportingeachother #mentalhealthsupport,don t text your depressed friends how you feeling today they don t know what to say they feel awful and then there s like this guilt of like still bad still feeling sad well have you tried exercising today like do you want this do you want that and it s like i don t wanna make any decisions i don t wanna have to explain how i m feeling right now i just wanna be in my bed and it s like the best thing you could do with some of these moments it s just to show up with kind of almost a pre planned way for there to be connection that doesn t require a lot of energy like hey can i just come over and make s mores it s weird to make s mores by myself i think it d be kind of fun i d like to you have that fireplace i don t have a fireplace can i come over to your house and just make you s mores can i just come make you dinner that s what i d like to do we can just watch a movie we don t have to talk you don t have to explain how you re feeling i just wanna be with you if someone can feel just the presence of you and your love without the pressure to have to explain or fix or change that weirdly enough is like the magnetic force that starts to pull things in a different direction so much depression is actually just loneliness with loss so much depression is feeling aimless and hopeless and not knowing where to turn to next and the thing that digs that wound even deeper is suggestions just be present with those that you love,presence without pressure ooofffff i felt that [SEP] just be present this is beautiful advice â ï [SEP] this is all i wanted when i went through a bad time no one came [SEP] a friend one time offered to visit me and said that we don t have to talk she can read her book i can do whatever i just stayed in bed but i felt less lonely and more secure â ï â ï â ï [SEP] people don t realize how much a real tight and loving hug would help ð [SEP] eeyore and his woodland friends was a great example to us how to give our friends space to be melancholy and still be with them not expecting joy or entertainment â ï [SEP] more people need to understand this [SEP] as a psych nurse who has a long history of major depression i have to say this is the best advice iâ ve ever heard anyone offer on how to help someone dealing with depression sincerelyâ thank you [SEP] as someone who is struggling right now this brought me to tears it s comforting to know that someone out there understands even if it s some stranger on the internet â ï [SEP] this advice also goes for someone going through grief and immense loss ð ¹ i wish some more ppl would understand this,685900.0,7400000.0,64100.0,8887.0,144715.0,0,what you can do to support them the key is to support or ask for help in a way that doesn t feel overwhelming or exhausting for them here are some examples i was thinking of watching a new movie tonight and i d love your company do you mind if i come over with snacks we can just relax and enjoy the it together i m trying out different tea blends and could really use your help to choose the best one want to join me for a tea tasting session thereâ s a new cafe that opened up nearby and i heard they have great coffee want to check it out with me my treat it s a great evening for a drive how about we just cruise around for a bit while listening to some good music i can pick you up in an hour keep in mind that sometimes they might not be up to hosting at their place if they think itâ s untidy and going out might seem overwhelming if it requires a lot of preparation or too much energy so opt for activities that are simple and enjoyable â things that won t drain their energy but will genuinely make them feel included and valued this way you offer support without adding pressure song by novo amor #depression #feelingdepressed #depressed #mentalhealth #mentalhealthawareness #supportingothers #supportingeachother #mentalhealthsupport #depression #feelingdepressed #depressed #mentalhealth #mentalhealthawareness #supportingothers #supportingeachother #mentalhealthsupport [SEP] don t text your depressed friends how you feeling today they don t know what to say they feel awful and then there s like this guilt of like still bad still feeling sad well have you tried exercising today like do you want this do you want that and it s like i don t wanna make any decisions i don t wanna have to explain how i m feeling right now i just wanna be in my bed and it s like the best thing you could do with some of these moments it s just to show up with kind of almost a pre planned way for there to be connection that doesn t require a lot of energy like hey can i just come over and make s mores it s weird to make s mores by myself i think it d be kind of fun i d like to you have that fireplace i don t have a fireplace can i come over to your house and just make you s mores can i just come make you dinner that s what i d like to do we can just watch a movie we don t have to talk you don t have to explain how you re feeling i just wanna be with you if someone can feel just the presence of you and your love without the pressure to have to explain or fix or change that weirdly enough is like the magnetic force that starts to pull things in a different direction so much depression is actually just loneliness with loss so much depression is feeling aimless and hopeless and not knowing where to turn to next and the thing that digs that wound even deeper is suggestions just be present with those that you love [SEP] presence without pressure ooofffff i felt that [SEP] just be present this is beautiful advice â ï [SEP] this is all i wanted when i went through a bad time no one came [SEP] a friend one time offered to visit me and said that we don t have to talk she can read her book i can do whatever i just stayed in bed but i felt less lonely and more secure â ï â ï â ï [SEP] people don t realize how much a real tight and loving hug would help ð [SEP] eeyore and his woodland friends was a great example to us how to give our friends space to be melancholy and still be with them not expecting joy or entertainment â ï [SEP] more people need to understand this [SEP] as a psych nurse who has a long history of major depression i have to say this is the best advice iâ ve ever heard anyone offer on how to help someone dealing with depression sincerelyâ thank you [SEP] as someone who is struggling right now this brought me to tears it s comforting to know that someone out there understands even if it s some stranger on the internet â ï [SEP] this advice also goes for someone going through grief and immense loss ð ¹ i wish some more ppl would understand this,what you can do to support them the key is to support or ask for help in a way that doesn t feel overwhelming or exhausting for them here are some examples i was thinking of watching a new movie tonight and i d love your company do you mind if i come over with snacks we can just relax and enjoy the it together i m trying out different tea blends and could really use your help to choose the best one want to join me for a tea tasting session thereâ s a new cafe that opened up nearby and i heard they have great coffee want to check it out with me my treat it s a great evening for a drive how about we just cruise around for a bit while listening to some good music i can pick you up in an hour keep in mind that sometimes they might not be up to hosting at their place if they think itâ s untidy and going out might seem overwhelming if it requires a lot of preparation or too much energy so opt for activities that are simple and enjoyable â things that won t drain their energy but will genuinely make them feel included and valued this way you offer support without adding pressure song by novo amor #depression #feelingdepressed #depressed #mentalhealth #mentalhealthawareness #supportingothers #supportingeachother #mentalhealthsupport #depression #feelingdepressed #depressed #mentalhealth #mentalhealthawareness #supportingothers #supportingeachother #mentalhealthsupport [SEP] presence without pressure ooofffff i felt that [SEP] just be present this is beautiful advice â ï [SEP] this is all i wanted when i went through a bad time no one came [SEP] a friend one time offered to visit me and said that we don t have to talk she can read her book i can do whatever i just stayed in bed but i felt less lonely and more secure â ï â ï â ï [SEP] people don t realize how much a real tight and loving hug would help ð [SEP] eeyore and his woodland friends was a great example to us how to give our friends space to be melancholy and still be with them not expecting joy or entertainment â ï [SEP] more people need to understand this [SEP] as a psych nurse who has a long history of major depression i have to say this is the best advice iâ ve ever heard anyone offer on how to help someone dealing with depression sincerelyâ thank you [SEP] as someone who is struggling right now this brought me to tears it s comforting to know that someone out there understands even if it s some stranger on the internet â ï [SEP] this advice also goes for someone going through grief and immense loss ð ¹ i wish some more ppl would understand this
1081.0,jim carrey on depression #jimcarrey #depression #sadness,#jimcarrey #depression #sadness,the difference between depression and sadness sadness is just you know from happenstance whatever happened or didn t happen for you or you know grief or whatever it is and depression is your body saying fuck you i don t want to be this character anymore i don t want to hold up this avatar that you ve created in the world i don t want to be this character anymore,jim carrey is a real one [SEP] â i think the saddest people always try their hardest to make people feel good happy bc they know what itâ s like to feel absolutely worthless and they [SEP] my soul gave up a bit ago iâ m just on autopilot floating thru life like dust in the air [SEP] you could have everything you ve ever wanted in life and depression says and just remember it s okay to not be okay you ve got this ð ð [SEP] it always gives me pause when someone describes depression you always know theyâ ve actually been in that battle â ï [SEP] anyone else out here feel like you re gaslighting your depression in reverse no brain it s not that bad you have no reason to be this sad [SEP] she looks up â sad videosâ and got one from 2023 [SEP] only reason im hear is for my kids i dont want them to feel like they wernt enough and to wonder where mommy is [SEP] nachdem ich das endlich verstanden konnte ich heilen depressionen werden mich immer begleiten aber ich kann nun damit leben friedlich danke jim [SEP] er hat sein funkeln in den augen verloren ð º,1100000.0,12500000.0,73300.0,3378.0,217648.0,0,jim carrey on depression #jimcarrey #depression #sadness #jimcarrey #depression #sadness [SEP] the difference between depression and sadness sadness is just you know from happenstance whatever happened or didn t happen for you or you know grief or whatever it is and depression is your body saying fuck you i don t want to be this character anymore i don t want to hold up this avatar that you ve created in the world i don t want to be this character anymore [SEP] jim carrey is a real one [SEP] â i think the saddest people always try their hardest to make people feel good happy bc they know what itâ s like to feel absolutely worthless and they [SEP] my soul gave up a bit ago iâ m just on autopilot floating thru life like dust in the air [SEP] you could have everything you ve ever wanted in life and depression says and just remember it s okay to not be okay you ve got this ð ð [SEP] it always gives me pause when someone describes depression you always know theyâ ve actually been in that battle â ï [SEP] anyone else out here feel like you re gaslighting your depression in reverse no brain it s not that bad you have no reason to be this sad [SEP] she looks up â sad videosâ and got one from 2023 [SEP] only reason im hear is for my kids i dont want them to feel like they wernt enough and to wonder where mommy is [SEP] nachdem ich das endlich verstanden konnte ich heilen depressionen werden mich immer begleiten aber ich kann nun damit leben friedlich danke jim [SEP] er hat sein funkeln in den augen verloren ð º,jim carrey on depression #jimcarrey #depression #sadness #jimcarrey #depression #sadness [SEP] jim carrey is a real one [SEP] â i think the saddest people always try their hardest to make people feel good happy bc they know what itâ s like to feel absolutely worthless and they [SEP] my soul gave up a bit ago iâ m just on autopilot floating thru life like dust in the air [SEP] you could have everything you ve ever wanted in life and depression says and just remember it s okay to not be okay you ve got this ð ð [SEP] it always gives me pause when someone describes depression you always know theyâ ve actually been in that battle â ï [SEP] anyone else out here feel like you re gaslighting your depression in reverse no brain it s not that bad you have no reason to be this sad [SEP] she looks up â sad videosâ and got one from 2023 [SEP] only reason im hear is for my kids i dont want them to feel like they wernt enough and to wonder where mommy is [SEP] nachdem ich das endlich verstanden konnte ich heilen depressionen werden mich immer begleiten aber ich kann nun damit leben friedlich danke jim [SEP] er hat sein funkeln in den augen verloren ð º
1082.0,#fyp #tiktok #explore #sad #broken_heartð #dissapointed #depressed #pain,#fyp #tiktok #explore #sad #broken_heartð #dissapointed #depressed #pain,are you okay i m sick are you gonna be okay no it s alright it s alright,i ve not been ok for a very long time [SEP] rose s are dead the violets are dying on the outside i m smiling and on the inside i m crying [SEP] es ist nichts okey [SEP] ich wã¼nschte eine person wã¼rde mich wirklich kennen jeder sagt immer ich kenn dich sooo gut dabei kennen die nicht mal mein 2 name [SEP] its killing me man [SEP] ich wã¼nschte ich hã tte jemanden zu reden [SEP] der tod ist wie eine wiedergeburt fã¼r uns schmerzenden seelen [SEP] im sick and tired of everything [SEP] ich kann mich keinem ã ffnen ich weiã nd warum [SEP] mam szczä å cie å¼e nikt nie sprawdza moich repostã³q,391300.0,5000000.0,12000.0,2697.0,77253.0,0,#fyp #tiktok #explore #sad #broken_heartð #dissapointed #depressed #pain #fyp #tiktok #explore #sad #broken_heartð #dissapointed #depressed #pain [SEP] are you okay i m sick are you gonna be okay no it s alright it s alright [SEP] i ve not been ok for a very long time [SEP] rose s are dead the violets are dying on the outside i m smiling and on the inside i m crying [SEP] es ist nichts okey [SEP] ich wã¼nschte eine person wã¼rde mich wirklich kennen jeder sagt immer ich kenn dich sooo gut dabei kennen die nicht mal mein 2 name [SEP] its killing me man [SEP] ich wã¼nschte ich hã tte jemanden zu reden [SEP] der tod ist wie eine wiedergeburt fã¼r uns schmerzenden seelen [SEP] im sick and tired of everything [SEP] ich kann mich keinem ã ffnen ich weiã nd warum [SEP] mam szczä å cie å¼e nikt nie sprawdza moich repostã³q,#fyp #tiktok #explore #sad #broken_heartð #dissapointed #depressed #pain #fyp #tiktok #explore #sad #broken_heartð #dissapointed #depressed #pain [SEP] i ve not been ok for a very long time [SEP] rose s are dead the violets are dying on the outside i m smiling and on the inside i m crying [SEP] es ist nichts okey [SEP] ich wã¼nschte eine person wã¼rde mich wirklich kennen jeder sagt immer ich kenn dich sooo gut dabei kennen die nicht mal mein 2 name [SEP] its killing me man [SEP] ich wã¼nschte ich hã tte jemanden zu reden [SEP] der tod ist wie eine wiedergeburt fã¼r uns schmerzenden seelen [SEP] im sick and tired of everything [SEP] ich kann mich keinem ã ffnen ich weiã nd warum [SEP] mam szczä å cie å¼e nikt nie sprawdza moich repostã³q
1083.0,nobody ever really cares ð #real #paintok #pain #tears #true #relatable #quotes #depressionquotes #worried #broken #tiktok #foryou #fypage #fyp,#real #paintok #pain #tears #true #relatable #quotes #depressionquotes #worried #broken #tiktok #foryou #fypage #fyp,i like the world of hell until you re pulled to earth yeah i miss that but i m over,iâ m fr crying rn and yeah iâ m wiping my own tears [SEP] nobody was there for me when i was growing up just me myself and i [SEP] before you i will stand unbreakable a diamond formed from pressure and heat however once in the solace of my own company i will crumble into grains as sandstone [SEP] this hits hard [SEP] only you can pick yourself up if you rely on others youâ ll only get further disappointment [SEP] no one knows how i feel [SEP] the only times i cry in front of people is when itâ s really badâ [SEP] i ve always wiped my own tears at the point of relapsing [SEP] silent repost [SEP] real but sometimes it s too much i can t do it on my own but i get through it bc ever since i was 4 i been on my own bc everyone was busy with my brothers being born i wiped my own tears,96800.0,707800.0,5655.0,302.0,20741.0,0,nobody ever really cares ð #real #paintok #pain #tears #true #relatable #quotes #depressionquotes #worried #broken #tiktok #foryou #fypage #fyp #real #paintok #pain #tears #true #relatable #quotes #depressionquotes #worried #broken #tiktok #foryou #fypage #fyp [SEP] i like the world of hell until you re pulled to earth yeah i miss that but i m over [SEP] iâ m fr crying rn and yeah iâ m wiping my own tears [SEP] nobody was there for me when i was growing up just me myself and i [SEP] before you i will stand unbreakable a diamond formed from pressure and heat however once in the solace of my own company i will crumble into grains as sandstone [SEP] this hits hard [SEP] only you can pick yourself up if you rely on others youâ ll only get further disappointment [SEP] no one knows how i feel [SEP] the only times i cry in front of people is when itâ s really badâ [SEP] i ve always wiped my own tears at the point of relapsing [SEP] silent repost [SEP] real but sometimes it s too much i can t do it on my own but i get through it bc ever since i was 4 i been on my own bc everyone was busy with my brothers being born i wiped my own tears,nobody ever really cares ð #real #paintok #pain #tears #true #relatable #quotes #depressionquotes #worried #broken #tiktok #foryou #fypage #fyp #real #paintok #pain #tears #true #relatable #quotes #depressionquotes #worried #broken #tiktok #foryou #fypage #fyp [SEP] iâ m fr crying rn and yeah iâ m wiping my own tears [SEP] nobody was there for me when i was growing up just me myself and i [SEP] before you i will stand unbreakable a diamond formed from pressure and heat however once in the solace of my own company i will crumble into grains as sandstone [SEP] this hits hard [SEP] only you can pick yourself up if you rely on others youâ ll only get further disappointment [SEP] no one knows how i feel [SEP] the only times i cry in front of people is when itâ s really badâ [SEP] i ve always wiped my own tears at the point of relapsing [SEP] silent repost [SEP] real but sometimes it s too much i can t do it on my own but i get through it bc ever since i was 4 i been on my own bc everyone was busy with my brothers being born i wiped my own tears
1084.0,,,â,#nom [SEP] bro explained my life [SEP] fr what s wrong with me [SEP] itâ s such a weird feeling iâ m so drained [SEP] reposting for y all who cant [SEP] not saying this is the answer but expanding my vocabulary with words for different forms or measurements was helpful to find my way look up dysthymia maybe it ll help you somehow too [SEP] i am genuinely starting to lose my mind again [SEP] idk i be zoning out this past few days [SEP] i just want a friend or gf [SEP] real but scared to repost cuz my friend will say i m only acting,1000000.0,6500000.0,60500.0,4919.0,203282.0,0,  [SEP] â [SEP] #nom [SEP] bro explained my life [SEP] fr what s wrong with me [SEP] itâ s such a weird feeling iâ m so drained [SEP] reposting for y all who cant [SEP] not saying this is the answer but expanding my vocabulary with words for different forms or measurements was helpful to find my way look up dysthymia maybe it ll help you somehow too [SEP] i am genuinely starting to lose my mind again [SEP] idk i be zoning out this past few days [SEP] i just want a friend or gf [SEP] real but scared to repost cuz my friend will say i m only acting,  [SEP] #nom [SEP] bro explained my life [SEP] fr what s wrong with me [SEP] itâ s such a weird feeling iâ m so drained [SEP] reposting for y all who cant [SEP] not saying this is the answer but expanding my vocabulary with words for different forms or measurements was helpful to find my way look up dysthymia maybe it ll help you somehow too [SEP] i am genuinely starting to lose my mind again [SEP] idk i be zoning out this past few days [SEP] i just want a friend or gf [SEP] real but scared to repost cuz my friend will say i m only acting
1085.0,#fy #4u #fyp #night #songedit #sadsong #sadlyrics #overthinking #feelinsad #hatemyselve #ð #ð ð #broken #mentalhealth #mentalissues #insecure,#fy #4u #fyp #night #songedit #sadsong #sadlyrics #overthinking #feelinsad #hatemyselve #ð #ð ð #broken #mentalhealth #mentalissues #insecure,i don t know if i m okay at all like sometimes i just wish i was just disappear and never come back but sometimes i want to live an experienced life,rose s are dead violet are dying outside i m smiling the inside i m crying [SEP] i know all i want is love [SEP] iâ m not okay [SEP] my bestie said to me why are u here why u can t just dissaper [SEP] yet i just lie in bed wondering what my life could ve been like if what broke me didn r happen [SEP] i need help ð [SEP] sameð ð [SEP] i feel dead insideð ð [SEP] i feel empty inside [SEP] my life in a video,91800.0,828700.0,7142.0,786.0,20520.0,1,#fy #4u #fyp #night #songedit #sadsong #sadlyrics #overthinking #feelinsad #hatemyselve #ð #ð ð #broken #mentalhealth #mentalissues #insecure #fy #4u #fyp #night #songedit #sadsong #sadlyrics #overthinking #feelinsad #hatemyselve #ð #ð ð #broken #mentalhealth #mentalissues #insecure [SEP] i don t know if i m okay at all like sometimes i just wish i was just disappear and never come back but sometimes i want to live an experienced life [SEP] rose s are dead violet are dying outside i m smiling the inside i m crying [SEP] i know all i want is love [SEP] iâ m not okay [SEP] my bestie said to me why are u here why u can t just dissaper [SEP] yet i just lie in bed wondering what my life could ve been like if what broke me didn r happen [SEP] i need help ð [SEP] sameð ð [SEP] i feel dead insideð ð [SEP] i feel empty inside [SEP] my life in a video,#fy #4u #fyp #night #songedit #sadsong #sadlyrics #overthinking #feelinsad #hatemyselve #ð #ð ð #broken #mentalhealth #mentalissues #insecure #fy #4u #fyp #night #songedit #sadsong #sadlyrics #overthinking #feelinsad #hatemyselve #ð #ð ð #broken #mentalhealth #mentalissues #insecure [SEP] rose s are dead violet are dying outside i m smiling the inside i m crying [SEP] i know all i want is love [SEP] iâ m not okay [SEP] my bestie said to me why are u here why u can t just dissaper [SEP] yet i just lie in bed wondering what my life could ve been like if what broke me didn r happen [SEP] i need help ð [SEP] sameð ð [SEP] i feel dead insideð ð [SEP] i feel empty inside [SEP] my life in a video
1086.0,is this you #cryingsilently #sadnessandpain #reality #life #mentalhealth #pain #brokenheart #3amthoughts #lifeishard #vent #foryoupage #fypã,#cryingsilently #sadnessandpain #reality #life #mentalhealth #pain #brokenheart #3amthoughts #lifeishard #vent #foryoupage #fypã,you alone left out of the cold cleaning through the window and let it broken how you finally cry out,worst feeling crying silently while everyone sleep peacefully ð [SEP] covering ur mouth so you wonâ t make a sound [SEP] crying in silence is more painful tbh [SEP] hiding your pain is better than seeing people look at you while your in pain [SEP] why am i like this every night crying before i fell asleep ð [SEP] tapos yung sipon mo ang ingayð [SEP] ð this tiktok know my feeling right now [SEP] me rn ð ² [SEP] nangis tanpa suara itu sakit [SEP] thats why iâ ll wait that everyone gonna sleep so that i can express my feelings,2500000.0,23000000.0,130600.0,18900.0,390243.0,0,is this you #cryingsilently #sadnessandpain #reality #life #mentalhealth #pain #brokenheart #3amthoughts #lifeishard #vent #foryoupage #fypã #cryingsilently #sadnessandpain #reality #life #mentalhealth #pain #brokenheart #3amthoughts #lifeishard #vent #foryoupage #fypã [SEP] you alone left out of the cold cleaning through the window and let it broken how you finally cry out [SEP] worst feeling crying silently while everyone sleep peacefully ð [SEP] covering ur mouth so you wonâ t make a sound [SEP] crying in silence is more painful tbh [SEP] hiding your pain is better than seeing people look at you while your in pain [SEP] why am i like this every night crying before i fell asleep ð [SEP] tapos yung sipon mo ang ingayð [SEP] ð this tiktok know my feeling right now [SEP] me rn ð ² [SEP] nangis tanpa suara itu sakit [SEP] thats why iâ ll wait that everyone gonna sleep so that i can express my feelings,is this you #cryingsilently #sadnessandpain #reality #life #mentalhealth #pain #brokenheart #3amthoughts #lifeishard #vent #foryoupage #fypã #cryingsilently #sadnessandpain #reality #life #mentalhealth #pain #brokenheart #3amthoughts #lifeishard #vent #foryoupage #fypã [SEP] worst feeling crying silently while everyone sleep peacefully ð [SEP] covering ur mouth so you wonâ t make a sound [SEP] crying in silence is more painful tbh [SEP] hiding your pain is better than seeing people look at you while your in pain [SEP] why am i like this every night crying before i fell asleep ð [SEP] tapos yung sipon mo ang ingayð [SEP] ð this tiktok know my feeling right now [SEP] me rn ð ² [SEP] nangis tanpa suara itu sakit [SEP] thats why iâ ll wait that everyone gonna sleep so that i can express my feelings
1087.0,depression and anxiety damn out of words ð,,anybody who s ever gone through depression would tell you that it s not just something in your mind but rather it s something you feel in your body as much as it s in your head it s also in your stomach having anxiety and depression is like being scared and tired at the same time it s the fear of failure but no urge to be productive it s wanting friends but hate socializing it s wanting to be alone but not wanting to be lonely it s feeling everything at once then feeling paralyzing numb this is a picture of what anxiety and depression at times feels like get what i m learning,i agree 100 [SEP] my teacher played this in our class [SEP] ð ºyes leaving now [SEP] es ist eine tiefe alles ã¼berschattende leere [SEP] it s misery it s suffocating it s exhausting [SEP] gone through people are always going through it just doesn t stop [SEP] i feel like iâ m getting better with itð º [SEP] yes at this point iam there [SEP] that s how i feel ð º [SEP] real,684600.0,3700000.0,60900.0,2813.0,137496.0,0,depression and anxiety damn out of words ð  [SEP] anybody who s ever gone through depression would tell you that it s not just something in your mind but rather it s something you feel in your body as much as it s in your head it s also in your stomach having anxiety and depression is like being scared and tired at the same time it s the fear of failure but no urge to be productive it s wanting friends but hate socializing it s wanting to be alone but not wanting to be lonely it s feeling everything at once then feeling paralyzing numb this is a picture of what anxiety and depression at times feels like get what i m learning [SEP] i agree 100 [SEP] my teacher played this in our class [SEP] ð ºyes leaving now [SEP] es ist eine tiefe alles ã¼berschattende leere [SEP] it s misery it s suffocating it s exhausting [SEP] gone through people are always going through it just doesn t stop [SEP] i feel like iâ m getting better with itð º [SEP] yes at this point iam there [SEP] that s how i feel ð º [SEP] real,depression and anxiety damn out of words ð  [SEP] i agree 100 [SEP] my teacher played this in our class [SEP] ð ºyes leaving now [SEP] es ist eine tiefe alles ã¼berschattende leere [SEP] it s misery it s suffocating it s exhausting [SEP] gone through people are always going through it just doesn t stop [SEP] i feel like iâ m getting better with itð º [SEP] yes at this point iam there [SEP] that s how i feel ð º [SEP] real
1088.0,#foryou,#foryou,â,silent repost button ð [SEP] iâ m always the funniest person in the room if they only knew [SEP] no one knows my pain no one knows my problem no one knows my fallings no one knows my biggest heartbreak iâ m always the funniest person in the room if they only knew [SEP] i always listen to their stories but no one truly understands mine [SEP] am really tired this lifeð ð [SEP] only can happy n smile in front of everyone [SEP] they all just see the happy and smiley side of me but never the weakest and miserable side because who cares [SEP] the feeling of waking up each day and the first word that comes in your head is why why am i up to go through everything again why why why ð º [SEP] no one knows my pain within my self [SEP] i hide sadness now its just angry,160200.0,2300000.0,15600.0,702.0,35215.0,0,#foryou #foryou [SEP] â [SEP] silent repost button ð [SEP] iâ m always the funniest person in the room if they only knew [SEP] no one knows my pain no one knows my problem no one knows my fallings no one knows my biggest heartbreak iâ m always the funniest person in the room if they only knew [SEP] i always listen to their stories but no one truly understands mine [SEP] am really tired this lifeð ð [SEP] only can happy n smile in front of everyone [SEP] they all just see the happy and smiley side of me but never the weakest and miserable side because who cares [SEP] the feeling of waking up each day and the first word that comes in your head is why why am i up to go through everything again why why why ð º [SEP] no one knows my pain within my self [SEP] i hide sadness now its just angry,#foryou #foryou [SEP] silent repost button ð [SEP] iâ m always the funniest person in the room if they only knew [SEP] no one knows my pain no one knows my problem no one knows my fallings no one knows my biggest heartbreak iâ m always the funniest person in the room if they only knew [SEP] i always listen to their stories but no one truly understands mine [SEP] am really tired this lifeð ð [SEP] only can happy n smile in front of everyone [SEP] they all just see the happy and smiley side of me but never the weakest and miserable side because who cares [SEP] the feeling of waking up each day and the first word that comes in your head is why why am i up to go through everything again why why why ð º [SEP] no one knows my pain within my self [SEP] i hide sadness now its just angry
1089.0,im mentally exhausted,,i just saw you go to a place tonight i have never seen before i don t know if you could do it again but it was a ahhhhhhhhhhhhhhhhh,nah and then afterwards they make you feel guilty for feeling the way you do [SEP] the hand shaking before snapping is so real [SEP] literally nothing i do is enough iâ m so exhausted [SEP] like bro itâ s never enough [SEP] this is exactly how i m truly feeling i m tired of giving up what i have to please people i m tired of working and having nothing to show for it i m draining [SEP] its so hard im so done trying to be there for everyone every time of day i look in the mirror and dont recognize myswlf [SEP] i want to rest [SEP] mentally tired physically exhausted emotionally drained [SEP] this is what my ole man needs to do he is dealing with overtime me [SEP] this just described me with my dad ð,120900.0,1200000.0,4890.0,201.0,27839.0,1,im mentally exhausted  [SEP] i just saw you go to a place tonight i have never seen before i don t know if you could do it again but it was a ahhhhhhhhhhhhhhhhh [SEP] nah and then afterwards they make you feel guilty for feeling the way you do [SEP] the hand shaking before snapping is so real [SEP] literally nothing i do is enough iâ m so exhausted [SEP] like bro itâ s never enough [SEP] this is exactly how i m truly feeling i m tired of giving up what i have to please people i m tired of working and having nothing to show for it i m draining [SEP] its so hard im so done trying to be there for everyone every time of day i look in the mirror and dont recognize myswlf [SEP] i want to rest [SEP] mentally tired physically exhausted emotionally drained [SEP] this is what my ole man needs to do he is dealing with overtime me [SEP] this just described me with my dad ð,im mentally exhausted  [SEP] nah and then afterwards they make you feel guilty for feeling the way you do [SEP] the hand shaking before snapping is so real [SEP] literally nothing i do is enough iâ m so exhausted [SEP] like bro itâ s never enough [SEP] this is exactly how i m truly feeling i m tired of giving up what i have to please people i m tired of working and having nothing to show for it i m draining [SEP] its so hard im so done trying to be there for everyone every time of day i look in the mirror and dont recognize myswlf [SEP] i want to rest [SEP] mentally tired physically exhausted emotionally drained [SEP] this is what my ole man needs to do he is dealing with overtime me [SEP] this just described me with my dad ð
1090.0,this songð ð #survive #hurt #depressed #anxiety #vibes #musicvibes #lyrics #foryou #foryoupage #song #dark #darkvibes #darkvidez,#survive #hurt #depressed #anxiety #vibes #musicvibes #lyrics #foryou #foryoupage #song #dark #darkvibes #darkvidez,i wrote this song for anybody who s tired of having to put on a face and act like they re okay all the time when they re really not,â alive itâ s a lie demoâ on spotify [SEP] damn songs this days can really touch your heart [SEP] unfair talaga ng mundo [SEP] â ï â ð ¹ [SEP] it s called alive kyle hume [SEP] rose s are dead violet are dying outside i m smiling the inside i m crying [SEP] after searching lyrics [SEP] damnn the lyrics ð [SEP] this is my song [SEP] i search lyrics and here i am,2600000.0,22800000.0,121900.0,9784.0,550150.0,0,this songð ð #survive #hurt #depressed #anxiety #vibes #musicvibes #lyrics #foryou #foryoupage #song #dark #darkvibes #darkvidez #survive #hurt #depressed #anxiety #vibes #musicvibes #lyrics #foryou #foryoupage #song #dark #darkvibes #darkvidez [SEP] i wrote this song for anybody who s tired of having to put on a face and act like they re okay all the time when they re really not [SEP] â alive itâ s a lie demoâ on spotify [SEP] damn songs this days can really touch your heart [SEP] unfair talaga ng mundo [SEP] â ï â ð ¹ [SEP] it s called alive kyle hume [SEP] rose s are dead violet are dying outside i m smiling the inside i m crying [SEP] after searching lyrics [SEP] damnn the lyrics ð [SEP] this is my song [SEP] i search lyrics and here i am,this songð ð #survive #hurt #depressed #anxiety #vibes #musicvibes #lyrics #foryou #foryoupage #song #dark #darkvibes #darkvidez #survive #hurt #depressed #anxiety #vibes #musicvibes #lyrics #foryou #foryoupage #song #dark #darkvibes #darkvidez [SEP] â alive itâ s a lie demoâ on spotify [SEP] damn songs this days can really touch your heart [SEP] unfair talaga ng mundo [SEP] â ï â ð ¹ [SEP] it s called alive kyle hume [SEP] rose s are dead violet are dying outside i m smiling the inside i m crying [SEP] after searching lyrics [SEP] damnn the lyrics ð [SEP] this is my song [SEP] i search lyrics and here i am
1091.0,just do something #mentalhealth #depression #keepgoing #youcandoit #staypositive #fyp,#mentalhealth #depression #keepgoing #youcandoit #staypositive #fyp,when you re depressed you just stay in one spot and that s just the greatest advice i can give someone it s like bro just do something like move somewhere you know i promise you man like you know what you re gonna get like i know i can let you in bed bro like sometimes getting out of bed bro it feels like my leg alright tell some paths i don t want to fucking read and i don t want to make videos but i have to you know ain t no i just fucking hard,those who havenâ t been there wonâ t understand [SEP] men s mental health matters â ï ð [SEP] stay up brother good soul [SEP] depression isn t easy until you know [SEP] the guy is hurt ð ºð ºð º [SEP] if a guy cries know that there is super duper pain in his heart [SEP] staying down is so paralyzing and the mental weight of getting back up is unexplainably overwhelming [SEP] â â come to me all you who are weary and burdened and i will give you rest â matthew 11 28 niv ð ºâ ï â ï [SEP] battling depression and being a parent and having to force to push through is the hardest so i felt this [SEP] everything feels so heavy like it physically hurts eh,1600000.0,13400000.0,55600.0,23300.0,277654.0,0,just do something #mentalhealth #depression #keepgoing #youcandoit #staypositive #fyp #mentalhealth #depression #keepgoing #youcandoit #staypositive #fyp [SEP] when you re depressed you just stay in one spot and that s just the greatest advice i can give someone it s like bro just do something like move somewhere you know i promise you man like you know what you re gonna get like i know i can let you in bed bro like sometimes getting out of bed bro it feels like my leg alright tell some paths i don t want to fucking read and i don t want to make videos but i have to you know ain t no i just fucking hard [SEP] those who havenâ t been there wonâ t understand [SEP] men s mental health matters â ï ð [SEP] stay up brother good soul [SEP] depression isn t easy until you know [SEP] the guy is hurt ð ºð ºð º [SEP] if a guy cries know that there is super duper pain in his heart [SEP] staying down is so paralyzing and the mental weight of getting back up is unexplainably overwhelming [SEP] â â come to me all you who are weary and burdened and i will give you rest â matthew 11 28 niv ð ºâ ï â ï [SEP] battling depression and being a parent and having to force to push through is the hardest so i felt this [SEP] everything feels so heavy like it physically hurts eh,just do something #mentalhealth #depression #keepgoing #youcandoit #staypositive #fyp #mentalhealth #depression #keepgoing #youcandoit #staypositive #fyp [SEP] those who havenâ t been there wonâ t understand [SEP] men s mental health matters â ï ð [SEP] stay up brother good soul [SEP] depression isn t easy until you know [SEP] the guy is hurt ð ºð ºð º [SEP] if a guy cries know that there is super duper pain in his heart [SEP] staying down is so paralyzing and the mental weight of getting back up is unexplainably overwhelming [SEP] â â come to me all you who are weary and burdened and i will give you rest â matthew 11 28 niv ð ºâ ï â ï [SEP] battling depression and being a parent and having to force to push through is the hardest so i felt this [SEP] everything feels so heavy like it physically hurts eh
1092.0,tw #mentalhealth #therapistsontiktok #therapytok,#mentalhealth #therapistsontiktok #therapytok,depression can look like this and like this,i put my best face smile when i m out but once i get home i immediately burst into tears [SEP] this is absolutely the truth but some people will never understand the roller coaster ride of depression no matter how hard you try to explain it [SEP] kto nie przeå¼yå ten nie wieð [SEP] reposto senza repostare [SEP] iâ m the second felt that on my own skin the worst feeling ever and nobody will never truly understand that ð º [SEP] thank you for this i finally feel so understood [SEP] i could be smiling but inside i m crying it s so hard to control my tears [SEP] exactly ð ð ¾ [SEP] iâ m both happy and trying to make everyone happy and making sure theyâ re okayâ but at home i wanna be in bed all day my partner calls me lazyâ ð [SEP] thatâ s me,98200.0,1900000.0,4533.0,468.0,13386.0,0,tw #mentalhealth #therapistsontiktok #therapytok #mentalhealth #therapistsontiktok #therapytok [SEP] depression can look like this and like this [SEP] i put my best face smile when i m out but once i get home i immediately burst into tears [SEP] this is absolutely the truth but some people will never understand the roller coaster ride of depression no matter how hard you try to explain it [SEP] kto nie przeå¼yå ten nie wieð [SEP] reposto senza repostare [SEP] iâ m the second felt that on my own skin the worst feeling ever and nobody will never truly understand that ð º [SEP] thank you for this i finally feel so understood [SEP] i could be smiling but inside i m crying it s so hard to control my tears [SEP] exactly ð ð ¾ [SEP] iâ m both happy and trying to make everyone happy and making sure theyâ re okayâ but at home i wanna be in bed all day my partner calls me lazyâ ð [SEP] thatâ s me,tw #mentalhealth #therapistsontiktok #therapytok #mentalhealth #therapistsontiktok #therapytok [SEP] i put my best face smile when i m out but once i get home i immediately burst into tears [SEP] this is absolutely the truth but some people will never understand the roller coaster ride of depression no matter how hard you try to explain it [SEP] kto nie przeå¼yå ten nie wieð [SEP] reposto senza repostare [SEP] iâ m the second felt that on my own skin the worst feeling ever and nobody will never truly understand that ð º [SEP] thank you for this i finally feel so understood [SEP] i could be smiling but inside i m crying it s so hard to control my tears [SEP] exactly ð ð ¾ [SEP] iâ m both happy and trying to make everyone happy and making sure theyâ re okayâ but at home i wanna be in bed all day my partner calls me lazyâ ð [SEP] thatâ s me
1093.0,i hate this time of year #mentalhealth #depression #sadtiktok #sadnessfeelings #sadrelatable #pain #sadtok,#mentalhealth #depression #sadtiktok #sadnessfeelings #sadrelatable #pain #sadtok,where is julebe i m not sure if nobody wants to stay in here nobody can ever understand the only one who can take care of you and understand you is you yourself so we must take care of yourself,life is so draning im done [SEP] i js feel empty [SEP] why do i lowk wanna run away [SEP] seasonal depression ainâ t no joke [SEP] nobody understands me thatâ s why i stay quiet [SEP] rose s are dead violet are dying outside i m smiling the inside i m crying [SEP] i am so far from being ok [SEP] it s always every few months like a cycle [SEP] i don t know how to help you other than that no one but jesus knows what makes you cry [SEP] seasonal depression sucks bro,336000.0,2400000.0,11700.0,907.0,81766.0,0,i hate this time of year #mentalhealth #depression #sadtiktok #sadnessfeelings #sadrelatable #pain #sadtok #mentalhealth #depression #sadtiktok #sadnessfeelings #sadrelatable #pain #sadtok [SEP] where is julebe i m not sure if nobody wants to stay in here nobody can ever understand the only one who can take care of you and understand you is you yourself so we must take care of yourself [SEP] life is so draning im done [SEP] i js feel empty [SEP] why do i lowk wanna run away [SEP] seasonal depression ainâ t no joke [SEP] nobody understands me thatâ s why i stay quiet [SEP] rose s are dead violet are dying outside i m smiling the inside i m crying [SEP] i am so far from being ok [SEP] it s always every few months like a cycle [SEP] i don t know how to help you other than that no one but jesus knows what makes you cry [SEP] seasonal depression sucks bro,i hate this time of year #mentalhealth #depression #sadtiktok #sadnessfeelings #sadrelatable #pain #sadtok #mentalhealth #depression #sadtiktok #sadnessfeelings #sadrelatable #pain #sadtok [SEP] life is so draning im done [SEP] i js feel empty [SEP] why do i lowk wanna run away [SEP] seasonal depression ainâ t no joke [SEP] nobody understands me thatâ s why i stay quiet [SEP] rose s are dead violet are dying outside i m smiling the inside i m crying [SEP] i am so far from being ok [SEP] it s always every few months like a cycle [SEP] i don t know how to help you other than that no one but jesus knows what makes you cry [SEP] seasonal depression sucks bro
1094.0,ð #fyp #pain #foryou #heartbroken #sadcontent #sad #depressiã n #depressedquotes #mentalhealthmatters #foryoupage #letgo,#fyp #pain #foryou #heartbroken #sadcontent #sad #depressiã n #depressedquotes #mentalhealthmatters #foryoupage #letgo,if i ever lose my battle with depression there s a few things i want everyone to know i don t blame any of you or anything from my past but i wish you would have noticed that i was crying on the inside even when i was smiling on the outside i know i tried so hard to be everyone sunshine but i was full of rain clouds,no one ever notices the rain clouds get too heavy at times ð ð [SEP] silent repostâ iâ m about to lose my battle [SEP] nobody gonna give you damn they act like they care at that s the most ð [SEP] no one ever notices til it s to late when we take our own lifeð º [SEP] iâ m sorry but itâ s my time to go [SEP] we have same feelingsð ð ð [SEP] no one notices [SEP] i am going through this ð ªeveryday an weeks are hard at times here i have hit the bottom here an it is hard for me to get out of here an i am sorry [SEP] so true [SEP] it gets harder everyday and no one notices,237700.0,3200000.0,16600.0,1137.0,51575.0,0,ð #fyp #pain #foryou #heartbroken #sadcontent #sad #depressiã n #depressedquotes #mentalhealthmatters #foryoupage #letgo #fyp #pain #foryou #heartbroken #sadcontent #sad #depressiã n #depressedquotes #mentalhealthmatters #foryoupage #letgo [SEP] if i ever lose my battle with depression there s a few things i want everyone to know i don t blame any of you or anything from my past but i wish you would have noticed that i was crying on the inside even when i was smiling on the outside i know i tried so hard to be everyone sunshine but i was full of rain clouds [SEP] no one ever notices the rain clouds get too heavy at times ð ð [SEP] silent repostâ iâ m about to lose my battle [SEP] nobody gonna give you damn they act like they care at that s the most ð [SEP] no one ever notices til it s to late when we take our own lifeð º [SEP] iâ m sorry but itâ s my time to go [SEP] we have same feelingsð ð ð [SEP] no one notices [SEP] i am going through this ð ªeveryday an weeks are hard at times here i have hit the bottom here an it is hard for me to get out of here an i am sorry [SEP] so true [SEP] it gets harder everyday and no one notices,ð #fyp #pain #foryou #heartbroken #sadcontent #sad #depressiã n #depressedquotes #mentalhealthmatters #foryoupage #letgo #fyp #pain #foryou #heartbroken #sadcontent #sad #depressiã n #depressedquotes #mentalhealthmatters #foryoupage #letgo [SEP] no one ever notices the rain clouds get too heavy at times ð ð [SEP] silent repostâ iâ m about to lose my battle [SEP] nobody gonna give you damn they act like they care at that s the most ð [SEP] no one ever notices til it s to late when we take our own lifeð º [SEP] iâ m sorry but itâ s my time to go [SEP] we have same feelingsð ð ð [SEP] no one notices [SEP] i am going through this ð ªeveryday an weeks are hard at times here i have hit the bottom here an it is hard for me to get out of here an i am sorry [SEP] so true [SEP] it gets harder everyday and no one notices
1095.0,everyday i feel more and more alone #real #imbroken #imhurting #imsad #imallalone #whatdoido #myhearthurts #ineedahug #depres #saveme #imaloser #nobodylovesme,#real #imbroken #imhurting #imsad #imallalone #whatdoido #myhearthurts #ineedahug #depres #saveme #imaloser #nobodylovesme,if i ever lose my battle with depression there s a few things i want everyone to know i don t blame any of you or anything from my past but i wish you would have noticed that i was crying on the inside even when i was smiling on the outside i know i tried so hard to be everyone sunshine but i was full of rain clouds,he look like heâ s kind ð º [SEP] facts it s not even fun anymore [SEP] its not that your alone its just life isnâ t life [SEP] just gotta push through for my mom thats allð ð ½â â ï [SEP] i have to do same your not alone brother ð [SEP] ever since 2020 started fr [SEP] he looks sweetð [SEP] rose s are dead violet are dying outside i m smiling the inside i m crying [SEP] nobody looks at my reposts anymore so it s safeâ ï â ð ¹ [SEP] this is so true my life is like this and i m very sad everyday i hope no one is like this,288100.0,2800000.0,16700.0,1944.0,68671.0,0,everyday i feel more and more alone #real #imbroken #imhurting #imsad #imallalone #whatdoido #myhearthurts #ineedahug #depres #saveme #imaloser #nobodylovesme #real #imbroken #imhurting #imsad #imallalone #whatdoido #myhearthurts #ineedahug #depres #saveme #imaloser #nobodylovesme [SEP] if i ever lose my battle with depression there s a few things i want everyone to know i don t blame any of you or anything from my past but i wish you would have noticed that i was crying on the inside even when i was smiling on the outside i know i tried so hard to be everyone sunshine but i was full of rain clouds [SEP] he look like heâ s kind ð º [SEP] facts it s not even fun anymore [SEP] its not that your alone its just life isnâ t life [SEP] just gotta push through for my mom thats allð ð ½â â ï [SEP] i have to do same your not alone brother ð [SEP] ever since 2020 started fr [SEP] he looks sweetð [SEP] rose s are dead violet are dying outside i m smiling the inside i m crying [SEP] nobody looks at my reposts anymore so it s safeâ ï â ð ¹ [SEP] this is so true my life is like this and i m very sad everyday i hope no one is like this,everyday i feel more and more alone #real #imbroken #imhurting #imsad #imallalone #whatdoido #myhearthurts #ineedahug #depres #saveme #imaloser #nobodylovesme #real #imbroken #imhurting #imsad #imallalone #whatdoido #myhearthurts #ineedahug #depres #saveme #imaloser #nobodylovesme [SEP] he look like heâ s kind ð º [SEP] facts it s not even fun anymore [SEP] its not that your alone its just life isnâ t life [SEP] just gotta push through for my mom thats allð ð ½â â ï [SEP] i have to do same your not alone brother ð [SEP] ever since 2020 started fr [SEP] he looks sweetð [SEP] rose s are dead violet are dying outside i m smiling the inside i m crying [SEP] nobody looks at my reposts anymore so it s safeâ ï â ð ¹ [SEP] this is so true my life is like this and i m very sad everyday i hope no one is like this
1096.0,sleep to forget the pain #pain #depression #sleeping #animation #drawing #fyp #foryou,#pain #depression #sleeping #animation #drawing #fyp #foryou,â,i just want to sleep and never wake up [SEP] worst part is when you dream about your pain â [SEP] the worst is when you wake up remember nothing and then it hits you [SEP] i feel pain even in my sleep ð [SEP] sleep to forget painâ sleep to escape realityâ [SEP] mais la douleur empãªche de dormir [SEP] and when my mind finally decides to allow me to rest i wake up exhausted and sad that i woke up [SEP] vorrei dire a tutte le persone che stanno male che passerã come ã passato per me resistete vi voglio bene [SEP] just to end up waking up with a heavy heart because everything is still the same [SEP] fateci caso dormire troppo o troppo poco ã un segnale qualcosa non va,495700.0,4100000.0,27200.0,2630.0,74860.0,0,sleep to forget the pain #pain #depression #sleeping #animation #drawing #fyp #foryou #pain #depression #sleeping #animation #drawing #fyp #foryou [SEP] â [SEP] i just want to sleep and never wake up [SEP] worst part is when you dream about your pain â [SEP] the worst is when you wake up remember nothing and then it hits you [SEP] i feel pain even in my sleep ð [SEP] sleep to forget painâ sleep to escape realityâ [SEP] mais la douleur empãªche de dormir [SEP] and when my mind finally decides to allow me to rest i wake up exhausted and sad that i woke up [SEP] vorrei dire a tutte le persone che stanno male che passerã come ã passato per me resistete vi voglio bene [SEP] just to end up waking up with a heavy heart because everything is still the same [SEP] fateci caso dormire troppo o troppo poco ã un segnale qualcosa non va,sleep to forget the pain #pain #depression #sleeping #animation #drawing #fyp #foryou #pain #depression #sleeping #animation #drawing #fyp #foryou [SEP] i just want to sleep and never wake up [SEP] worst part is when you dream about your pain â [SEP] the worst is when you wake up remember nothing and then it hits you [SEP] i feel pain even in my sleep ð [SEP] sleep to forget painâ sleep to escape realityâ [SEP] mais la douleur empãªche de dormir [SEP] and when my mind finally decides to allow me to rest i wake up exhausted and sad that i woke up [SEP] vorrei dire a tutte le persone che stanno male che passerã come ã passato per me resistete vi voglio bene [SEP] just to end up waking up with a heavy heart because everything is still the same [SEP] fateci caso dormire troppo o troppo poco ã un segnale qualcosa non va
1097.0,â #sadhours #sadtiktoks #relatable #foryou #sadquote #fyp #mentalhealth #real #sad #deppresiã n #sadness #broken #vent,#sadhours #sadtiktoks #relatable #foryou #sadquote #fyp #mentalhealth #real #sad #deppresiã n #sadness #broken #vent,â,â itâ s been a monthâ but he was my sweet boy he was the loml [SEP] and i remember everything [SEP] he broke up with me today [SEP] the pain is unbelievably unbearable [SEP] this is me most of the time when something happens or i remember something but i feel so bad for georgia tho [SEP] i canâ t be the dead friend i can t be the dead daughter i can t be the dead cousin i can t be the dead student i can t be the dead lover i can t be the dead classmate but iâ m so tired [SEP] itâ s been almost 6 yearsâ [SEP] i miss her so goddamn much everything has left me since she died [SEP] commenting to stay on this side of tt [SEP] 10 years and still not healed,136000.0,740400.0,3147.0,516.0,30121.0,0,â #sadhours #sadtiktoks #relatable #foryou #sadquote #fyp #mentalhealth #real #sad #deppresiã n #sadness #broken #vent #sadhours #sadtiktoks #relatable #foryou #sadquote #fyp #mentalhealth #real #sad #deppresiã n #sadness #broken #vent [SEP] â [SEP] â itâ s been a monthâ but he was my sweet boy he was the loml [SEP] and i remember everything [SEP] he broke up with me today [SEP] the pain is unbelievably unbearable [SEP] this is me most of the time when something happens or i remember something but i feel so bad for georgia tho [SEP] i canâ t be the dead friend i can t be the dead daughter i can t be the dead cousin i can t be the dead student i can t be the dead lover i can t be the dead classmate but iâ m so tired [SEP] itâ s been almost 6 yearsâ [SEP] i miss her so goddamn much everything has left me since she died [SEP] commenting to stay on this side of tt [SEP] 10 years and still not healed,â #sadhours #sadtiktoks #relatable #foryou #sadquote #fyp #mentalhealth #real #sad #deppresiã n #sadness #broken #vent #sadhours #sadtiktoks #relatable #foryou #sadquote #fyp #mentalhealth #real #sad #deppresiã n #sadness #broken #vent [SEP] â itâ s been a monthâ but he was my sweet boy he was the loml [SEP] and i remember everything [SEP] he broke up with me today [SEP] the pain is unbelievably unbearable [SEP] this is me most of the time when something happens or i remember something but i feel so bad for georgia tho [SEP] i canâ t be the dead friend i can t be the dead daughter i can t be the dead cousin i can t be the dead student i can t be the dead lover i can t be the dead classmate but iâ m so tired [SEP] itâ s been almost 6 yearsâ [SEP] i miss her so goddamn much everything has left me since she died [SEP] commenting to stay on this side of tt [SEP] 10 years and still not healed
1098.0,most depressed person of a family #lifequotes #dannydevito #inspiration #family #quotes #wisdom,#lifequotes #dannydevito #inspiration #family #quotes #wisdom,the most depressed person of the family it s not mother not father not daughters it s the eldest son the eldest son carries the rage no one often notices he was raised to be the pillar to be strong enough to absorb everyone s burdens yet never fragile enough to break under them expectations became his inheritance the quiet suffocating kind that weighed heavier than his own dreams he is the one who must succeed provide protect and never falter but in the process of becoming everyone s safety net he lost the right to fall himself,how does tiktok know the viewer is the eldest son [SEP] all eldest sons should unite here [SEP] all is true but the eldest son cannot even repost this because he gotta be strong and not show any weaknesses [SEP] oldest son here this broke me ð [SEP] cheers to all the depressed eldest sons [SEP] big red was here [SEP] oldest son checking in can confirmâ [SEP] i hate this app some days [SEP] the youngest son [SEP] as the eldest son i approve this message im so fucking tired and i pray every day for god to tske me everyone got a wife but me me alone because why because family yet my dreams are dead,1800000.0,23700000.0,263500.0,23400.0,359776.0,0,most depressed person of a family #lifequotes #dannydevito #inspiration #family #quotes #wisdom #lifequotes #dannydevito #inspiration #family #quotes #wisdom [SEP] the most depressed person of the family it s not mother not father not daughters it s the eldest son the eldest son carries the rage no one often notices he was raised to be the pillar to be strong enough to absorb everyone s burdens yet never fragile enough to break under them expectations became his inheritance the quiet suffocating kind that weighed heavier than his own dreams he is the one who must succeed provide protect and never falter but in the process of becoming everyone s safety net he lost the right to fall himself [SEP] how does tiktok know the viewer is the eldest son [SEP] all eldest sons should unite here [SEP] all is true but the eldest son cannot even repost this because he gotta be strong and not show any weaknesses [SEP] oldest son here this broke me ð [SEP] cheers to all the depressed eldest sons [SEP] big red was here [SEP] oldest son checking in can confirmâ [SEP] i hate this app some days [SEP] the youngest son [SEP] as the eldest son i approve this message im so fucking tired and i pray every day for god to tske me everyone got a wife but me me alone because why because family yet my dreams are dead,most depressed person of a family #lifequotes #dannydevito #inspiration #family #quotes #wisdom #lifequotes #dannydevito #inspiration #family #quotes #wisdom [SEP] how does tiktok know the viewer is the eldest son [SEP] all eldest sons should unite here [SEP] all is true but the eldest son cannot even repost this because he gotta be strong and not show any weaknesses [SEP] oldest son here this broke me ð [SEP] cheers to all the depressed eldest sons [SEP] big red was here [SEP] oldest son checking in can confirmâ [SEP] i hate this app some days [SEP] the youngest son [SEP] as the eldest son i approve this message im so fucking tired and i pray every day for god to tske me everyone got a wife but me me alone because why because family yet my dreams are dead
1099.0,tu as deja vã cue une depression #depression #depressif #depressive #deprime #tristesse #maletre #souffrance,#depression #depressif #depressive #deprime #tristesse #maletre #souffrance,only a person who has already experienced depression can understand this message when you depress it you have no more energy you can spend whole newspapers to sleep in your bed not because you are a fellow but simply because your body cannot get up when you are depressed you have more motivation you no longer want anything it becomes very difficult for you to perform gestures to ourselves for this reason the others have patients understanding they will say that you add more or that you are trying to make yourself full but the reality is that it does not go and despite all your desire to go ahead you can not do it you feel a big inner vacuum as if you had torn this part of you which once was full of life when you are depressed you often feel guilty of yourself your state your depression the image you send back to others therefore you have done everything for depression masquette when you have the outside with your friends you will give the image of a person who aims for life normally while deeper of you you suffer in silence when you are depressed you have a lot of trouble thinking and expressing yourself clearly as if your mind had gone on vacation you often have the impression of having your head life or when the world around you has become too complicated and focus on a task of requests to forces on humans so if you are currently using pressures hang on how often says sometimes you have to touch the bottom to be able to bounce back i know how hard it extends it when you depression how much your powerful you are fighting but the difficult moments of life are not eternal that is why you have to learn to hang on and you will see everything apart from arranging tell me in the comments if you ve already experienced a depression or if you have a good time and for more advice don t forget to like this video and subscribe to my page,câ est la sensation la plus horrible que jâ ai pu vivre parce quâ on est littã ralement seul personne nâ es prã sent absolument personne et on doit [SEP] bientã t 2 ans chaque jour est une ã preuve ð º [SEP] je suis en plein dedans ð º [SEP] la dã pression est une maladie des personnes qui ont toujours ã tais forte et aprã s ãªtre tre fort la fatigue mental ariiv et de range de lâ intã rieur [SEP] lisez adieu malheur de pascal roucouâ ï [SEP] trop ã a [SEP] j y suis ã nouveau ð des gens sont lã et veulent m aider mais ils ne me comprennent pas j y arrive plus j ai pas le courage d aller mieux franchement je suis perdue [SEP] journã e et arivee a rien faire mãªme pas le mã nage ne plus savoir quoi faire manger plus le goã t a rien plus envie de rien [SEP] je suis dã pressif mais aprã s la mort de mon pã re ã a empirã ð [SEP] j ai fait une dã pression il ya 14 ans trã s bien soignã e et j ai l impression que ã a revient ces derniers temps ð on peut en guã rir sans mã dicaments,143900.0,1800000.0,15900.0,7187.0,32054.0,0,tu as deja vã cue une depression #depression #depressif #depressive #deprime #tristesse #maletre #souffrance #depression #depressif #depressive #deprime #tristesse #maletre #souffrance [SEP] only a person who has already experienced depression can understand this message when you depress it you have no more energy you can spend whole newspapers to sleep in your bed not because you are a fellow but simply because your body cannot get up when you are depressed you have more motivation you no longer want anything it becomes very difficult for you to perform gestures to ourselves for this reason the others have patients understanding they will say that you add more or that you are trying to make yourself full but the reality is that it does not go and despite all your desire to go ahead you can not do it you feel a big inner vacuum as if you had torn this part of you which once was full of life when you are depressed you often feel guilty of yourself your state your depression the image you send back to others therefore you have done everything for depression masquette when you have the outside with your friends you will give the image of a person who aims for life normally while deeper of you you suffer in silence when you are depressed you have a lot of trouble thinking and expressing yourself clearly as if your mind had gone on vacation you often have the impression of having your head life or when the world around you has become too complicated and focus on a task of requests to forces on humans so if you are currently using pressures hang on how often says sometimes you have to touch the bottom to be able to bounce back i know how hard it extends it when you depression how much your powerful you are fighting but the difficult moments of life are not eternal that is why you have to learn to hang on and you will see everything apart from arranging tell me in the comments if you ve already experienced a depression or if you have a good time and for more advice don t forget to like this video and subscribe to my page [SEP] câ est la sensation la plus horrible que jâ ai pu vivre parce quâ on est littã ralement seul personne nâ es prã sent absolument personne et on doit [SEP] bientã t 2 ans chaque jour est une ã preuve ð º [SEP] je suis en plein dedans ð º [SEP] la dã pression est une maladie des personnes qui ont toujours ã tais forte et aprã s ãªtre tre fort la fatigue mental ariiv et de range de lâ intã rieur [SEP] lisez adieu malheur de pascal roucouâ ï [SEP] trop ã a [SEP] j y suis ã nouveau ð des gens sont lã et veulent m aider mais ils ne me comprennent pas j y arrive plus j ai pas le courage d aller mieux franchement je suis perdue [SEP] journã e et arivee a rien faire mãªme pas le mã nage ne plus savoir quoi faire manger plus le goã t a rien plus envie de rien [SEP] je suis dã pressif mais aprã s la mort de mon pã re ã a empirã ð [SEP] j ai fait une dã pression il ya 14 ans trã s bien soignã e et j ai l impression que ã a revient ces derniers temps ð on peut en guã rir sans mã dicaments,tu as deja vã cue une depression #depression #depressif #depressive #deprime #tristesse #maletre #souffrance #depression #depressif #depressive #deprime #tristesse #maletre #souffrance [SEP] câ est la sensation la plus horrible que jâ ai pu vivre parce quâ on est littã ralement seul personne nâ es prã sent absolument personne et on doit [SEP] bientã t 2 ans chaque jour est une ã preuve ð º [SEP] je suis en plein dedans ð º [SEP] la dã pression est une maladie des personnes qui ont toujours ã tais forte et aprã s ãªtre tre fort la fatigue mental ariiv et de range de lâ intã rieur [SEP] lisez adieu malheur de pascal roucouâ ï [SEP] trop ã a [SEP] j y suis ã nouveau ð des gens sont lã et veulent m aider mais ils ne me comprennent pas j y arrive plus j ai pas le courage d aller mieux franchement je suis perdue [SEP] journã e et arivee a rien faire mãªme pas le mã nage ne plus savoir quoi faire manger plus le goã t a rien plus envie de rien [SEP] je suis dã pressif mais aprã s la mort de mon pã re ã a empirã ð [SEP] j ai fait une dã pression il ya 14 ans trã s bien soignã e et j ai l impression que ã a revient ces derniers temps ð on peut en guã rir sans mã dicaments
1100.0,ð ²#foryou,#foryou,augeter,allah will heal you i shall ah soooon it s life just [SEP] i gained it again this year suma allhumdillilahâ ï [SEP] i don t smile at my best friend because the problem is very painful i keep quiet about him when he talks i always ignore him and that is a fake thing it hurts but changes in i am slowly growing ð yes god help me [SEP] by the looks of it someone you loved left your life by the looks of the white dove ð and if it s true sorry for your loss i know that pain [SEP] i always meet a new version of me that is the most saddest compared to the previous day ð [SEP] ahmad rajpã ã t [SEP] bro i just want to survive and take my family out of poverty but i lost everything i saved up for 4 yearsð [SEP] i lost my all happiness when i m born ð ð º [SEP] if i survive this year i ll give praises to godð ð ð ð [SEP] but in the end ø ù ø ù ø ù ù û ð,13000.0,151700.0,1275.0,219.0,2252.0,1,ð ²#foryou #foryou [SEP] augeter [SEP] allah will heal you i shall ah soooon it s life just [SEP] i gained it again this year suma allhumdillilahâ ï [SEP] i don t smile at my best friend because the problem is very painful i keep quiet about him when he talks i always ignore him and that is a fake thing it hurts but changes in i am slowly growing ð yes god help me [SEP] by the looks of it someone you loved left your life by the looks of the white dove ð and if it s true sorry for your loss i know that pain [SEP] i always meet a new version of me that is the most saddest compared to the previous day ð [SEP] ahmad rajpã ã t [SEP] bro i just want to survive and take my family out of poverty but i lost everything i saved up for 4 yearsð [SEP] i lost my all happiness when i m born ð ð º [SEP] if i survive this year i ll give praises to godð ð ð ð [SEP] but in the end ø ù ø ù ø ù ù û ð,ð ²#foryou #foryou [SEP] allah will heal you i shall ah soooon it s life just [SEP] i gained it again this year suma allhumdillilahâ ï [SEP] i don t smile at my best friend because the problem is very painful i keep quiet about him when he talks i always ignore him and that is a fake thing it hurts but changes in i am slowly growing ð yes god help me [SEP] by the looks of it someone you loved left your life by the looks of the white dove ð and if it s true sorry for your loss i know that pain [SEP] i always meet a new version of me that is the most saddest compared to the previous day ð [SEP] ahmad rajpã ã t [SEP] bro i just want to survive and take my family out of poverty but i lost everything i saved up for 4 yearsð [SEP] i lost my all happiness when i m born ð ð º [SEP] if i survive this year i ll give praises to godð ð ð ð [SEP] but in the end ø ù ø ù ø ù ù û ð
1101.0,what depression looks like #emotional #childhoodtrauma #sads #sadvideo #traumahealing #sadvideoð #traurig #emotionalemomente #rage #ragequit #emotionalvideo #emotionalrage #depressionanxiety #depressedtiktok #streamer #streamers #dellor #dellorrage #4f #for #foru #foryoupageâ ï â ï #foryou #angry,#emotional #childhoodtrauma #sads #sadvideo #traumahealing #sadvideoð #traurig #emotionalemomente #rage #ragequit #emotionalvideo #emotionalrage #depressionanxiety #depressedtiktok #streamer #streamers #dellor #dellorrage #4f #for #foru #foryoupageâ ï â ï #foryou #angry,i m fucking done fake rage fake rage you and seems for rent money fake rage you know what my life is fucking miserable i hate my fucking life i hate it yeah i stream for rent money i don t like streaming i don t like any of the games i play i find fucking depressed and fucking miserable i don t sleep i eat like shit i have no friends no social life and i m fucking miserable there it is i stream for fucking money and i didn t make it,at least he s honest not like other streamers [SEP] ik how he feel [SEP] the chat saying we love u in the corner [SEP] me soon [SEP] my life before emily [SEP] yeah ik i understand fully [SEP] make a vid of him nowð [SEP] my life after november 2022 [SEP] jesus my lord lovesu [SEP] me too bro [SEP] i feel so bad for him nobody deserves to go through that,12600.0,151600.0,528.0,267.0,3249.0,1,what depression looks like #emotional #childhoodtrauma #sads #sadvideo #traumahealing #sadvideoð #traurig #emotionalemomente #rage #ragequit #emotionalvideo #emotionalrage #depressionanxiety #depressedtiktok #streamer #streamers #dellor #dellorrage #4f #for #foru #foryoupageâ ï â ï #foryou #angry #emotional #childhoodtrauma #sads #sadvideo #traumahealing #sadvideoð #traurig #emotionalemomente #rage #ragequit #emotionalvideo #emotionalrage #depressionanxiety #depressedtiktok #streamer #streamers #dellor #dellorrage #4f #for #foru #foryoupageâ ï â ï #foryou #angry [SEP] i m fucking done fake rage fake rage you and seems for rent money fake rage you know what my life is fucking miserable i hate my fucking life i hate it yeah i stream for rent money i don t like streaming i don t like any of the games i play i find fucking depressed and fucking miserable i don t sleep i eat like shit i have no friends no social life and i m fucking miserable there it is i stream for fucking money and i didn t make it [SEP] at least he s honest not like other streamers [SEP] ik how he feel [SEP] the chat saying we love u in the corner [SEP] me soon [SEP] my life before emily [SEP] yeah ik i understand fully [SEP] make a vid of him nowð [SEP] my life after november 2022 [SEP] jesus my lord lovesu [SEP] me too bro [SEP] i feel so bad for him nobody deserves to go through that,what depression looks like #emotional #childhoodtrauma #sads #sadvideo #traumahealing #sadvideoð #traurig #emotionalemomente #rage #ragequit #emotionalvideo #emotionalrage #depressionanxiety #depressedtiktok #streamer #streamers #dellor #dellorrage #4f #for #foru #foryoupageâ ï â ï #foryou #angry #emotional #childhoodtrauma #sads #sadvideo #traumahealing #sadvideoð #traurig #emotionalemomente #rage #ragequit #emotionalvideo #emotionalrage #depressionanxiety #depressedtiktok #streamer #streamers #dellor #dellorrage #4f #for #foru #foryoupageâ ï â ï #foryou #angry [SEP] at least he s honest not like other streamers [SEP] ik how he feel [SEP] the chat saying we love u in the corner [SEP] me soon [SEP] my life before emily [SEP] yeah ik i understand fully [SEP] make a vid of him nowð [SEP] my life after november 2022 [SEP] jesus my lord lovesu [SEP] me too bro [SEP] i feel so bad for him nobody deserves to go through that
1102.0,#fyp#viral#pain#fuckoff#i love you â ï ð,#fyp #viral #pain #fuckoff #i,i hate this house i hate my school i hate my friends and i hate this family i hate everything about my entire stupid life it s him row me dad and you can yell at me and you can do whatever the hell you want because honestly i wish i was dead i don t feel anything anymore and you want to know the best part,i feel the same itâ s so hard [SEP] i wish i had the guts to tell my parents [SEP] too risky to repost [SEP] what series is this [SEP] what the name of the movie [SEP] nic [SEP] nick [SEP] i feel the same way [SEP] i wish that my parents could be nice [SEP] ð [SEP] me after getting beaten up for protecting myself me after sharing my thoughts me after fearing parents me after telling my secrets and getting judged me after getting depression me after losing interest in everything me after losing interest in people me after someone lifts a hand on me my life after getting slibling and then she acts all lovely dovey like i am the ungrateful â ï i want my mommy â ï i want my daddy â ï i want to live alone [SEP] mine hits me and once punched me gave me a bruise then proceeded to put 3 hours only phone limit then 8 hours of school 1 hour practice with my gc no time to cry nothing to hide i let my anger out on my classmates i hate myself i hate everything i hate talking but i also hate not talking i cant make my mind up so im venting here because no one would listen and i hate hate hate hate hate hate hate hate everything about myself to how lazy i am to how stupid i am to how naã ve i am to how soft i am to how reckless i am to how aggressive i can be i am not a good friend though im always the errand girl and the comfort happiest friend im always silent when im upset its usually about my test scores not being higher or being mad about something or just the fact i can t be enough for everyone even myself i need to get with honors but i cant get myself to study i keep hurting myself physically and mentally but i cant close the wounds at all i need help but i dont wanna reach out i need someone to talk to but no one would pull me out of the deep end of the pool i want peace but i also want chaos im like a black hole that wont stop sucking all the fun out and i eat too much lately i feel fat and heavy my heart feels like its tearing itself apart and i cant get a wink of sleep without pretending theres people around me i swear im going insane because i literally laugh or feel comforted when i do this i dont know but i wanna commit suicide but i dont have anything i have medicine to overdose on but i just cant bring myself to i need to go out more but i feel more enclosed in lately i gotta talk to people like the cheerful butch i am but i wont speak up im getting more colder and dryer too but idk what happened to me its like i became numb then soft numb soft numb soft im mad at myself for crying and being humiliated so easily i dont get why im getting scared of larger crowds and all but its all because of my cry baby face right i cant stop thinking about all of my mistakes and yet im being forced to grow up and take care of my stupid cousins that im not obligated to do,664.0,8302.0,15.0,14.0,130.0,1,#fyp#viral#pain#fuckoff#i love you â ï ð #fyp #viral #pain #fuckoff #i [SEP] i hate this house i hate my school i hate my friends and i hate this family i hate everything about my entire stupid life it s him row me dad and you can yell at me and you can do whatever the hell you want because honestly i wish i was dead i don t feel anything anymore and you want to know the best part [SEP] i feel the same itâ s so hard [SEP] i wish i had the guts to tell my parents [SEP] too risky to repost [SEP] what series is this [SEP] what the name of the movie [SEP] nic [SEP] nick [SEP] i feel the same way [SEP] i wish that my parents could be nice [SEP] ð [SEP] me after getting beaten up for protecting myself me after sharing my thoughts me after fearing parents me after telling my secrets and getting judged me after getting depression me after losing interest in everything me after losing interest in people me after someone lifts a hand on me my life after getting slibling and then she acts all lovely dovey like i am the ungrateful â ï i want my mommy â ï i want my daddy â ï i want to live alone [SEP] mine hits me and once punched me gave me a bruise then proceeded to put 3 hours only phone limit then 8 hours of school 1 hour practice with my gc no time to cry nothing to hide i let my anger out on my classmates i hate myself i hate everything i hate talking but i also hate not talking i cant make my mind up so im venting here because no one would listen and i hate hate hate hate hate hate hate hate everything about myself to how lazy i am to how stupid i am to how naã ve i am to how soft i am to how reckless i am to how aggressive i can be i am not a good friend though im always the errand girl and the comfort happiest friend im always silent when im upset its usually about my test scores not being higher or being mad about something or just the fact i can t be enough for everyone even myself i need to get with honors but i cant get myself to study i keep hurting myself physically and mentally but i cant close the wounds at all i need help but i dont wanna reach out i need someone to talk to but no one would pull me out of the deep end of the pool i want peace but i also want chaos im like a black hole that wont stop sucking all the fun out and i eat too much lately i feel fat and heavy my heart feels like its tearing itself apart and i cant get a wink of sleep without pretending theres people around me i swear im going insane because i literally laugh or feel comforted when i do this i dont know but i wanna commit suicide but i dont have anything i have medicine to overdose on but i just cant bring myself to i need to go out more but i feel more enclosed in lately i gotta talk to people like the cheerful butch i am but i wont speak up im getting more colder and dryer too but idk what happened to me its like i became numb then soft numb soft numb soft im mad at myself for crying and being humiliated so easily i dont get why im getting scared of larger crowds and all but its all because of my cry baby face right i cant stop thinking about all of my mistakes and yet im being forced to grow up and take care of my stupid cousins that im not obligated to do,#fyp#viral#pain#fuckoff#i love you â ï ð #fyp #viral #pain #fuckoff #i [SEP] i feel the same itâ s so hard [SEP] i wish i had the guts to tell my parents [SEP] too risky to repost [SEP] what series is this [SEP] what the name of the movie [SEP] nic [SEP] nick [SEP] i feel the same way [SEP] i wish that my parents could be nice [SEP] ð [SEP] me after getting beaten up for protecting myself me after sharing my thoughts me after fearing parents me after telling my secrets and getting judged me after getting depression me after losing interest in everything me after losing interest in people me after someone lifts a hand on me my life after getting slibling and then she acts all lovely dovey like i am the ungrateful â ï i want my mommy â ï i want my daddy â ï i want to live alone [SEP] mine hits me and once punched me gave me a bruise then proceeded to put 3 hours only phone limit then 8 hours of school 1 hour practice with my gc no time to cry nothing to hide i let my anger out on my classmates i hate myself i hate everything i hate talking but i also hate not talking i cant make my mind up so im venting here because no one would listen and i hate hate hate hate hate hate hate hate everything about myself to how lazy i am to how stupid i am to how naã ve i am to how soft i am to how reckless i am to how aggressive i can be i am not a good friend though im always the errand girl and the comfort happiest friend im always silent when im upset its usually about my test scores not being higher or being mad about something or just the fact i can t be enough for everyone even myself i need to get with honors but i cant get myself to study i keep hurting myself physically and mentally but i cant close the wounds at all i need help but i dont wanna reach out i need someone to talk to but no one would pull me out of the deep end of the pool i want peace but i also want chaos im like a black hole that wont stop sucking all the fun out and i eat too much lately i feel fat and heavy my heart feels like its tearing itself apart and i cant get a wink of sleep without pretending theres people around me i swear im going insane because i literally laugh or feel comforted when i do this i dont know but i wanna commit suicide but i dont have anything i have medicine to overdose on but i just cant bring myself to i need to go out more but i feel more enclosed in lately i gotta talk to people like the cheerful butch i am but i wont speak up im getting more colder and dryer too but idk what happened to me its like i became numb then soft numb soft numb soft im mad at myself for crying and being humiliated so easily i dont get why im getting scared of larger crowds and all but its all because of my cry baby face right i cant stop thinking about all of my mistakes and yet im being forced to grow up and take care of my stupid cousins that im not obligated to do
1103.0,#thoughts #fyp #wockstâ rz #mentalhealth #foryou #501â ï #blowthisup #zxycba #relateable #fypã #lilb #depression #sad #fypage #music #sadness #feelings #depressed #anxiety #hate #mind #sadvibes #realest #real #realcore #realestmf #tiktok #tiktokvideo #fypã ã #fyppppppppppppppppppppppp #zxycba #xybca #relateablecontent #explore #emotional #emotions,#thoughts #fyp #wockstâ rz #mentalhealth #foryou #501â ï #blowthisup #zxycba #relateable #fypã #lilb #depression #sad #fypage #music #sadness #feelings #depressed #anxiety #hate #mind #sadvibes #realest #real #realcore #realestmf #tiktok #tiktokvideo #fypã ã #fyppppppppppppppppppppppp #zxycba #xybca #relateablecontent #explore #emotional #emotions,i hate me what did you just say i said i hate me i hate myself you made me realize i hate myself,commenting cause reposting is too risky [SEP] i repost hoping someone will notice ð [SEP] reallllllâ ºï ð ð ð [SEP] commenting because reposting is too risky [SEP] because of her [SEP] i do really tho [SEP] six seven [SEP] ill never be that happy person again [SEP] who ever praying on my downfall pls stop u already wonð [SEP] my lil sister and lil brother they are twins and my dad are the only reson that i am here because they canâ t have a dead son or big brother,22100.0,139400.0,1541.0,98.0,5500.0,1,#thoughts #fyp #wockstâ rz #mentalhealth #foryou #501â ï #blowthisup #zxycba #relateable #fypã #lilb #depression #sad #fypage #music #sadness #feelings #depressed #anxiety #hate #mind #sadvibes #realest #real #realcore #realestmf #tiktok #tiktokvideo #fypã ã #fyppppppppppppppppppppppp #zxycba #xybca #relateablecontent #explore #emotional #emotions #thoughts #fyp #wockstâ rz #mentalhealth #foryou #501â ï #blowthisup #zxycba #relateable #fypã #lilb #depression #sad #fypage #music #sadness #feelings #depressed #anxiety #hate #mind #sadvibes #realest #real #realcore #realestmf #tiktok #tiktokvideo #fypã ã #fyppppppppppppppppppppppp #zxycba #xybca #relateablecontent #explore #emotional #emotions [SEP] i hate me what did you just say i said i hate me i hate myself you made me realize i hate myself [SEP] commenting cause reposting is too risky [SEP] i repost hoping someone will notice ð [SEP] reallllllâ ºï ð ð ð [SEP] commenting because reposting is too risky [SEP] because of her [SEP] i do really tho [SEP] six seven [SEP] ill never be that happy person again [SEP] who ever praying on my downfall pls stop u already wonð [SEP] my lil sister and lil brother they are twins and my dad are the only reson that i am here because they canâ t have a dead son or big brother,#thoughts #fyp #wockstâ rz #mentalhealth #foryou #501â ï #blowthisup #zxycba #relateable #fypã #lilb #depression #sad #fypage #music #sadness #feelings #depressed #anxiety #hate #mind #sadvibes #realest #real #realcore #realestmf #tiktok #tiktokvideo #fypã ã #fyppppppppppppppppppppppp #zxycba #xybca #relateablecontent #explore #emotional #emotions #thoughts #fyp #wockstâ rz #mentalhealth #foryou #501â ï #blowthisup #zxycba #relateable #fypã #lilb #depression #sad #fypage #music #sadness #feelings #depressed #anxiety #hate #mind #sadvibes #realest #real #realcore #realestmf #tiktok #tiktokvideo #fypã ã #fyppppppppppppppppppppppp #zxycba #xybca #relateablecontent #explore #emotional #emotions [SEP] commenting cause reposting is too risky [SEP] i repost hoping someone will notice ð [SEP] reallllllâ ºï ð ð ð [SEP] commenting because reposting is too risky [SEP] because of her [SEP] i do really tho [SEP] six seven [SEP] ill never be that happy person again [SEP] who ever praying on my downfall pls stop u already wonð [SEP] my lil sister and lil brother they are twins and my dad are the only reson that i am here because they canâ t have a dead son or big brother
1104.0,ð ð do follow on insta #sad_dreams_n,#sad_dreams_n,i got no life i got no life i m in the dark here do you understand i m in the dark,every man situation in 2023 [SEP] that s what an oscar winning performance looks like hats off to al pacino for his brilliant performance [SEP] deep down my spine i felt it many are dying secretly but outside looking fearless [SEP] whats amazing is that to some even if you are screaming and pleading that you are hurting they dont listen [SEP] i m in the dark hereð ºð º [SEP] what life i got no life i m in the dark here do you understand i m in the dark ð ð [SEP] he is blind in this movie [SEP] exactly how we all feel we all wanna give up but canâ t i miss the old me when i had it all but now im nothing ð ºð ð [SEP] al pacino only you could have played this role [SEP] scent of a woman great movie ð,724100.0,10400000.0,59300.0,4706.0,132776.0,1,ð ð do follow on insta #sad_dreams_n #sad_dreams_n [SEP] i got no life i got no life i m in the dark here do you understand i m in the dark [SEP] every man situation in 2023 [SEP] that s what an oscar winning performance looks like hats off to al pacino for his brilliant performance [SEP] deep down my spine i felt it many are dying secretly but outside looking fearless [SEP] whats amazing is that to some even if you are screaming and pleading that you are hurting they dont listen [SEP] i m in the dark hereð ºð º [SEP] what life i got no life i m in the dark here do you understand i m in the dark ð ð [SEP] he is blind in this movie [SEP] exactly how we all feel we all wanna give up but canâ t i miss the old me when i had it all but now im nothing ð ºð ð [SEP] al pacino only you could have played this role [SEP] scent of a woman great movie ð,ð ð do follow on insta #sad_dreams_n #sad_dreams_n [SEP] every man situation in 2023 [SEP] that s what an oscar winning performance looks like hats off to al pacino for his brilliant performance [SEP] deep down my spine i felt it many are dying secretly but outside looking fearless [SEP] whats amazing is that to some even if you are screaming and pleading that you are hurting they dont listen [SEP] i m in the dark hereð ºð º [SEP] what life i got no life i m in the dark here do you understand i m in the dark ð ð [SEP] he is blind in this movie [SEP] exactly how we all feel we all wanna give up but canâ t i miss the old me when i had it all but now im nothing ð ºð ð [SEP] al pacino only you could have played this role [SEP] scent of a woman great movie ð
1105.0,#blackmentalhealth #mooddisorder #bipolar #bipolar1 #suicideprevention,#blackmentalhealth #mooddisorder #bipolar #bipolar1,typical people don t understand the difference between passive si and like active si like there is si when you are actually planning and you have like literally fantasizing about it and it looks different for everybody but when you have passive si it s kind of just this chatter that s happening in the back of your mind it s almost like you have this neuro pathway that is just so so thick because that is just how your brain has always like led to solving a problem so like and that like led to a lot of like stunted growth in myself because i didn t learn problem solving skills because when something was too difficult my brain would just be like you know what just just on the live yourself just end it like you re not going to figure it out so like there was like a period of time when i had to like really start to be able to sit with those emotions and the discomfort of being like damn i don t know how afraid it is how i don t know what the solution is and then you know regularly my regulate my nervous system and then you know come up with a solution so yeah anyways i think that people need to understand that not all ideation is going to lead to behavior that you know suicidal behavior or self harm like it s just really complicated so i think people need to you know people who don t have much honesty to understand and just be like receptive because it s confusing but it s like just because i am having ideation and i m not actively doing something doesn t mean i have i don t have ideation if you know you know you deal with it then you deal with it but yeah anyways i just think you know this is something that people really need to understand and who really helped to eliminate a lot of stigma,wow iâ m in tears i thought i was going crazy because i feel this 100 i think about executing the act because this sadnes and depression is so deep and hard like i canâ t breathe and the thought of just exiting everything as a whole makes me feel relief and everyday that feeling grows stronger i feel lostð [SEP] this is so real [SEP] my passive s i is a tab that never closes in the back of my mind most of the time it stays at a low volume as background noise [SEP] i told my therapist that and they still say you need to go to the er ð [SEP] thank you for talking about this [SEP] thank you so much for explaining this on a platform omg [SEP] also this is an amazing explanation it is really really complicated and a lot of even providers donâ t even know the difference and know how to risk manage [SEP] learning about passive si actually helped stabilize me a lot those thoughts scared me and would keep me activated kept me in a desperate panic ultimately itâ s what led me to get intensive therapy the thoughts are still concerning still scary at times but i donâ t get so stuck in the cycle [SEP] im big on passive si like i always think about it but ik i wont i also create a lot a situations of how i could in everyday actions [SEP] this made me learn but passive si is and also made me realize that its relatable ð,108.0,1030.0,0.0,11.0,12.0,1,#blackmentalhealth #mooddisorder #bipolar #bipolar1 #suicideprevention #blackmentalhealth #mooddisorder #bipolar #bipolar1 [SEP] typical people don t understand the difference between passive si and like active si like there is si when you are actually planning and you have like literally fantasizing about it and it looks different for everybody but when you have passive si it s kind of just this chatter that s happening in the back of your mind it s almost like you have this neuro pathway that is just so so thick because that is just how your brain has always like led to solving a problem so like and that like led to a lot of like stunted growth in myself because i didn t learn problem solving skills because when something was too difficult my brain would just be like you know what just just on the live yourself just end it like you re not going to figure it out so like there was like a period of time when i had to like really start to be able to sit with those emotions and the discomfort of being like damn i don t know how afraid it is how i don t know what the solution is and then you know regularly my regulate my nervous system and then you know come up with a solution so yeah anyways i think that people need to understand that not all ideation is going to lead to behavior that you know suicidal behavior or self harm like it s just really complicated so i think people need to you know people who don t have much honesty to understand and just be like receptive because it s confusing but it s like just because i am having ideation and i m not actively doing something doesn t mean i have i don t have ideation if you know you know you deal with it then you deal with it but yeah anyways i just think you know this is something that people really need to understand and who really helped to eliminate a lot of stigma [SEP] wow iâ m in tears i thought i was going crazy because i feel this 100 i think about executing the act because this sadnes and depression is so deep and hard like i canâ t breathe and the thought of just exiting everything as a whole makes me feel relief and everyday that feeling grows stronger i feel lostð [SEP] this is so real [SEP] my passive s i is a tab that never closes in the back of my mind most of the time it stays at a low volume as background noise [SEP] i told my therapist that and they still say you need to go to the er ð [SEP] thank you for talking about this [SEP] thank you so much for explaining this on a platform omg [SEP] also this is an amazing explanation it is really really complicated and a lot of even providers donâ t even know the difference and know how to risk manage [SEP] learning about passive si actually helped stabilize me a lot those thoughts scared me and would keep me activated kept me in a desperate panic ultimately itâ s what led me to get intensive therapy the thoughts are still concerning still scary at times but i donâ t get so stuck in the cycle [SEP] im big on passive si like i always think about it but ik i wont i also create a lot a situations of how i could in everyday actions [SEP] this made me learn but passive si is and also made me realize that its relatable ð,#blackmentalhealth #mooddisorder #bipolar #bipolar1 #suicideprevention #blackmentalhealth #mooddisorder #bipolar #bipolar1 [SEP] wow iâ m in tears i thought i was going crazy because i feel this 100 i think about executing the act because this sadnes and depression is so deep and hard like i canâ t breathe and the thought of just exiting everything as a whole makes me feel relief and everyday that feeling grows stronger i feel lostð [SEP] this is so real [SEP] my passive s i is a tab that never closes in the back of my mind most of the time it stays at a low volume as background noise [SEP] i told my therapist that and they still say you need to go to the er ð [SEP] thank you for talking about this [SEP] thank you so much for explaining this on a platform omg [SEP] also this is an amazing explanation it is really really complicated and a lot of even providers donâ t even know the difference and know how to risk manage [SEP] learning about passive si actually helped stabilize me a lot those thoughts scared me and would keep me activated kept me in a desperate panic ultimately itâ s what led me to get intensive therapy the thoughts are still concerning still scary at times but i donâ t get so stuck in the cycle [SEP] im big on passive si like i always think about it but ik i wont i also create a lot a situations of how i could in everyday actions [SEP] this made me learn but passive si is and also made me realize that its relatable ð
1106.0,,,god i ain t gonna lie man i m tired i can t give up right now so whatever you want me to go through let s do it i came too far i can t quit,fyyy [SEP] amin ð ð ð [SEP] yup [SEP] blessings [SEP] you got this [SEP] ð â ï ð small steps climb mountains [SEP] really [SEP] ð ð ð amen [SEP] ð ð ð [SEP] ð ð ð ð,1814.0,51200.0,620.0,44.0,342.0,1,  [SEP] god i ain t gonna lie man i m tired i can t give up right now so whatever you want me to go through let s do it i came too far i can t quit [SEP] fyyy [SEP] amin ð ð ð [SEP] yup [SEP] blessings [SEP] you got this [SEP] ð â ï ð small steps climb mountains [SEP] really [SEP] ð ð ð amen [SEP] ð ð ð [SEP] ð ð ð ð,  [SEP] fyyy [SEP] amin ð ð ð [SEP] yup [SEP] blessings [SEP] you got this [SEP] ð â ï ð small steps climb mountains [SEP] really [SEP] ð ð ð amen [SEP] ð ð ð [SEP] ð ð ð ð
1107.0,tw sooicide #fyp #music #arkwoods #poems #indie #fypã #foryoupageâ ï â ï,#fyp #music #arkwoods #poems #indie #fypã #foryoupageâ ï â ï,if you re hearing this it means i m gone i made this just for you cause you deserve to know what s going on you probably felt betrayed but don t let anybody tell you that those feelings that you have put you in the wrong i wish you would have told me sooner as probably what you re thinking but when we met man my boy had already been sinking don t take it personal there would be family i tried everything don t think it happened in between you blanking there s really nothing that you could have done and i mean you put me on your back every single time i couldn t run but this race we call life got different finish lines i was always fastest so you can t be mad i finished minds i m gonna miss you i m bitch you better miss me too only reason i stuck around was to see you through that dream we had you got to dream it on your own now you re strong enough for both of us,never got the letter justâ â i am so sorryâ via whatssapp [SEP] 1 year tomorrow and this pops up miss my bro [SEP] didn t get a letter not even a good goodbye [SEP] oh this is painful [SEP] keep writing bro help me fight my demons [SEP] the dream we had you gotta dream it on your own now has me balling [SEP] i want to give up sooooo bad but i can t because i have children to live for i m suffering ð ð ð [SEP] felt this hard asf the day my beat friend in another state shot himself they sent me home and all i did was stare at the wall i blamed myself for not being there i miss him still [SEP] wrote the note but somehow managed to stop [SEP] oh that one hurt a lil,103600.0,636700.0,2251.0,728.0,17008.0,1,tw sooicide #fyp #music #arkwoods #poems #indie #fypã #foryoupageâ ï â ï #fyp #music #arkwoods #poems #indie #fypã #foryoupageâ ï â ï [SEP] if you re hearing this it means i m gone i made this just for you cause you deserve to know what s going on you probably felt betrayed but don t let anybody tell you that those feelings that you have put you in the wrong i wish you would have told me sooner as probably what you re thinking but when we met man my boy had already been sinking don t take it personal there would be family i tried everything don t think it happened in between you blanking there s really nothing that you could have done and i mean you put me on your back every single time i couldn t run but this race we call life got different finish lines i was always fastest so you can t be mad i finished minds i m gonna miss you i m bitch you better miss me too only reason i stuck around was to see you through that dream we had you got to dream it on your own now you re strong enough for both of us [SEP] never got the letter justâ â i am so sorryâ via whatssapp [SEP] 1 year tomorrow and this pops up miss my bro [SEP] didn t get a letter not even a good goodbye [SEP] oh this is painful [SEP] keep writing bro help me fight my demons [SEP] the dream we had you gotta dream it on your own now has me balling [SEP] i want to give up sooooo bad but i can t because i have children to live for i m suffering ð ð ð [SEP] felt this hard asf the day my beat friend in another state shot himself they sent me home and all i did was stare at the wall i blamed myself for not being there i miss him still [SEP] wrote the note but somehow managed to stop [SEP] oh that one hurt a lil,tw sooicide #fyp #music #arkwoods #poems #indie #fypã #foryoupageâ ï â ï #fyp #music #arkwoods #poems #indie #fypã #foryoupageâ ï â ï [SEP] never got the letter justâ â i am so sorryâ via whatssapp [SEP] 1 year tomorrow and this pops up miss my bro [SEP] didn t get a letter not even a good goodbye [SEP] oh this is painful [SEP] keep writing bro help me fight my demons [SEP] the dream we had you gotta dream it on your own now has me balling [SEP] i want to give up sooooo bad but i can t because i have children to live for i m suffering ð ð ð [SEP] felt this hard asf the day my beat friend in another state shot himself they sent me home and all i did was stare at the wall i blamed myself for not being there i miss him still [SEP] wrote the note but somehow managed to stop [SEP] oh that one hurt a lil
1108.0,trigger warning â ¼ï this post talks about suicide and means of suicide please do not watch if sensitive to this itâ s important we know what to look for so that we can help those around us #mentalhealthawareness #suicideprevention #substanceabuseawareness #recoveryispossible #recovery #mentalhealth #mentalhealthnurse,#mentalhealthawareness #substanceabuseawareness #recoveryispossible #recovery #mentalhealth #mentalhealthnurse,hey guys today we re going to talk about suicidal ideation so very uncomfortable topic for a lot of people and this can infect people with mental health conditions as well as people who struggle with substance abuse a lot of the time people who ve never had depression or any sort of suicidal ideation in the past when using or drinking alcoholically can become they can get so depressed that they ll get to that point where they think about harming themselves and a lot of people who are very serious about it don t actually like to talk about it and they re not going to be the first ones to bring it up so some genuine signs that you should be looking for are people who have stopped showing interest in the things they want to love to do who are isolating maybe they re not texting you back as much maybe you keep trying to get them to hang out and they won t it s a general lack of interest in things they once enjoyed so if you re seeing some of these signs and people including also like poor hygiene not wanting to get out of bed poor motivation there are some questions that you can ask this person in the field we like to use some different rating scales and there are some shorter ones that are developed just for like a quick kind of overview to see how serious and in need this person is again i know this can be a really uncomfortable thing to bring up with somebody but it could save someone s life and every time you hear about somebody that s done it not every time but a lot of the time people are like i can t believe they actually did it and that s always something that i hear it s like i never thought that they d actually go through with it so there s a big difference between passive suicidal ideation and active suicidal ideation so passive si or suicidal ideation is when the person has thoughts of just kind of not wanting to be alive anymore just not wanting to wake up in the morning wishing they d just disappear but they don t have any sort of intent or plan or means and it becomes active that s when you re getting to the phase where they re actually thinking about how they re going to do it whether it be a bottle of pills or hanging themselves sorry trigger warning that can be the difference when they actually have a plan and they have a means and they re starting to develop that in their minds so some very simple questions that you can ask are six questions so the first one would just be asking them if they have any current wish or thought of not being here it doesn t have to be death exactly but do you have any thoughts about just not wanting to wake up or just wishing you weren t here yes or no right and then the second one would be asking them if they actually have any specific or non specific suicidal ideation so the first one being more like just not wanting to be here the second one being more like i wish i could kill myself maybe they re not thinking about the specific plan yet so if they answer yes to both of those we re kind of in the low risk category but moving into like the third fourth and fifth question is when you would assess them at a higher risk so going into the next question you re looking at do you have suicidal thoughts with a specific method so maybe it s they re thinking about using pills or they re thinking about using something to harm themselves with so that would be if they say yes to that they ve been thinking about a very specific way to do it the method then we re now in like the moderate category we re like okay you re at a pretty moderate risk when it gets into that high risk category we re talking about questions four and five which is do they have intent are they planning on doing this is number five so number four is intent number five is a plan and so this is when they have an actual intent they re setting a date they re gathering supplies they re staying goodbye to people they re giving away their belongings those are all very very big red flags and so when you find somebody who s answering yes to specifically those questions four and five you re in the high risk category question six the last question is have they started to or have they had an attempt in the past within the last three months within the last year and so if they re answering yes to that as well if they answer yes to all six questions they need to go to a hospital right this is a crisis situation and we need to get them admitted into a hospital and most people don t know this but you can take somebody to an emergency room that is in crisis in that way and they ll help them get to where they need to be there are a lot of resources for people who are having active suicidal ideation and now again like people are afraid when they re in this situation sometimes they don t want to get the help so if you are very concerned about someone and they won t go with you to the emergency room you can call what we call the cat team and your local police department will have the information for you to call but that s basically the crisis team and they ll come and they re not they re some of them are police officers but they re trained in behavioral health and mental health crises where they can help deescalate the person get them to where they need to be so that s if it s a crisis so if we re in the load of moderate category this is where you want to start talking to the person about trying to find them some maybe outpatient help maybe even an inpatient program for mental health and there are plenty of those types of resources around whether it be through private insurance or state funded insurance if you need any resources i m happy to have you direct message me there s also you know there s also a lot of questions that can come up in these substance situations and i m happy to answer people s questions you can comment you can direct message me whatever makes you feel the most comfortable but yeah i thought i d just give a quick little overview of how you can easily and quickly assess the level of severity that somebody s suicidal ideation is it s very important that everybody is aware of this and knows how to spot it and knows what to do because there are so many people out there that are showing these signs and it s not being noticed or if it is being noticed the person s like well i don t know how to deal with this so it s not really you know my problem so it is all of our problems and i think we all have a responsibility to take some sort of action especially before it s too late,have you ever known someone who struggled with si [SEP] thank you for taking the time to spread awareness and knowledge on this topic itâ s not talked about enough [SEP] ofc this is coming up on my fyp when i just was venting to my best friendâ [SEP] thank you so much for sharing this information ð ð you just never know [SEP] wish sm wouldâ ve noticed i was struggling [SEP] have you ever known someone who struggled with si [SEP] thank you for taking the time to spread awareness and knowledge on this topic itâ s not talked about enough [SEP] ofc this is coming up on my fyp when i just was venting to my best friendâ [SEP] thank you so much for sharing this information ð ð you just never know [SEP] iâ m in the passive suicidal group,967.0,6831.0,6.0,30.0,117.0,1,trigger warning â ¼ï this post talks about suicide and means of suicide please do not watch if sensitive to this itâ s important we know what to look for so that we can help those around us #mentalhealthawareness #suicideprevention #substanceabuseawareness #recoveryispossible #recovery #mentalhealth #mentalhealthnurse #mentalhealthawareness #substanceabuseawareness #recoveryispossible #recovery #mentalhealth #mentalhealthnurse [SEP] hey guys today we re going to talk about suicidal ideation so very uncomfortable topic for a lot of people and this can infect people with mental health conditions as well as people who struggle with substance abuse a lot of the time people who ve never had depression or any sort of suicidal ideation in the past when using or drinking alcoholically can become they can get so depressed that they ll get to that point where they think about harming themselves and a lot of people who are very serious about it don t actually like to talk about it and they re not going to be the first ones to bring it up so some genuine signs that you should be looking for are people who have stopped showing interest in the things they want to love to do who are isolating maybe they re not texting you back as much maybe you keep trying to get them to hang out and they won t it s a general lack of interest in things they once enjoyed so if you re seeing some of these signs and people including also like poor hygiene not wanting to get out of bed poor motivation there are some questions that you can ask this person in the field we like to use some different rating scales and there are some shorter ones that are developed just for like a quick kind of overview to see how serious and in need this person is again i know this can be a really uncomfortable thing to bring up with somebody but it could save someone s life and every time you hear about somebody that s done it not every time but a lot of the time people are like i can t believe they actually did it and that s always something that i hear it s like i never thought that they d actually go through with it so there s a big difference between passive suicidal ideation and active suicidal ideation so passive si or suicidal ideation is when the person has thoughts of just kind of not wanting to be alive anymore just not wanting to wake up in the morning wishing they d just disappear but they don t have any sort of intent or plan or means and it becomes active that s when you re getting to the phase where they re actually thinking about how they re going to do it whether it be a bottle of pills or hanging themselves sorry trigger warning that can be the difference when they actually have a plan and they have a means and they re starting to develop that in their minds so some very simple questions that you can ask are six questions so the first one would just be asking them if they have any current wish or thought of not being here it doesn t have to be death exactly but do you have any thoughts about just not wanting to wake up or just wishing you weren t here yes or no right and then the second one would be asking them if they actually have any specific or non specific suicidal ideation so the first one being more like just not wanting to be here the second one being more like i wish i could kill myself maybe they re not thinking about the specific plan yet so if they answer yes to both of those we re kind of in the low risk category but moving into like the third fourth and fifth question is when you would assess them at a higher risk so going into the next question you re looking at do you have suicidal thoughts with a specific method so maybe it s they re thinking about using pills or they re thinking about using something to harm themselves with so that would be if they say yes to that they ve been thinking about a very specific way to do it the method then we re now in like the moderate category we re like okay you re at a pretty moderate risk when it gets into that high risk category we re talking about questions four and five which is do they have intent are they planning on doing this is number five so number four is intent number five is a plan and so this is when they have an actual intent they re setting a date they re gathering supplies they re staying goodbye to people they re giving away their belongings those are all very very big red flags and so when you find somebody who s answering yes to specifically those questions four and five you re in the high risk category question six the last question is have they started to or have they had an attempt in the past within the last three months within the last year and so if they re answering yes to that as well if they answer yes to all six questions they need to go to a hospital right this is a crisis situation and we need to get them admitted into a hospital and most people don t know this but you can take somebody to an emergency room that is in crisis in that way and they ll help them get to where they need to be there are a lot of resources for people who are having active suicidal ideation and now again like people are afraid when they re in this situation sometimes they don t want to get the help so if you are very concerned about someone and they won t go with you to the emergency room you can call what we call the cat team and your local police department will have the information for you to call but that s basically the crisis team and they ll come and they re not they re some of them are police officers but they re trained in behavioral health and mental health crises where they can help deescalate the person get them to where they need to be so that s if it s a crisis so if we re in the load of moderate category this is where you want to start talking to the person about trying to find them some maybe outpatient help maybe even an inpatient program for mental health and there are plenty of those types of resources around whether it be through private insurance or state funded insurance if you need any resources i m happy to have you direct message me there s also you know there s also a lot of questions that can come up in these substance situations and i m happy to answer people s questions you can comment you can direct message me whatever makes you feel the most comfortable but yeah i thought i d just give a quick little overview of how you can easily and quickly assess the level of severity that somebody s suicidal ideation is it s very important that everybody is aware of this and knows how to spot it and knows what to do because there are so many people out there that are showing these signs and it s not being noticed or if it is being noticed the person s like well i don t know how to deal with this so it s not really you know my problem so it is all of our problems and i think we all have a responsibility to take some sort of action especially before it s too late [SEP] have you ever known someone who struggled with si [SEP] thank you for taking the time to spread awareness and knowledge on this topic itâ s not talked about enough [SEP] ofc this is coming up on my fyp when i just was venting to my best friendâ [SEP] thank you so much for sharing this information ð ð you just never know [SEP] wish sm wouldâ ve noticed i was struggling [SEP] have you ever known someone who struggled with si [SEP] thank you for taking the time to spread awareness and knowledge on this topic itâ s not talked about enough [SEP] ofc this is coming up on my fyp when i just was venting to my best friendâ [SEP] thank you so much for sharing this information ð ð you just never know [SEP] iâ m in the passive suicidal group,trigger warning â ¼ï this post talks about suicide and means of suicide please do not watch if sensitive to this itâ s important we know what to look for so that we can help those around us #mentalhealthawareness #suicideprevention #substanceabuseawareness #recoveryispossible #recovery #mentalhealth #mentalhealthnurse #mentalhealthawareness #substanceabuseawareness #recoveryispossible #recovery #mentalhealth #mentalhealthnurse [SEP] have you ever known someone who struggled with si [SEP] thank you for taking the time to spread awareness and knowledge on this topic itâ s not talked about enough [SEP] ofc this is coming up on my fyp when i just was venting to my best friendâ [SEP] thank you so much for sharing this information ð ð you just never know [SEP] wish sm wouldâ ve noticed i was struggling [SEP] have you ever known someone who struggled with si [SEP] thank you for taking the time to spread awareness and knowledge on this topic itâ s not talked about enough [SEP] ofc this is coming up on my fyp when i just was venting to my best friendâ [SEP] thank you so much for sharing this information ð ð you just never know [SEP] iâ m in the passive suicidal group
1109.0,replying to britt this is a very brief example of what my note might include if a client is experiencing passive si every client is different and i may include more or less depending on the situation #therapist #therapy #therapistsontiktok #therapybygabby #therapybygabbytiktok #therapeauticrelationship #mentalhealth #4uu #forupage #therapytok #tiktoktherapist #therapistsoftiktokâ ï #therapynotes #therapynoteexample #therapypov #pov,# #therapist #therapy #therapistsontiktok #therapybygabby #therapybygabbytiktok #therapeauticrelationship #mentalhealth #4uu #forupage #therapytok #tiktoktherapist #therapistsoftiktokâ ï #therapynotes #therapynoteexample #therapypov #pov,an example of something i might write in a pro resignal if a client were to bring up si client verbally processes current life stressors and reports increased si therapist and client explore si and engage in safety planning safety planning includes identifying people of support resources and coping skills that can be utilized when si comes up client is oriented and alert moode is depressed affect is congruent with mood and topics discussed client is interactive and their functional status is intact client is currently experiencing passive si client verbally denies having any plan and or intent to act on a plan there is no indication of any active si client is future oriented as evidenced by plans to attend therapy next week interventions utilized were emotionally focused therapy and safety planning plan is to continue exploring current life stressors and to continue safety assessments and safety planning when this progress note i wrote specifically about passive si if a client were experiencing active si my note would look much different and probably a bit longer,what is si [SEP] â client confirmed safe to leave todayâ i see that all the time on my notes [SEP] this is helpful casenote examples are always helpful people hold their strategies way too close [SEP] how often do therapist write progress notes [SEP] newer therapist here do you have like a tip sheet for note writing [SEP] if there is a plan without intent is that still considered passive ð [SEP] can you do a video of how you handle active si [SEP] man iâ m about to graduate grad school and i donâ t think i can write my notes this well ð [SEP] can we get an example of active si progress note [SEP] are these progress notes suitable for all types of insurances including medicaid,14700.0,416100.0,342.0,153.0,4293.0,1,replying to britt this is a very brief example of what my note might include if a client is experiencing passive si every client is different and i may include more or less depending on the situation #therapist #therapy #therapistsontiktok #therapybygabby #therapybygabbytiktok #therapeauticrelationship #mentalhealth #4uu #forupage #therapytok #tiktoktherapist #therapistsoftiktokâ ï #therapynotes #therapynoteexample #therapypov #pov # #therapist #therapy #therapistsontiktok #therapybygabby #therapybygabbytiktok #therapeauticrelationship #mentalhealth #4uu #forupage #therapytok #tiktoktherapist #therapistsoftiktokâ ï #therapynotes #therapynoteexample #therapypov #pov [SEP] an example of something i might write in a pro resignal if a client were to bring up si client verbally processes current life stressors and reports increased si therapist and client explore si and engage in safety planning safety planning includes identifying people of support resources and coping skills that can be utilized when si comes up client is oriented and alert moode is depressed affect is congruent with mood and topics discussed client is interactive and their functional status is intact client is currently experiencing passive si client verbally denies having any plan and or intent to act on a plan there is no indication of any active si client is future oriented as evidenced by plans to attend therapy next week interventions utilized were emotionally focused therapy and safety planning plan is to continue exploring current life stressors and to continue safety assessments and safety planning when this progress note i wrote specifically about passive si if a client were experiencing active si my note would look much different and probably a bit longer [SEP] what is si [SEP] â client confirmed safe to leave todayâ i see that all the time on my notes [SEP] this is helpful casenote examples are always helpful people hold their strategies way too close [SEP] how often do therapist write progress notes [SEP] newer therapist here do you have like a tip sheet for note writing [SEP] if there is a plan without intent is that still considered passive ð [SEP] can you do a video of how you handle active si [SEP] man iâ m about to graduate grad school and i donâ t think i can write my notes this well ð [SEP] can we get an example of active si progress note [SEP] are these progress notes suitable for all types of insurances including medicaid,replying to britt this is a very brief example of what my note might include if a client is experiencing passive si every client is different and i may include more or less depending on the situation #therapist #therapy #therapistsontiktok #therapybygabby #therapybygabbytiktok #therapeauticrelationship #mentalhealth #4uu #forupage #therapytok #tiktoktherapist #therapistsoftiktokâ ï #therapynotes #therapynoteexample #therapypov #pov # #therapist #therapy #therapistsontiktok #therapybygabby #therapybygabbytiktok #therapeauticrelationship #mentalhealth #4uu #forupage #therapytok #tiktoktherapist #therapistsoftiktokâ ï #therapynotes #therapynoteexample #therapypov #pov [SEP] what is si [SEP] â client confirmed safe to leave todayâ i see that all the time on my notes [SEP] this is helpful casenote examples are always helpful people hold their strategies way too close [SEP] how often do therapist write progress notes [SEP] newer therapist here do you have like a tip sheet for note writing [SEP] if there is a plan without intent is that still considered passive ð [SEP] can you do a video of how you handle active si [SEP] man iâ m about to graduate grad school and i donâ t think i can write my notes this well ð [SEP] can we get an example of active si progress note [SEP] are these progress notes suitable for all types of insurances including medicaid
1110.0,#blockblastrant #rant #blockblast #fyp #fml,#blockblastrant #rant #blockblast #fyp #fml,i m self destructive i hurt myself physically emotionally in any way i can because i hate myself more than anyone i hate the way i look i hate the way i sound i hate the way i react i hate the way i feel i hate myself and i hate it when someone likes me there s no reason to in all categories i suck i don t look good i m socially awkward i give mediocre advice i suck, [SEP]  [SEP] a little too real twin [SEP] block blast what story will they tel [SEP] thatâ s why people like you youâ re real and honest all you need is someone who wont care about that which you can find [SEP]  [SEP] i ghosted all my friends cause they were too good for me [SEP]  [SEP] risky repost â [SEP] who doesn t hate themselves weather it s for a second or a lifetime hating yourself is denying yourself contentment and happiness i get it i hate myself too not just for a moment what i m trying to say is that you deserve joy love happiness and contentment someone told me once that every scar is a story that tells you how you feel weather you want to acknowledge it or not i don t know you but i do know that every human deserves to be notice if no one s ever said this to you i notice you you are worthy of feeling self love no matter how you look and or sound or feel don t let this define who you will be forever,24400.0,116800.0,998.0,294.0,5837.0,1,#blockblastrant #rant #blockblast #fyp #fml #blockblastrant #rant #blockblast #fyp #fml [SEP] i m self destructive i hurt myself physically emotionally in any way i can because i hate myself more than anyone i hate the way i look i hate the way i sound i hate the way i react i hate the way i feel i hate myself and i hate it when someone likes me there s no reason to in all categories i suck i don t look good i m socially awkward i give mediocre advice i suck [SEP]  [SEP]  [SEP] a little too real twin [SEP] block blast what story will they tel [SEP] thatâ s why people like you youâ re real and honest all you need is someone who wont care about that which you can find [SEP]  [SEP] i ghosted all my friends cause they were too good for me [SEP]  [SEP] risky repost â [SEP] who doesn t hate themselves weather it s for a second or a lifetime hating yourself is denying yourself contentment and happiness i get it i hate myself too not just for a moment what i m trying to say is that you deserve joy love happiness and contentment someone told me once that every scar is a story that tells you how you feel weather you want to acknowledge it or not i don t know you but i do know that every human deserves to be notice if no one s ever said this to you i notice you you are worthy of feeling self love no matter how you look and or sound or feel don t let this define who you will be forever,#blockblastrant #rant #blockblast #fyp #fml #blockblastrant #rant #blockblast #fyp #fml [SEP]  [SEP]  [SEP] a little too real twin [SEP] block blast what story will they tel [SEP] thatâ s why people like you youâ re real and honest all you need is someone who wont care about that which you can find [SEP]  [SEP] i ghosted all my friends cause they were too good for me [SEP]  [SEP] risky repost â [SEP] who doesn t hate themselves weather it s for a second or a lifetime hating yourself is denying yourself contentment and happiness i get it i hate myself too not just for a moment what i m trying to say is that you deserve joy love happiness and contentment someone told me once that every scar is a story that tells you how you feel weather you want to acknowledge it or not i don t know you but i do know that every human deserves to be notice if no one s ever said this to you i notice you you are worthy of feeling self love no matter how you look and or sound or feel don t let this define who you will be forever
1111.0,you matter #subaru #rezero #natsukisubaru #anime #fyp #fypã #explore #real #tired,#subaru #rezero #natsukisubaru #anime #fyp #fypã #explore #real #tired,i hate myself i do as talk a big cave and it makes me sound like a big shot when i can t do anything i never do anything in a complexion to the best of them like it s my job or something who the hell do i think i am i was trying to get the amazing middleical in like this and not feel ashamed you know i m right, [SEP] subaru real for this [SEP] ð ð¼ð ð ð ð¾ð ð ð³ð ñ [SEP] this is peak re zero [SEP] â ¹ [SEP] ð [SEP] ð [SEP] patching together,740.0,8574.0,106.0,10.0,259.0,1,you matter #subaru #rezero #natsukisubaru #anime #fyp #fypã #explore #real #tired #subaru #rezero #natsukisubaru #anime #fyp #fypã #explore #real #tired [SEP] i hate myself i do as talk a big cave and it makes me sound like a big shot when i can t do anything i never do anything in a complexion to the best of them like it s my job or something who the hell do i think i am i was trying to get the amazing middleical in like this and not feel ashamed you know i m right [SEP]  [SEP] subaru real for this [SEP] ð ð¼ð ð ð ð¾ð ð ð³ð ñ [SEP] this is peak re zero [SEP] â ¹ [SEP] ð [SEP] ð [SEP] patching together,you matter #subaru #rezero #natsukisubaru #anime #fyp #fypã #explore #real #tired #subaru #rezero #natsukisubaru #anime #fyp #fypã #explore #real #tired [SEP]  [SEP] subaru real for this [SEP] ð ð¼ð ð ð ð¾ð ð ð³ð ñ [SEP] this is peak re zero [SEP] â ¹ [SEP] ð [SEP] ð [SEP] patching together
1112.0,i hate my self #fyp #fypã #xyzbca #kutipanfilm,#fyp #fypã #xyzbca #kutipanfilm,i hate myself i hate everyone i hate myself so much i don t recognize this person i ve become i just know that i hate her,the hardest war is when you have to fight with yourself [SEP] i m becoming the person i told myself that i ll never become [SEP] i m a burden so that s why [SEP] this is my your name movie quote [SEP] mirip kakaknya laura [SEP] i feel pity and jealous of my past self how did i be happy then how can i be happy now [SEP] i hate her since years ago and i tried to love her but she kept on doing the same mistakes over and over again i hate her why canâ t she be good enough at least once [SEP] â i donâ t recognize this person ive become i just know i hate her â [SEP] you know itâ s the worst and possibly the end when you become so sure that you hate yourself so much [SEP] yep the problem is me i m the problem,171900.0,1700000.0,10700.0,468.0,42368.0,1,i hate my self #fyp #fypã #xyzbca #kutipanfilm #fyp #fypã #xyzbca #kutipanfilm [SEP] i hate myself i hate everyone i hate myself so much i don t recognize this person i ve become i just know that i hate her [SEP] the hardest war is when you have to fight with yourself [SEP] i m becoming the person i told myself that i ll never become [SEP] i m a burden so that s why [SEP] this is my your name movie quote [SEP] mirip kakaknya laura [SEP] i feel pity and jealous of my past self how did i be happy then how can i be happy now [SEP] i hate her since years ago and i tried to love her but she kept on doing the same mistakes over and over again i hate her why canâ t she be good enough at least once [SEP] â i donâ t recognize this person ive become i just know i hate her â [SEP] you know itâ s the worst and possibly the end when you become so sure that you hate yourself so much [SEP] yep the problem is me i m the problem,i hate my self #fyp #fypã #xyzbca #kutipanfilm #fyp #fypã #xyzbca #kutipanfilm [SEP] the hardest war is when you have to fight with yourself [SEP] i m becoming the person i told myself that i ll never become [SEP] i m a burden so that s why [SEP] this is my your name movie quote [SEP] mirip kakaknya laura [SEP] i feel pity and jealous of my past self how did i be happy then how can i be happy now [SEP] i hate her since years ago and i tried to love her but she kept on doing the same mistakes over and over again i hate her why canâ t she be good enough at least once [SEP] â i donâ t recognize this person ive become i just know i hate her â [SEP] you know itâ s the worst and possibly the end when you become so sure that you hate yourself so much [SEP] yep the problem is me i m the problem
1113.0,i hate me oky ð â ï â ð ¹ #senpai__society #foryou #rinobitoedit #obitouchiha #animeedit #narutoshippuden #edit_by_obito_uchiha_0 1 #bd #unfrezzmyaccount tiktok,#senpai__society #foryou #rinobitoedit #obitouchiha #animeedit #narutoshippuden #edit_by_obito_uchiha_0 #bd #unfrezzmyaccount,i hate me i hate me okay i hate i hate me okay i hate me i hate me i hate me you understand that,ð ³ [SEP] ð ð [SEP] ð ð ð [SEP] ð ð ð ¼ð [SEP] ð â ï â ð ¹ [SEP] ð [SEP] ð [SEP] â [SEP] i hate me ð ð [SEP] i hate me,296.0,9836.0,191.0,23.0,28.0,1,i hate me oky ð â ï â ð ¹ #senpai__society #foryou #rinobitoedit #obitouchiha #animeedit #narutoshippuden #edit_by_obito_uchiha_0 1 #bd #unfrezzmyaccount tiktok #senpai__society #foryou #rinobitoedit #obitouchiha #animeedit #narutoshippuden #edit_by_obito_uchiha_0 #bd #unfrezzmyaccount [SEP] i hate me i hate me okay i hate i hate me okay i hate me i hate me i hate me you understand that [SEP] ð ³ [SEP] ð ð [SEP] ð ð ð [SEP] ð ð ð ¼ð [SEP] ð â ï â ð ¹ [SEP] ð [SEP] ð [SEP] â [SEP] i hate me ð ð [SEP] i hate me,i hate me oky ð â ï â ð ¹ #senpai__society #foryou #rinobitoedit #obitouchiha #animeedit #narutoshippuden #edit_by_obito_uchiha_0 1 #bd #unfrezzmyaccount tiktok #senpai__society #foryou #rinobitoedit #obitouchiha #animeedit #narutoshippuden #edit_by_obito_uchiha_0 #bd #unfrezzmyaccount [SEP] ð ³ [SEP] ð ð [SEP] ð ð ð [SEP] ð ð ð ¼ð [SEP] ð â ï â ð ¹ [SEP] ð [SEP] ð [SEP] â [SEP] i hate me ð ð [SEP] i hate me
1114.0,#pleasegoviral #fyp #3amthoughts #men #depression,#pleasegoviral #fyp #3amthoughts #men #depression,or just a mean or a salesman someone else spoke to me the way that i speak to myself now i d have to kill that son of a bitch because you know i couldn t tolerate that,well itâ s probably because you do stop looking for attention nobody cares [SEP] this isnâ t normal to be constant [SEP] but i do,224.0,1584.0,8.0,3.0,23.0,1,#pleasegoviral #fyp #3amthoughts #men #depression #pleasegoviral #fyp #3amthoughts #men #depression [SEP] or just a mean or a salesman someone else spoke to me the way that i speak to myself now i d have to kill that son of a bitch because you know i couldn t tolerate that [SEP] well itâ s probably because you do stop looking for attention nobody cares [SEP] this isnâ t normal to be constant [SEP] but i do,#pleasegoviral #fyp #3amthoughts #men #depression #pleasegoviral #fyp #3amthoughts #men #depression [SEP] well itâ s probably because you do stop looking for attention nobody cares [SEP] this isnâ t normal to be constant [SEP] but i do
1115.0,#bpd#depression#vent,#bpd #depression #vent,and then we re going double walked down which means nothing potentially in which part were we are going to make her train depending on when she needed some of this progress from the start of it,i am filled with nothing but jealousy and bitterness iâ m so hateful and get irritated by everything and everyone itâ s been so isolating and lonely [SEP] i donâ t want to be like this anymore [SEP] iâ m feeling the same way [SEP] im always so angry and then at night i cry because i am consumed with guilt [SEP] im so angry inside i jus wanna scream and yell everything iâ ve been holding in my whole life but itâ ll only cause issues [SEP] real it never ends [SEP] this is fr but i do this to so i think i might be depressed to and just now realizing bc i pushed it down and away from me [SEP] i used to be so happy and now iâ m mean to everyone and if someone says something i donâ t like i get very â disrespectful [SEP] wait [SEP] i hate that with bpd every day and every minor thing feels so hard and it makes u feel isolated,1188.0,11300.0,40.0,18.0,261.0,1,#bpd#depression#vent #bpd #depression #vent [SEP] and then we re going double walked down which means nothing potentially in which part were we are going to make her train depending on when she needed some of this progress from the start of it [SEP] i am filled with nothing but jealousy and bitterness iâ m so hateful and get irritated by everything and everyone itâ s been so isolating and lonely [SEP] i donâ t want to be like this anymore [SEP] iâ m feeling the same way [SEP] im always so angry and then at night i cry because i am consumed with guilt [SEP] im so angry inside i jus wanna scream and yell everything iâ ve been holding in my whole life but itâ ll only cause issues [SEP] real it never ends [SEP] this is fr but i do this to so i think i might be depressed to and just now realizing bc i pushed it down and away from me [SEP] i used to be so happy and now iâ m mean to everyone and if someone says something i donâ t like i get very â disrespectful [SEP] wait [SEP] i hate that with bpd every day and every minor thing feels so hard and it makes u feel isolated,#bpd#depression#vent #bpd #depression #vent [SEP] i am filled with nothing but jealousy and bitterness iâ m so hateful and get irritated by everything and everyone itâ s been so isolating and lonely [SEP] i donâ t want to be like this anymore [SEP] iâ m feeling the same way [SEP] im always so angry and then at night i cry because i am consumed with guilt [SEP] im so angry inside i jus wanna scream and yell everything iâ ve been holding in my whole life but itâ ll only cause issues [SEP] real it never ends [SEP] this is fr but i do this to so i think i might be depressed to and just now realizing bc i pushed it down and away from me [SEP] i used to be so happy and now iâ m mean to everyone and if someone says something i donâ t like i get very â disrespectful [SEP] wait [SEP] i hate that with bpd every day and every minor thing feels so hard and it makes u feel isolated
1116.0,you hate me i hate myself moreâ #depression #ihateme #overthinking #capcut,#depression #ihateme #overthinking #capcut,i know you hate me for it okay when you will never hate me as much as i hate myself,it s the truthð [SEP] real [SEP] same [SEP] the truth is painfulð ð ² [SEP] i just need someone to talk to me but thatâ s why i have myself [SEP] i don t hate you for anything [SEP] reaperthepunk [SEP] i hate myself too ð,216.0,1292.0,23.0,8.0,56.0,1,you hate me i hate myself moreâ #depression #ihateme #overthinking #capcut #depression #ihateme #overthinking #capcut [SEP] i know you hate me for it okay when you will never hate me as much as i hate myself [SEP] it s the truthð [SEP] real [SEP] same [SEP] the truth is painfulð ð ² [SEP] i just need someone to talk to me but thatâ s why i have myself [SEP] i don t hate you for anything [SEP] reaperthepunk [SEP] i hate myself too ð,you hate me i hate myself moreâ #depression #ihateme #overthinking #capcut #depression #ihateme #overthinking #capcut [SEP] it s the truthð [SEP] real [SEP] same [SEP] the truth is painfulð ð ² [SEP] i just need someone to talk to me but thatâ s why i have myself [SEP] i don t hate you for anything [SEP] reaperthepunk [SEP] i hate myself too ð
1117.0,no caption #fyp,#fyp,i m struggling with social anxiety which means i hate myself i think everyone hates me too woo ha oh no i don t think everyone is looking at me because i m great i think they re severely judging me because they secretly think i m more worthless than a dead clown,i love jaiden [SEP] well i have all the bad things ð â ¼ï [SEP] yo jaden animations sad arc [SEP] deep down we all feel jaiden and always have been feeling this [SEP] how this has the same video as the one i just scrolled [SEP] said in exact words also fun fact of me i broke down crying infront of an entire class once just because i had to present something [SEP] that sound was from jaiden ã¾ and also it was prob in 2016 [SEP] same ð [SEP] we all love jaden [SEP] feeling pretty called out rn ð,203100.0,444700.0,1568.0,1704.0,19485.0,1,no caption #fyp #fyp [SEP] i m struggling with social anxiety which means i hate myself i think everyone hates me too woo ha oh no i don t think everyone is looking at me because i m great i think they re severely judging me because they secretly think i m more worthless than a dead clown [SEP] i love jaiden [SEP] well i have all the bad things ð â ¼ï [SEP] yo jaden animations sad arc [SEP] deep down we all feel jaiden and always have been feeling this [SEP] how this has the same video as the one i just scrolled [SEP] said in exact words also fun fact of me i broke down crying infront of an entire class once just because i had to present something [SEP] that sound was from jaiden ã¾ and also it was prob in 2016 [SEP] same ð [SEP] we all love jaden [SEP] feeling pretty called out rn ð,no caption #fyp #fyp [SEP] i love jaiden [SEP] well i have all the bad things ð â ¼ï [SEP] yo jaden animations sad arc [SEP] deep down we all feel jaiden and always have been feeling this [SEP] how this has the same video as the one i just scrolled [SEP] said in exact words also fun fact of me i broke down crying infront of an entire class once just because i had to present something [SEP] that sound was from jaiden ã¾ and also it was prob in 2016 [SEP] same ð [SEP] we all love jaden [SEP] feeling pretty called out rn ð
1118.0,a n x i e t y f e e d s ð #deepthoughts #anxiety #anxietyawareness #struggles #mentalhealth #mentalhealthawareness #relatable #foryou #fypã ã viral,#deepthoughts #anxiety #anxietyawareness #struggles #mentalhealth #mentalhealthawareness #relatable #foryou #fypã ã viral,i hate having anxiety because i always think the rest of the world is going to get tired of me i overthink the littlest things and i sabotage every relationship the universe decides to bring i start arguments over the silliest things and i destroy everything before it even has a chance to actually begin it s like my anxiety is always two steps ahead rooning everything in my life and not making everything easy instead i hate having to fight off all of my demons and not being able to fully comprehend that my anxiety has the best of me and all of my relationships are inevitably going to end,i suffered with my anxiety every single day and i overthink a lot and a lot of people do not understand me or want me around [SEP] i suffer every day with anxiety this is so true thankyou somuch for this ð ð ð [SEP] i felt that it made me cry tbh bc it s so true to me [SEP] thats me 100 thats why i just give up on love [SEP] i felt this so much [SEP] felt this ð [SEP] it doesnâ t help how people always leave they say iâ m deserving and amazing but they leave ð [SEP] i know that feeling all too well well [SEP] i hear this ð [SEP] so true â ï,19200.0,187800.0,2903.0,317.0,4255.0,1,a n x i e t y f e e d s ð #deepthoughts #anxiety #anxietyawareness #struggles #mentalhealth #mentalhealthawareness #relatable #foryou #fypã ã viral #deepthoughts #anxiety #anxietyawareness #struggles #mentalhealth #mentalhealthawareness #relatable #foryou #fypã ã viral [SEP] i hate having anxiety because i always think the rest of the world is going to get tired of me i overthink the littlest things and i sabotage every relationship the universe decides to bring i start arguments over the silliest things and i destroy everything before it even has a chance to actually begin it s like my anxiety is always two steps ahead rooning everything in my life and not making everything easy instead i hate having to fight off all of my demons and not being able to fully comprehend that my anxiety has the best of me and all of my relationships are inevitably going to end [SEP] i suffered with my anxiety every single day and i overthink a lot and a lot of people do not understand me or want me around [SEP] i suffer every day with anxiety this is so true thankyou somuch for this ð ð ð [SEP] i felt that it made me cry tbh bc it s so true to me [SEP] thats me 100 thats why i just give up on love [SEP] i felt this so much [SEP] felt this ð [SEP] it doesnâ t help how people always leave they say iâ m deserving and amazing but they leave ð [SEP] i know that feeling all too well well [SEP] i hear this ð [SEP] so true â ï,a n x i e t y f e e d s ð #deepthoughts #anxiety #anxietyawareness #struggles #mentalhealth #mentalhealthawareness #relatable #foryou #fypã ã viral #deepthoughts #anxiety #anxietyawareness #struggles #mentalhealth #mentalhealthawareness #relatable #foryou #fypã ã viral [SEP] i suffered with my anxiety every single day and i overthink a lot and a lot of people do not understand me or want me around [SEP] i suffer every day with anxiety this is so true thankyou somuch for this ð ð ð [SEP] i felt that it made me cry tbh bc it s so true to me [SEP] thats me 100 thats why i just give up on love [SEP] i felt this so much [SEP] felt this ð [SEP] it doesnâ t help how people always leave they say iâ m deserving and amazing but they leave ð [SEP] i know that feeling all too well well [SEP] i hear this ð [SEP] so true â ï
1119.0,mental health 2 out now rip tyler ð ï,,don t take these beautiful wings it off god why does it feel like everything i built isn t gonna last dreams are getting killed i don t really dealt with depression well i don t want to help maybe this is out maybe y all excel if i look at help take away the else he can never fail even when i belt he defeated bell i m not myself it s my mental health,rip brother ð [SEP] who is tyler [SEP] who died [SEP] did he die and if he did how [SEP] donâ t let dax see this [SEP] what s the name [SEP] is it on spotify yet ð ð ð [SEP] rip dear tylerð ºð ª½ð [SEP] love you bud miss you every single minute of everyday aunt crystal [SEP] first comment do me a video ð ²,23200.0,191100.0,602.0,155.0,2625.0,1,mental health 2 out now rip tyler ð ï  [SEP] don t take these beautiful wings it off god why does it feel like everything i built isn t gonna last dreams are getting killed i don t really dealt with depression well i don t want to help maybe this is out maybe y all excel if i look at help take away the else he can never fail even when i belt he defeated bell i m not myself it s my mental health [SEP] rip brother ð [SEP] who is tyler [SEP] who died [SEP] did he die and if he did how [SEP] donâ t let dax see this [SEP] what s the name [SEP] is it on spotify yet ð ð ð [SEP] rip dear tylerð ºð ª½ð [SEP] love you bud miss you every single minute of everyday aunt crystal [SEP] first comment do me a video ð ²,mental health 2 out now rip tyler ð ï  [SEP] rip brother ð [SEP] who is tyler [SEP] who died [SEP] did he die and if he did how [SEP] donâ t let dax see this [SEP] what s the name [SEP] is it on spotify yet ð ð ð [SEP] rip dear tylerð ºð ª½ð [SEP] love you bud miss you every single minute of everyday aunt crystal [SEP] first comment do me a video ð ²
1120.0,#sadboyforeal #sadboyforealquotes #fyp #lamthoughts #2amthoughts #3amthoughts #latenightthoughts #wockstâ rz #wockstâ rzð #griffrule #depression #relatable #mentalhealthmatters #fypp#fentysuperbrandday,#sadboyforeal #sadboyforealquotes #fyp #lamthoughts #2amthoughts #3amthoughts #latenightthoughts #wockstâ rz #wockstâ rzð #griffrule #depression #relatable #mentalhealthmatters #fypp #fentysuperbrandday,you know this place is never gonna change who carmine had gone it s only gonna get worse for you it s gonna be a power grab it ll be bloody i know but the city can t change it won t i have to try it s gonna kill you eventually you know that listen,i haven t ate in 3 4 days [SEP] havenâ t eaten in 1 week [SEP]  [SEP]  [SEP] real [SEP]  [SEP] fr [SEP] my own parents bully me ð â ï [SEP] havenâ t eaten in a week [SEP] i need someone to talk to but no one wants to talk to me,22700.0,183000.0,1731.0,51.0,3803.0,1,#sadboyforeal #sadboyforealquotes #fyp #lamthoughts #2amthoughts #3amthoughts #latenightthoughts #wockstâ rz #wockstâ rzð #griffrule #depression #relatable #mentalhealthmatters #fypp#fentysuperbrandday #sadboyforeal #sadboyforealquotes #fyp #lamthoughts #2amthoughts #3amthoughts #latenightthoughts #wockstâ rz #wockstâ rzð #griffrule #depression #relatable #mentalhealthmatters #fypp #fentysuperbrandday [SEP] you know this place is never gonna change who carmine had gone it s only gonna get worse for you it s gonna be a power grab it ll be bloody i know but the city can t change it won t i have to try it s gonna kill you eventually you know that listen [SEP] i haven t ate in 3 4 days [SEP] havenâ t eaten in 1 week [SEP]  [SEP]  [SEP] real [SEP]  [SEP] fr [SEP] my own parents bully me ð â ï [SEP] havenâ t eaten in a week [SEP] i need someone to talk to but no one wants to talk to me,#sadboyforeal #sadboyforealquotes #fyp #lamthoughts #2amthoughts #3amthoughts #latenightthoughts #wockstâ rz #wockstâ rzð #griffrule #depression #relatable #mentalhealthmatters #fypp#fentysuperbrandday #sadboyforeal #sadboyforealquotes #fyp #lamthoughts #2amthoughts #3amthoughts #latenightthoughts #wockstâ rz #wockstâ rzð #griffrule #depression #relatable #mentalhealthmatters #fypp #fentysuperbrandday [SEP] i haven t ate in 3 4 days [SEP] havenâ t eaten in 1 week [SEP]  [SEP]  [SEP] real [SEP]  [SEP] fr [SEP] my own parents bully me ð â ï [SEP] havenâ t eaten in a week [SEP] i need someone to talk to but no one wants to talk to me
1121.0,it is what it is ð #friend #giving #caring #myself #dark #sad #trauma #miserable #depressed #walks #latenightwalks #deepthoughts #thoughts #fyp #foryoupage #relatable #crying #tears #love #breakup #night #snow #life #lonely #alone #mentalhealth #heartbroken #sadtok #sadtiktok #miserabletok #tired #pain #mentalhealth #darktok #sadtok,#friend #giving #caring #myself #dark #sad #trauma #miserable #depressed #walks #latenightwalks #deepthoughts #thoughts #fyp #foryoupage #relatable #crying #tears #love #breakup #night #snow #life #lonely #alone #mentalhealth #heartbroken #sadtok #sadtiktok #miserabletok #tired #pain #mentalhealth #darktok #sadtok,yeah well what are you gonna do life s a bitch and then you die right sometimes sometimes life s a bitch and then you keep living yeah,well here i am [SEP] wkwkw [SEP] real [SEP] fr [SEP] yeah so true [SEP] lol [SEP] silent repost [SEP] real [SEP] real [SEP] i get disrespect and silence in return,81600.0,528600.0,9873.0,118.0,10214.0,0,it is what it is ð #friend #giving #caring #myself #dark #sad #trauma #miserable #depressed #walks #latenightwalks #deepthoughts #thoughts #fyp #foryoupage #relatable #crying #tears #love #breakup #night #snow #life #lonely #alone #mentalhealth #heartbroken #sadtok #sadtiktok #miserabletok #tired #pain #mentalhealth #darktok #sadtok #friend #giving #caring #myself #dark #sad #trauma #miserable #depressed #walks #latenightwalks #deepthoughts #thoughts #fyp #foryoupage #relatable #crying #tears #love #breakup #night #snow #life #lonely #alone #mentalhealth #heartbroken #sadtok #sadtiktok #miserabletok #tired #pain #mentalhealth #darktok #sadtok [SEP] yeah well what are you gonna do life s a bitch and then you die right sometimes sometimes life s a bitch and then you keep living yeah [SEP] well here i am [SEP] wkwkw [SEP] real [SEP] fr [SEP] yeah so true [SEP] lol [SEP] silent repost [SEP] real [SEP] real [SEP] i get disrespect and silence in return,it is what it is ð #friend #giving #caring #myself #dark #sad #trauma #miserable #depressed #walks #latenightwalks #deepthoughts #thoughts #fyp #foryoupage #relatable #crying #tears #love #breakup #night #snow #life #lonely #alone #mentalhealth #heartbroken #sadtok #sadtiktok #miserabletok #tired #pain #mentalhealth #darktok #sadtok #friend #giving #caring #myself #dark #sad #trauma #miserable #depressed #walks #latenightwalks #deepthoughts #thoughts #fyp #foryoupage #relatable #crying #tears #love #breakup #night #snow #life #lonely #alone #mentalhealth #heartbroken #sadtok #sadtiktok #miserabletok #tired #pain #mentalhealth #darktok #sadtok [SEP] well here i am [SEP] wkwkw [SEP] real [SEP] fr [SEP] yeah so true [SEP] lol [SEP] silent repost [SEP] real [SEP] real [SEP] i get disrespect and silence in return
1122.0,vent i have depression and idk how to deal with it #vent #badthoughts #ihms #sh #fyp #foryoupage #foryou #vent #vent #vented,#vent #badthoughts #ihms #sh #fyp #foryoupage #foryou #vent #vent #vented,i have depression every day i wake up feeling my stomach drop feeling i want to go to the kitchen grab a knife and stab my stomach 200 times i want to die but i won t i hate my life i have scars i do small self harm and no one notices why i say they are my cat scratches i want to leave the person who made me happy but made me feel hurt even more just can t though kill me god please everyone says oh you re too young to have depression you re just 10 you re always happy and smile yes i put a smile on my face everywhere i go but little did you know i come back to my room bursting out in tears but how will you notice i m so insecure every time i feel i want to cry i run to my room lock the door and burst out in tears then i wipe my tears but a smile on my face and act like nothing happened i m fucking 10 and i have depression help me god or instead kill me,but bro never back down never what [SEP] i actually can t cry ð [SEP] you said everything about me [SEP] how to get voice [SEP] bless you youâ re so young x [SEP] sameð º [SEP] 10 i feel so bad ð [SEP] ml i know things are hard and you think the only solution for the pain is h or disappearing but it s not there are so many people who can help you [SEP] me [SEP] 10 oh baby that s young i m here if you wanna talk im sorry ð º,37100.0,178100.0,3694.0,510.0,9531.0,1,vent i have depression and idk how to deal with it #vent #badthoughts #ihms #sh #fyp #foryoupage #foryou #vent #vent #vented #vent #badthoughts #ihms #sh #fyp #foryoupage #foryou #vent #vent #vented [SEP] i have depression every day i wake up feeling my stomach drop feeling i want to go to the kitchen grab a knife and stab my stomach 200 times i want to die but i won t i hate my life i have scars i do small self harm and no one notices why i say they are my cat scratches i want to leave the person who made me happy but made me feel hurt even more just can t though kill me god please everyone says oh you re too young to have depression you re just 10 you re always happy and smile yes i put a smile on my face everywhere i go but little did you know i come back to my room bursting out in tears but how will you notice i m so insecure every time i feel i want to cry i run to my room lock the door and burst out in tears then i wipe my tears but a smile on my face and act like nothing happened i m fucking 10 and i have depression help me god or instead kill me [SEP] but bro never back down never what [SEP] i actually can t cry ð [SEP] you said everything about me [SEP] how to get voice [SEP] bless you youâ re so young x [SEP] sameð º [SEP] 10 i feel so bad ð [SEP] ml i know things are hard and you think the only solution for the pain is h or disappearing but it s not there are so many people who can help you [SEP] me [SEP] 10 oh baby that s young i m here if you wanna talk im sorry ð º,vent i have depression and idk how to deal with it #vent #badthoughts #ihms #sh #fyp #foryoupage #foryou #vent #vent #vented #vent #badthoughts #ihms #sh #fyp #foryoupage #foryou #vent #vent #vented [SEP] but bro never back down never what [SEP] i actually can t cry ð [SEP] you said everything about me [SEP] how to get voice [SEP] bless you youâ re so young x [SEP] sameð º [SEP] 10 i feel so bad ð [SEP] ml i know things are hard and you think the only solution for the pain is h or disappearing but it s not there are so many people who can help you [SEP] me [SEP] 10 oh baby that s young i m here if you wanna talk im sorry ð º
1123.0,sheâ s need help #mentalhealth #relationship #relateable #fyp,#mentalhealth #relationship #relateable #fyp,she has functional depression she tells everyone she s okay but she s fucking not she hasn t been okay in a really long time she s just not able to hide it so people stop asking what s wrong she wakes up tired she goes to sleep tired her mind doesn t shut the fuck up she s fighting a war inside her own head every fucking day she carries pain she doesn t talk about she walks around the smile that doesn t match how she feels on the inside people think she changed she didn t life just hit her fucking heart she had to learn how to survive it without falling apart in front of every fucking one everyone leaves on her it s like she s unbreakable like she s built for this but when she needs someone nothing complete fucking silence she cries in private she walks her face before she walks out like nothing ever fucking happened she doesn t need attention she just wants someone who sees her someone who cares someone who knows she s been holding everything together with unsteady hands and she helps one day she feels okay again not just functioning not just surviving actually fucking breathing without mother fucking hurting and that is the fucking truth,ð ð ð ð this is me right now [SEP] this aches [SEP] ð truth right there every day ð [SEP] we wear masks ð [SEP] yep [SEP] thats me [SEP] she is me [SEP] truth ð º [SEP] â ï ð wow said perfectly [SEP] meâ every day ð,358800.0,3200000.0,55500.0,6821.0,73268.0,1,sheâ s need help #mentalhealth #relationship #relateable #fyp #mentalhealth #relationship #relateable #fyp [SEP] she has functional depression she tells everyone she s okay but she s fucking not she hasn t been okay in a really long time she s just not able to hide it so people stop asking what s wrong she wakes up tired she goes to sleep tired her mind doesn t shut the fuck up she s fighting a war inside her own head every fucking day she carries pain she doesn t talk about she walks around the smile that doesn t match how she feels on the inside people think she changed she didn t life just hit her fucking heart she had to learn how to survive it without falling apart in front of every fucking one everyone leaves on her it s like she s unbreakable like she s built for this but when she needs someone nothing complete fucking silence she cries in private she walks her face before she walks out like nothing ever fucking happened she doesn t need attention she just wants someone who sees her someone who cares someone who knows she s been holding everything together with unsteady hands and she helps one day she feels okay again not just functioning not just surviving actually fucking breathing without mother fucking hurting and that is the fucking truth [SEP] ð ð ð ð this is me right now [SEP] this aches [SEP] ð truth right there every day ð [SEP] we wear masks ð [SEP] yep [SEP] thats me [SEP] she is me [SEP] truth ð º [SEP] â ï ð wow said perfectly [SEP] meâ every day ð,sheâ s need help #mentalhealth #relationship #relateable #fyp #mentalhealth #relationship #relateable #fyp [SEP] ð ð ð ð this is me right now [SEP] this aches [SEP] ð truth right there every day ð [SEP] we wear masks ð [SEP] yep [SEP] thats me [SEP] she is me [SEP] truth ð º [SEP] â ï ð wow said perfectly [SEP] meâ every day ð
1124.0,we never really know what someoneâ s carrying a reminder to check in with your mates even if it seems like they donâ t need it ð inspired by norwich city fc #mentalhealth #movember #mensmentalhealth #awareness #fyppppppppppppppppppppppp,# #mentalhealth #movember #mensmentalhealth #awareness #fyppppppppppppppppppppppp,hey hey don t mind let s save this run yeah yeah let s get going oops let s do plans tomorrow let s go on not much hey guys morning how are you today yeah good that s a bad good yeah ah don t worry man i m really enjoying it what happens is dave right awesome yeah look come on leg and behind the road keep up come on correct we can go for a long one tomorrow all be good are you able to weekendly spend the day on there yeah yeah it s a disaster yeah you re fun dude hey see you jim beep to the side of the highway yeah it s okay wait did you hear that car you told me that yeah no no dude i m going to have this smoothie at home it is so nice trust me i need to make you one yeah so what s that it is so nice trust me i need to make you one yeah so what s that same time so what are you doing yeah yeah,miss you always dadð ª½ [SEP] miss you ð ð [SEP] people donâ t fake depression they fake being happy ð â [SEP] she was always the happy one [SEP] rest in peace bro [SEP] the norwich fc campaign has forever held a place in my heart thanks for bringing it to light again you guys did well â [SEP] wish i knew the â see you laterâ you left me with meant a lifetime later miss you every day bub [SEP] high functioning depression is the worst tbh [SEP] this is my dad he probably sold worked on your parents cars would give you the rent a center shirt off his back all heâ d do was fucking laugh it seemed like he was so helpful and my uncle called him a gentle giant i think that fit well menâ s mental health is very overlooked [SEP] i miss you so much brother 8 years feels like an eternity ð,6500000.0,37500000.0,253600.0,21800.0,666064.0,1,we never really know what someoneâ s carrying a reminder to check in with your mates even if it seems like they donâ t need it ð inspired by norwich city fc #mentalhealth #movember #mensmentalhealth #awareness #fyppppppppppppppppppppppp # #mentalhealth #movember #mensmentalhealth #awareness #fyppppppppppppppppppppppp [SEP] hey hey don t mind let s save this run yeah yeah let s get going oops let s do plans tomorrow let s go on not much hey guys morning how are you today yeah good that s a bad good yeah ah don t worry man i m really enjoying it what happens is dave right awesome yeah look come on leg and behind the road keep up come on correct we can go for a long one tomorrow all be good are you able to weekendly spend the day on there yeah yeah it s a disaster yeah you re fun dude hey see you jim beep to the side of the highway yeah it s okay wait did you hear that car you told me that yeah no no dude i m going to have this smoothie at home it is so nice trust me i need to make you one yeah so what s that it is so nice trust me i need to make you one yeah so what s that same time so what are you doing yeah yeah [SEP] miss you always dadð ª½ [SEP] miss you ð ð [SEP] people donâ t fake depression they fake being happy ð â [SEP] she was always the happy one [SEP] rest in peace bro [SEP] the norwich fc campaign has forever held a place in my heart thanks for bringing it to light again you guys did well â [SEP] wish i knew the â see you laterâ you left me with meant a lifetime later miss you every day bub [SEP] high functioning depression is the worst tbh [SEP] this is my dad he probably sold worked on your parents cars would give you the rent a center shirt off his back all heâ d do was fucking laugh it seemed like he was so helpful and my uncle called him a gentle giant i think that fit well menâ s mental health is very overlooked [SEP] i miss you so much brother 8 years feels like an eternity ð,we never really know what someoneâ s carrying a reminder to check in with your mates even if it seems like they donâ t need it ð inspired by norwich city fc #mentalhealth #movember #mensmentalhealth #awareness #fyppppppppppppppppppppppp # #mentalhealth #movember #mensmentalhealth #awareness #fyppppppppppppppppppppppp [SEP] miss you always dadð ª½ [SEP] miss you ð ð [SEP] people donâ t fake depression they fake being happy ð â [SEP] she was always the happy one [SEP] rest in peace bro [SEP] the norwich fc campaign has forever held a place in my heart thanks for bringing it to light again you guys did well â [SEP] wish i knew the â see you laterâ you left me with meant a lifetime later miss you every day bub [SEP] high functioning depression is the worst tbh [SEP] this is my dad he probably sold worked on your parents cars would give you the rent a center shirt off his back all heâ d do was fucking laugh it seemed like he was so helpful and my uncle called him a gentle giant i think that fit well menâ s mental health is very overlooked [SEP] i miss you so much brother 8 years feels like an eternity ð
1125.0,#suisidawareness #hurt #unsaidfeelings,#suisidawareness #hurt #unsaidfeelings,have no fear the monsters come he s on the run and your daddy s here beautiful beautiful,im not scared of death im scared of pain [SEP]  [SEP] ð ð [SEP] later at 9pm [SEP] me at 22 4 ð ð ¹ [SEP]  [SEP] i m not scared of death i m scared of going to hell gospel optional to read john 3 16 â â for god so loved the world that he gave his one and only son that whoever believes in him shall not perish but have eternal life â [SEP]  [SEP] i m scared to repost [SEP] hi,9620.0,101700.0,901.0,96.0,1652.0,1,#suisidawareness #hurt #unsaidfeelings #suisidawareness #hurt #unsaidfeelings [SEP] have no fear the monsters come he s on the run and your daddy s here beautiful beautiful [SEP] im not scared of death im scared of pain [SEP]  [SEP] ð ð [SEP] later at 9pm [SEP] me at 22 4 ð ð ¹ [SEP]  [SEP] i m not scared of death i m scared of going to hell gospel optional to read john 3 16 â â for god so loved the world that he gave his one and only son that whoever believes in him shall not perish but have eternal life â [SEP]  [SEP] i m scared to repost [SEP] hi,#suisidawareness #hurt #unsaidfeelings #suisidawareness #hurt #unsaidfeelings [SEP] im not scared of death im scared of pain [SEP]  [SEP] ð ð [SEP] later at 9pm [SEP] me at 22 4 ð ð ¹ [SEP]  [SEP] i m not scared of death i m scared of going to hell gospel optional to read john 3 16 â â for god so loved the world that he gave his one and only son that whoever believes in him shall not perish but have eternal life â [SEP]  [SEP] i m scared to repost [SEP] hi
1126.0,#depression #su cide #strong #motivation #yougothis,#depression #su #strong #motivation #yougothis,i need you to fly to stay and you don t wanna die but it seems like the holy way but don t let go when the walls cave in i promise that you re not alone don t let go when the pain doesn t end you will be done on your own i ll try to stay i ll try to stay i ll try to stay,fighting every day ð [SEP] forever fightingð [SEP] â ï ð [SEP] ð ²ð ²ð ²,34.0,297.0,5.0,7.0,2.0,1,#depression #su cide #strong #motivation #yougothis #depression #su #strong #motivation #yougothis [SEP] i need you to fly to stay and you don t wanna die but it seems like the holy way but don t let go when the walls cave in i promise that you re not alone don t let go when the pain doesn t end you will be done on your own i ll try to stay i ll try to stay i ll try to stay [SEP] fighting every day ð [SEP] forever fightingð [SEP] â ï ð [SEP] ð ²ð ²ð ²,#depression #su cide #strong #motivation #yougothis #depression #su #strong #motivation #yougothis [SEP] fighting every day ð [SEP] forever fightingð [SEP] â ï ð [SEP] ð ²ð ²ð ²
1127.0,so emotional today after my psychiatrist appointment i finally got the confirmation that the new medication seems to be working and for the first time in so long i actually feel stable at least right now it makes me so relieved and hopefulâ ï i know how scary it can be to start medication especially after setbacks like allergic reactions or meds that donâ t work iâ ve been there and for years i was scared to seek help and try medication but now sitting here crying happy tears iâ m so grateful i did if youâ re struggling please donâ t lose hope finding the right help can take time but it is possible to feel like yourself again even after setbacksâ ï #mentalhealth #fyp,#mentalhealth #fyp,i was scared of what it meant if i needed medicine just to feel like me again and keep my demons in every now and then cause i remember when i thrive i once tried to survive it s like a trip and took a dive to another life it doesn t feel like mine but now i m tired of sitting aimless and drifty trying to turn off the lights and only taking off my clothes,from someone that finally got off my antidepressants a few weeks ago after many years they will heal you and prepare you for the life thatâ s worth fighting forâ ï [SEP] you deserve to be happy ð sending so much love from germany [SEP] go girlð ð ð ð [SEP] so proud of you stranger â [SEP] you deserve the world ð [SEP] my therapist told me that people with heart conditions need tablets to live everyday so i should never be ashamed for needing these tablets to keep me going x [SEP] you are glowing babe ð [SEP] yayyy ð you go girl [SEP] so happy for you ð ¹â ï [SEP] wish you all the bestâ ï,28700.0,280600.0,296.0,107.0,2007.0,1,so emotional today after my psychiatrist appointment i finally got the confirmation that the new medication seems to be working and for the first time in so long i actually feel stable at least right now it makes me so relieved and hopefulâ ï i know how scary it can be to start medication especially after setbacks like allergic reactions or meds that donâ t work iâ ve been there and for years i was scared to seek help and try medication but now sitting here crying happy tears iâ m so grateful i did if youâ re struggling please donâ t lose hope finding the right help can take time but it is possible to feel like yourself again even after setbacksâ ï #mentalhealth #fyp #mentalhealth #fyp [SEP] i was scared of what it meant if i needed medicine just to feel like me again and keep my demons in every now and then cause i remember when i thrive i once tried to survive it s like a trip and took a dive to another life it doesn t feel like mine but now i m tired of sitting aimless and drifty trying to turn off the lights and only taking off my clothes [SEP] from someone that finally got off my antidepressants a few weeks ago after many years they will heal you and prepare you for the life thatâ s worth fighting forâ ï [SEP] you deserve to be happy ð sending so much love from germany [SEP] go girlð ð ð ð [SEP] so proud of you stranger â [SEP] you deserve the world ð [SEP] my therapist told me that people with heart conditions need tablets to live everyday so i should never be ashamed for needing these tablets to keep me going x [SEP] you are glowing babe ð [SEP] yayyy ð you go girl [SEP] so happy for you ð ¹â ï [SEP] wish you all the bestâ ï,so emotional today after my psychiatrist appointment i finally got the confirmation that the new medication seems to be working and for the first time in so long i actually feel stable at least right now it makes me so relieved and hopefulâ ï i know how scary it can be to start medication especially after setbacks like allergic reactions or meds that donâ t work iâ ve been there and for years i was scared to seek help and try medication but now sitting here crying happy tears iâ m so grateful i did if youâ re struggling please donâ t lose hope finding the right help can take time but it is possible to feel like yourself again even after setbacksâ ï #mentalhealth #fyp #mentalhealth #fyp [SEP] from someone that finally got off my antidepressants a few weeks ago after many years they will heal you and prepare you for the life thatâ s worth fighting forâ ï [SEP] you deserve to be happy ð sending so much love from germany [SEP] go girlð ð ð ð [SEP] so proud of you stranger â [SEP] you deserve the world ð [SEP] my therapist told me that people with heart conditions need tablets to live everyday so i should never be ashamed for needing these tablets to keep me going x [SEP] you are glowing babe ð [SEP] yayyy ð you go girl [SEP] so happy for you ð ¹â ï [SEP] wish you all the bestâ ï
1128.0,her second attempt felt even more shameful #mentalhealth #mentalhealthmatters #depression #depressed #healing,#mentalhealth #mentalhealthmatters #depression #depressed #healing,fuck it didn t work again and that was probably like the hardest point of that whole experience because i had to continue facing all of the pain that i had been experiencing up to that point that i had told myself and thought that i could get through or get away from by ending my life sorry and so when i woke up and realized what had happened realized where i was realized the severity of what had just happened and saw my boyfriend sitting by my bed looking just wrecked and having to come to terms with that was really hard because like i talked about with the first one you know there was shame around having resorted to taking my own life because that felt that felt weak and you know that s something that people don t talk about very much so there was a lot of shame wrapped up in that and so to have tried and failed for a second time felt even more shameful and felt even worse,bye everybody [SEP] i failed cops saved my life and when i had to face my family after was the worst guilt in the world [SEP] it s not a failure it s proof that you still have a purpose [SEP] i fully agree with everything said that encapsulates me experince so well [SEP] i just want to hug her [SEP] obviously god has different plans for you luv [SEP] baby youâ re meant to be here ð [SEP] yep completely get it [SEP] i am glad your still here ð [SEP] i felt the sameð ªð ªð ª,8082.0,225700.0,63.0,232.0,870.0,1,her second attempt felt even more shameful #mentalhealth #mentalhealthmatters #depression #depressed #healing #mentalhealth #mentalhealthmatters #depression #depressed #healing [SEP] fuck it didn t work again and that was probably like the hardest point of that whole experience because i had to continue facing all of the pain that i had been experiencing up to that point that i had told myself and thought that i could get through or get away from by ending my life sorry and so when i woke up and realized what had happened realized where i was realized the severity of what had just happened and saw my boyfriend sitting by my bed looking just wrecked and having to come to terms with that was really hard because like i talked about with the first one you know there was shame around having resorted to taking my own life because that felt that felt weak and you know that s something that people don t talk about very much so there was a lot of shame wrapped up in that and so to have tried and failed for a second time felt even more shameful and felt even worse [SEP] bye everybody [SEP] i failed cops saved my life and when i had to face my family after was the worst guilt in the world [SEP] it s not a failure it s proof that you still have a purpose [SEP] i fully agree with everything said that encapsulates me experince so well [SEP] i just want to hug her [SEP] obviously god has different plans for you luv [SEP] baby youâ re meant to be here ð [SEP] yep completely get it [SEP] i am glad your still here ð [SEP] i felt the sameð ªð ªð ª,her second attempt felt even more shameful #mentalhealth #mentalhealthmatters #depression #depressed #healing #mentalhealth #mentalhealthmatters #depression #depressed #healing [SEP] bye everybody [SEP] i failed cops saved my life and when i had to face my family after was the worst guilt in the world [SEP] it s not a failure it s proof that you still have a purpose [SEP] i fully agree with everything said that encapsulates me experince so well [SEP] i just want to hug her [SEP] obviously god has different plans for you luv [SEP] baby youâ re meant to be here ð [SEP] yep completely get it [SEP] i am glad your still here ð [SEP] i felt the sameð ªð ªð ª
1129.0,happy travels i literally love you best travel agency in australia #travelaustralia #happytravels #eastcoastaustralia #traveltok #backpacker #backpacking #solotravelê,# #travelaustralia #happytravels #eastcoastaustralia #traveltok #backpacker #backpacking #solotravel,êi need to share this with you i was literally having a mental breakdown today my friends is coming to visit and she wanted to do half of the east coast the half that i hadn t done so i was like don t worry about it i got you i know so many people that went and there s so much information on tiktok like all planned the whole trip i was literally having a mental breakdown like even though there is a lot of information they say a lot but say nothing at the same time so i just i did not know how many days to go what activities to do if it was worth it if it wasn t like i was going crazy so then i remembered there s an office from habby travels in the center of sydney so i decided to go and i was like all at the handle it i literally go inside like i did not have an appointment nothing and i m like hi i want to do the east coast whatever i am not kidding not even two hours past and my entire trip was booked transportation accommodation perfect itinerary that fit both their schedules because my friend is in mexico so i was like i told the guy helping us like oh i need to call my friend and he was like absolutely you can make a video call with her and i m explaining everything he showed us footage of like his own experience which helped a lot because obviously when you re planning a trip you need to decide how many days you want to spend in each place so actually seeing what there is to do and having someone tell you about their experience and like for example we re doing the withsundays boat tour and he was like there s so many different types of boats and i was like okay tell me like the experience you re each one he did it was amazing and the whole thing was perfect so if you want to plan a trip whether it be in australia outside of australia they do new zealand they do asia book it with them you ll think me later goodbye,we love this so excited for your trip _____ [SEP] so exciteddd ya quieroo______ [SEP] thank you [SEP] we ____this so excited for your trip_____,40.0,2861.0,8.0,7.0,8.0,0,happy travels i literally love you best travel agency in australia #travelaustralia #happytravels #eastcoastaustralia #traveltok #backpacker #backpacking #solotravelê # #travelaustralia #happytravels #eastcoastaustralia #traveltok #backpacker #backpacking #solotravel [SEP] êi need to share this with you i was literally having a mental breakdown today my friends is coming to visit and she wanted to do half of the east coast the half that i hadn t done so i was like don t worry about it i got you i know so many people that went and there s so much information on tiktok like all planned the whole trip i was literally having a mental breakdown like even though there is a lot of information they say a lot but say nothing at the same time so i just i did not know how many days to go what activities to do if it was worth it if it wasn t like i was going crazy so then i remembered there s an office from habby travels in the center of sydney so i decided to go and i was like all at the handle it i literally go inside like i did not have an appointment nothing and i m like hi i want to do the east coast whatever i am not kidding not even two hours past and my entire trip was booked transportation accommodation perfect itinerary that fit both their schedules because my friend is in mexico so i was like i told the guy helping us like oh i need to call my friend and he was like absolutely you can make a video call with her and i m explaining everything he showed us footage of like his own experience which helped a lot because obviously when you re planning a trip you need to decide how many days you want to spend in each place so actually seeing what there is to do and having someone tell you about their experience and like for example we re doing the withsundays boat tour and he was like there s so many different types of boats and i was like okay tell me like the experience you re each one he did it was amazing and the whole thing was perfect so if you want to plan a trip whether it be in australia outside of australia they do new zealand they do asia book it with them you ll think me later goodbye [SEP] we love this so excited for your trip _____ [SEP] so exciteddd ya quieroo______ [SEP] thank you [SEP] we ____this so excited for your trip_____,happy travels i literally love you best travel agency in australia #travelaustralia #happytravels #eastcoastaustralia #traveltok #backpacker #backpacking #solotravelê # #travelaustralia #happytravels #eastcoastaustralia #traveltok #backpacker #backpacking #solotravel [SEP] we love this so excited for your trip _____ [SEP] so exciteddd ya quieroo______ [SEP] thank you [SEP] we ____this so excited for your trip_____
1130.0,stylish and brutal billionaires in monaco #luxurylifestyle #billionaires #monaco #richlifeê #luxeinmonaco #brutal #luxurylife #luxuryê,#luxurylifestyle #billionaires #monaco #richlife #luxeinmonaco #brutal #luxurylife #luxury,êi m a man i m a man i m a man no i can t i m not explained every time it s the same more i feel that s real i m taking my heart i ve been lonely too long no i can t be so strong to chance for a man to take my heart i need you soon there s no time i ll ever go share me share me lady i m going to a potion no this way you find it listen to your heart share me share me lady living in devotion so it s like the first time to live with me to be bar share your shell and make it let the stone grow give my heart to you listen to your heart,the first guy gentleman [SEP] what do these billionair people do in monaco are they coming for vacation or for business [SEP] on est tr s loin du 93 [SEP] first one will do for me very nice [SEP] de tous les hommes je pr f re vraiment le 1er classe __ [SEP] h_ gi u m h_ th n thi_n qu __p [SEP] all these are going to casino [SEP] you wonõt see a young billionaire why ____ [SEP] ng __u l men nh_t __ [SEP] how can i apply for valet job in monaco,369900.0,11900000.0,11600.0,3740.0,21180.0,0,stylish and brutal billionaires in monaco #luxurylifestyle #billionaires #monaco #richlifeê #luxeinmonaco #brutal #luxurylife #luxuryê #luxurylifestyle #billionaires #monaco #richlife #luxeinmonaco #brutal #luxurylife #luxury [SEP] êi m a man i m a man i m a man no i can t i m not explained every time it s the same more i feel that s real i m taking my heart i ve been lonely too long no i can t be so strong to chance for a man to take my heart i need you soon there s no time i ll ever go share me share me lady i m going to a potion no this way you find it listen to your heart share me share me lady living in devotion so it s like the first time to live with me to be bar share your shell and make it let the stone grow give my heart to you listen to your heart [SEP] the first guy gentleman [SEP] what do these billionair people do in monaco are they coming for vacation or for business [SEP] on est tr s loin du 93 [SEP] first one will do for me very nice [SEP] de tous les hommes je pr f re vraiment le 1er classe __ [SEP] h_ gi u m h_ th n thi_n qu __p [SEP] all these are going to casino [SEP] you wonõt see a young billionaire why ____ [SEP] ng __u l men nh_t __ [SEP] how can i apply for valet job in monaco,stylish and brutal billionaires in monaco #luxurylifestyle #billionaires #monaco #richlifeê #luxeinmonaco #brutal #luxurylife #luxuryê #luxurylifestyle #billionaires #monaco #richlife #luxeinmonaco #brutal #luxurylife #luxury [SEP] the first guy gentleman [SEP] what do these billionair people do in monaco are they coming for vacation or for business [SEP] on est tr s loin du 93 [SEP] first one will do for me very nice [SEP] de tous les hommes je pr f re vraiment le 1er classe __ [SEP] h_ gi u m h_ th n thi_n qu __p [SEP] all these are going to casino [SEP] you wonõt see a young billionaire why ____ [SEP] ng __u l men nh_t __ [SEP] how can i apply for valet job in monaco
1131.0,5 billion in one year __ i interviewed muhammad binghatti in dubai and i asked him how he got rich since heõs building the worlds first bugatti residences i asked him if he thought this was possible when he was growing up i also asked him why he is still motivated even after making billions of dollars in his career lastly i asked him how important faith and belief in god was for him #wealth #entrepreneur #financialfreedom,#wealth #entrepreneur #financialfreedom,excuse me sir sir is this your bugatti how did you get a bugatti how did i met you before yes you have how did you get a bugatti man i bought it you bought it well how did this is so you bet i m one of the biggest real estate developers in the world are you actually we re building the bugatti building right there growing up did you think that that was ever going to be possible no i had a lot of bugatti posters in my room but never a bugatti building i didn t think so the two bedded reality if you have a lot of passion in life you can achieve a lot of things you thought were dreams what was the most important amount of money that you made this single year a lot give me a raise almost 5 billion 5 billion in terms of sales yeah do you think everybody s built for entrepreneurship no why not you re going to fail a lot of times did you ever get rejected in business oh a thousand times yeah at one point in my life i used to make 110 calls on average every day i used to count them actually i still have screenshots pitching to sell buildings and the amount of times i was ghosted ignored rejected got a big fat no to be successful you ve got to be a good salesman and a good salesman is able to take a no and still try again because you ve already made billions of dollars throughout your career you re still building the dubai skyline why is that the biggest inspiration for success is success so success always attracts more success remember how you used to grind from day one and make sure you approach every day even when you ve made it in the same energy passion and hunger because if you become complacent that s the day you lose you get comfortable somebody else is going to come take your business comfort is the most dangerous drug and average is your biggest enemy to becoming success we want greatness absolutely how do you know i m 31 you re 31 years old i am i m proud of you man thank you very much you inspired the hell out of me i m proud of you too i mean you re doing very well you believe in god of course i do everything that happens in this life is in the hands of god how did you know god was real because i saw a lot of miracles in my life you know i asked god for miracles in my life and i saw them happen a lot of prayers were answered you ve got amazing advice sir thank you very much thank you so much for it i gotta give you a hug man and i d like to connect with all the billionaires on you can i get your contact sure yeah yeah of course absolutely,big money never comes clean [SEP] trust in god ______ [SEP] he was born rich [SEP] does he need a wife______ [SEP] my dad made 1 6 billion in a year [SEP] 5 billion i will not work for 5yrs [SEP] what colors your bugatti building [SEP] 5 billion dollars in a year __ [SEP] he is my father [SEP] free oil p,636800.0,8200000.0,28800.0,4040.0,67426.0,0,5 billion in one year __ i interviewed muhammad binghatti in dubai and i asked him how he got rich since heõs building the worlds first bugatti residences i asked him if he thought this was possible when he was growing up i also asked him why he is still motivated even after making billions of dollars in his career lastly i asked him how important faith and belief in god was for him #wealth #entrepreneur #financialfreedom #wealth #entrepreneur #financialfreedom [SEP] excuse me sir sir is this your bugatti how did you get a bugatti how did i met you before yes you have how did you get a bugatti man i bought it you bought it well how did this is so you bet i m one of the biggest real estate developers in the world are you actually we re building the bugatti building right there growing up did you think that that was ever going to be possible no i had a lot of bugatti posters in my room but never a bugatti building i didn t think so the two bedded reality if you have a lot of passion in life you can achieve a lot of things you thought were dreams what was the most important amount of money that you made this single year a lot give me a raise almost 5 billion 5 billion in terms of sales yeah do you think everybody s built for entrepreneurship no why not you re going to fail a lot of times did you ever get rejected in business oh a thousand times yeah at one point in my life i used to make 110 calls on average every day i used to count them actually i still have screenshots pitching to sell buildings and the amount of times i was ghosted ignored rejected got a big fat no to be successful you ve got to be a good salesman and a good salesman is able to take a no and still try again because you ve already made billions of dollars throughout your career you re still building the dubai skyline why is that the biggest inspiration for success is success so success always attracts more success remember how you used to grind from day one and make sure you approach every day even when you ve made it in the same energy passion and hunger because if you become complacent that s the day you lose you get comfortable somebody else is going to come take your business comfort is the most dangerous drug and average is your biggest enemy to becoming success we want greatness absolutely how do you know i m 31 you re 31 years old i am i m proud of you man thank you very much you inspired the hell out of me i m proud of you too i mean you re doing very well you believe in god of course i do everything that happens in this life is in the hands of god how did you know god was real because i saw a lot of miracles in my life you know i asked god for miracles in my life and i saw them happen a lot of prayers were answered you ve got amazing advice sir thank you very much thank you so much for it i gotta give you a hug man and i d like to connect with all the billionaires on you can i get your contact sure yeah yeah of course absolutely [SEP] big money never comes clean [SEP] trust in god ______ [SEP] he was born rich [SEP] does he need a wife______ [SEP] my dad made 1 6 billion in a year [SEP] 5 billion i will not work for 5yrs [SEP] what colors your bugatti building [SEP] 5 billion dollars in a year __ [SEP] he is my father [SEP] free oil p,5 billion in one year __ i interviewed muhammad binghatti in dubai and i asked him how he got rich since heõs building the worlds first bugatti residences i asked him if he thought this was possible when he was growing up i also asked him why he is still motivated even after making billions of dollars in his career lastly i asked him how important faith and belief in god was for him #wealth #entrepreneur #financialfreedom #wealth #entrepreneur #financialfreedom [SEP] big money never comes clean [SEP] trust in god ______ [SEP] he was born rich [SEP] does he need a wife______ [SEP] my dad made 1 6 billion in a year [SEP] 5 billion i will not work for 5yrs [SEP] what colors your bugatti building [SEP] 5 billion dollars in a year __ [SEP] he is my father [SEP] free oil p
1132.0,spending 2 million as a dubai housewife ____ cant wait to show you guys the interior design process #dubai #dubaihousewife #momtok #momsoftiktok #luxury #housewife #stayathomemom #house #villa #buyingahouse #entrepreneur #motivation,#dubai #dubaihousewife #momtok #momsoftiktok #luxury #housewife #stayathomemom #house #villa #buyingahouse #entrepreneur #motivation,êday in the life of a dubai housewife so today my husband said that we re going out to spend two million dollars on something which can only mean one thing and i let you guys try to figure out what that is there s only one thing that he s going to be spending two million on and it s probably going to be a house the last time that he bought me a property was when i thought he was either cheating on me gonna get a second wife or he wants me to have another baby so i really wonder what he wants this time my son was starting to do his patience at this point but then we finally got the keys did some final signatures they also gave us some gifts which were some backer at crystal vases which i will show you guys later on in the video finally got the keys in our hand and we headed straight to the villa to see it and check it out i love this little bow that they put on the door for us to make it feel extra special it is a brand new build house so it s super dusty because construction just finished i m going to be doing a lot of renovations to the house we re going to be doing the interior and also landscaping the garden with a pool of barbecue area and some seating so make sure that you guys are keeping up to date with my videos to see an update on that is the master wardrobe which i had to check out and the master bathroom i don t have enough time to show you guys the full house but this is the upstairs living area which is so nice and big and there s also an upstairs balcony and i was thinking to put like a sand pit here for more art to play with or something sort of thing then i opened up the backer at crystal vases that i was talking about and these are actually really cute and i ll probably find a space for them on my vanity and somewhere else in the house and that s it guys,how do i become a dubai housewife [SEP] so what did he want [SEP] berh rt ihr das wesentliche __ [SEP] may this love find me [SEP] dream job [SEP] adopt me habibi [SEP] how to apply for the position of dubai housewife __ [SEP] wakenya moo __ [SEP] i hope you thanking god for this blessing [SEP] la libert non ha prezzo,2900000.0,27900000.0,304200.0,20000.0,144880.0,0,spending 2 million as a dubai housewife ____ cant wait to show you guys the interior design process #dubai #dubaihousewife #momtok #momsoftiktok #luxury #housewife #stayathomemom #house #villa #buyingahouse #entrepreneur #motivation #dubai #dubaihousewife #momtok #momsoftiktok #luxury #housewife #stayathomemom #house #villa #buyingahouse #entrepreneur #motivation [SEP] êday in the life of a dubai housewife so today my husband said that we re going out to spend two million dollars on something which can only mean one thing and i let you guys try to figure out what that is there s only one thing that he s going to be spending two million on and it s probably going to be a house the last time that he bought me a property was when i thought he was either cheating on me gonna get a second wife or he wants me to have another baby so i really wonder what he wants this time my son was starting to do his patience at this point but then we finally got the keys did some final signatures they also gave us some gifts which were some backer at crystal vases which i will show you guys later on in the video finally got the keys in our hand and we headed straight to the villa to see it and check it out i love this little bow that they put on the door for us to make it feel extra special it is a brand new build house so it s super dusty because construction just finished i m going to be doing a lot of renovations to the house we re going to be doing the interior and also landscaping the garden with a pool of barbecue area and some seating so make sure that you guys are keeping up to date with my videos to see an update on that is the master wardrobe which i had to check out and the master bathroom i don t have enough time to show you guys the full house but this is the upstairs living area which is so nice and big and there s also an upstairs balcony and i was thinking to put like a sand pit here for more art to play with or something sort of thing then i opened up the backer at crystal vases that i was talking about and these are actually really cute and i ll probably find a space for them on my vanity and somewhere else in the house and that s it guys [SEP] how do i become a dubai housewife [SEP] so what did he want [SEP] berh rt ihr das wesentliche __ [SEP] may this love find me [SEP] dream job [SEP] adopt me habibi [SEP] how to apply for the position of dubai housewife __ [SEP] wakenya moo __ [SEP] i hope you thanking god for this blessing [SEP] la libert non ha prezzo,spending 2 million as a dubai housewife ____ cant wait to show you guys the interior design process #dubai #dubaihousewife #momtok #momsoftiktok #luxury #housewife #stayathomemom #house #villa #buyingahouse #entrepreneur #motivation #dubai #dubaihousewife #momtok #momsoftiktok #luxury #housewife #stayathomemom #house #villa #buyingahouse #entrepreneur #motivation [SEP] how do i become a dubai housewife [SEP] so what did he want [SEP] berh rt ihr das wesentliche __ [SEP] may this love find me [SEP] dream job [SEP] adopt me habibi [SEP] how to apply for the position of dubai housewife __ [SEP] wakenya moo __ [SEP] i hope you thanking god for this blessing [SEP] la libert non ha prezzo
1133.0,travel day as a young millionaire,,êi used to lose the world season rise when i gave you a word down in the morning i sleep on sweet the streets i used to i used to roll the dice feel the fear in my enemies eyes listen as the crowd would sing now they don t kings dead all at the kill i m in it i hold the key next to the walls we close down the air and i just don t think that my dad was so snobby upon villas you saw villas you saw i hear jefferson amels are ringing rolling got the requires you sitting be the runner mrs sc constituency an english speech,millionaire [SEP] so inspiring itõs also about the people you surround with [SEP] omg claim ____ [SEP] wow you and your sister look so much alike really pretty __ [SEP] thank god i started dropshipping ____ [SEP] that is the dream congrats __ [SEP] this is the life i want [SEP] this is me in 3 months to come [SEP] itõs a dream come true __ [SEP] wow this is so amazing your inspiring,1814.0,25500.0,61.0,33.0,268.0,0,travel day as a young millionaire  [SEP] êi used to lose the world season rise when i gave you a word down in the morning i sleep on sweet the streets i used to i used to roll the dice feel the fear in my enemies eyes listen as the crowd would sing now they don t kings dead all at the kill i m in it i hold the key next to the walls we close down the air and i just don t think that my dad was so snobby upon villas you saw villas you saw i hear jefferson amels are ringing rolling got the requires you sitting be the runner mrs sc constituency an english speech [SEP] millionaire [SEP] so inspiring itõs also about the people you surround with [SEP] omg claim ____ [SEP] wow you and your sister look so much alike really pretty __ [SEP] thank god i started dropshipping ____ [SEP] that is the dream congrats __ [SEP] this is the life i want [SEP] this is me in 3 months to come [SEP] itõs a dream come true __ [SEP] wow this is so amazing your inspiring,travel day as a young millionaire  [SEP] millionaire [SEP] so inspiring itõs also about the people you surround with [SEP] omg claim ____ [SEP] wow you and your sister look so much alike really pretty __ [SEP] thank god i started dropshipping ____ [SEP] that is the dream congrats __ [SEP] this is the life i want [SEP] this is me in 3 months to come [SEP] itõs a dream come true __ [SEP] wow this is so amazing your inspiring
1134.0,pov you re on a billionaire s holiday ____#switzerland____ #switzerland,#switzerland____ #switzerland,is the most expensive town in the world where billionaires come on holiday welcome to stad they say that people are so rich here that even the cows earn passive income i can smell money wherever you look here there s money first of all can i just point out how clean the streets are straight away you hit with the designer brands don t know what half of these are so to look at the house prices it s our house for 16 5 million francs and that was for like not a mansion it was for a modest a very modest shallot 16 5 million francs this is pretty much as good as it gets we ve got the stad palace which i did try and i tried to book a night there but you have to book two minimum nights so this whole street is just designer shops and it s so unique it feels like almost a bit like disneyland because it s just in the middle of the mountains and then you ve just got these amazing shops how d you get a purchase what s the host i was here it matches how to i like to buy caps where i go there s the only thing i like to get,st moritz or gstaad what s better [SEP] what no doctors and engineers [SEP] i live and i work here gstaad [SEP] i live in gstaad [SEP] __ where is it [SEP] money but no happiness look at peoples face in switzerland [SEP] amazing no basketball players then [SEP] verbier [SEP] but no freedom __ [SEP] is it safe,119900.0,2400000.0,12800.0,629.0,19314.0,0,pov you re on a billionaire s holiday ____#switzerland____ #switzerland #switzerland____ #switzerland [SEP] is the most expensive town in the world where billionaires come on holiday welcome to stad they say that people are so rich here that even the cows earn passive income i can smell money wherever you look here there s money first of all can i just point out how clean the streets are straight away you hit with the designer brands don t know what half of these are so to look at the house prices it s our house for 16 5 million francs and that was for like not a mansion it was for a modest a very modest shallot 16 5 million francs this is pretty much as good as it gets we ve got the stad palace which i did try and i tried to book a night there but you have to book two minimum nights so this whole street is just designer shops and it s so unique it feels like almost a bit like disneyland because it s just in the middle of the mountains and then you ve just got these amazing shops how d you get a purchase what s the host i was here it matches how to i like to buy caps where i go there s the only thing i like to get [SEP] st moritz or gstaad what s better [SEP] what no doctors and engineers [SEP] i live and i work here gstaad [SEP] i live in gstaad [SEP] __ where is it [SEP] money but no happiness look at peoples face in switzerland [SEP] amazing no basketball players then [SEP] verbier [SEP] but no freedom __ [SEP] is it safe,pov you re on a billionaire s holiday ____#switzerland____ #switzerland #switzerland____ #switzerland [SEP] st moritz or gstaad what s better [SEP] what no doctors and engineers [SEP] i live and i work here gstaad [SEP] i live in gstaad [SEP] __ where is it [SEP] money but no happiness look at peoples face in switzerland [SEP] amazing no basketball players then [SEP] verbier [SEP] but no freedom __ [SEP] is it safe
1135.0,blessed is an understatement ______ #travelcouple #rich #lifestyle #travel #gratefulê,#travelcouple #rich #lifestyle #travel #grateful,êyou re a rich girl and it s gone too far cause you know it won t matter anyway,love this trend ________ [SEP] the best [SEP] the most precious moments [SEP] so freakin cute [SEP] money moves when you move smart not just fast [SEP] viral tips can spark ideas ñ but discipline builds the dream [SEP] real wealth isnõt built on hype ñ itõs built on habits [SEP] if getting rich was just a scroll away weõd all be millionaires by now [SEP] real wealth isnõt built on hype ñ itõs built on habits,25700.0,328400.0,1284.0,464.0,4586.0,0,blessed is an understatement ______ #travelcouple #rich #lifestyle #travel #gratefulê #travelcouple #rich #lifestyle #travel #grateful [SEP] êyou re a rich girl and it s gone too far cause you know it won t matter anyway [SEP] love this trend ________ [SEP] the best [SEP] the most precious moments [SEP] so freakin cute [SEP] money moves when you move smart not just fast [SEP] viral tips can spark ideas ñ but discipline builds the dream [SEP] real wealth isnõt built on hype ñ itõs built on habits [SEP] if getting rich was just a scroll away weõd all be millionaires by now [SEP] real wealth isnõt built on hype ñ itõs built on habits,blessed is an understatement ______ #travelcouple #rich #lifestyle #travel #gratefulê #travelcouple #rich #lifestyle #travel #grateful [SEP] love this trend ________ [SEP] the best [SEP] the most precious moments [SEP] so freakin cute [SEP] money moves when you move smart not just fast [SEP] viral tips can spark ideas ñ but discipline builds the dream [SEP] real wealth isnõt built on hype ñ itõs built on habits [SEP] if getting rich was just a scroll away weõd all be millionaires by now [SEP] real wealth isnõt built on hype ñ itõs built on habits
1136.0,or the òur always on side questsó i love it #travel #rich #foryou #fyp #foryoupageê,#travel #rich #foryou #fyp #foryoupage,,that is my goal i wanna be the one who is always traveling [SEP] i need ur jacket __ [SEP] best side quests involve plane [SEP] iõm genuinely curious on how i can do this resource wise how do it sis iõm proud of you [SEP] dilar_a7705 [SEP] ______ [SEP] ______,5175.0,89900.0,422.0,10.0,939.0,0,or the òur always on side questsó i love it #travel #rich #foryou #fyp #foryoupageê #travel #rich #foryou #fyp #foryoupage [SEP]  [SEP] that is my goal i wanna be the one who is always traveling [SEP] i need ur jacket __ [SEP] best side quests involve plane [SEP] iõm genuinely curious on how i can do this resource wise how do it sis iõm proud of you [SEP] dilar_a7705 [SEP] ______ [SEP] ______,or the òur always on side questsó i love it #travel #rich #foryou #fyp #foryoupageê #travel #rich #foryou #fyp #foryoupage [SEP] that is my goal i wanna be the one who is always traveling [SEP] i need ur jacket __ [SEP] best side quests involve plane [SEP] iõm genuinely curious on how i can do this resource wise how do it sis iõm proud of you [SEP] dilar_a7705 [SEP] ______ [SEP] ______
1137.0,if you want to travel more in 2026 but planning a trip absolutely stresses you out i gotchu ____here s my 7 step method to make trip planning a breeze __ new here hi iõm divya i share travel guides hidden gems and adventure tips to help you explore more follow along for the inspo #travelplanning #traveltipsandtricks #howtoplanatrip #travelcreators #adventuretravelguide,#travelplanning #traveltipsandtricks #howtoplanatrip #travelcreators #adventuretravelguide,this is how to plan a trip if you re someone who treats planning trips hi v e here my name s sivya and i share you how to travel more and live your best adventure s life without quitting your night of fire step one is to pick your dates and your anchor activity don t start with a giant list of things to do pick your dates first and then choose one anchor activity the hike the viewpoint the hot springs basically the thing you re actually going for this becomes a centerpiece of your trip and everything should get built around this step two is to pick your non negotiable these are your core memories basically if you get them done you ll walk away happy this step alone will stop you from trying to do a hundred different things and then feeling disappointed when you get it step three is to pick a separate nice to do lists everything else like extra hikes or lookouts should go on this list these are flexible so if you get to them amazing if not it s totally fine but having the separate list removes so much pressure is now you don t have to pretend that everything is essential number four is to intentionally pick your home base now that you have your anchor and your non negotiable use that to pick your home base don t pick your random hotel and build a questionnaire around that pick your stay based on the anchor activity and your non negotiable being close by saves you hours of driving especially if you only have a long weekend or a little bit of pto number five is to save everything on one google map list any recommendation you see on instagram or tiktok save it to a single google maps list and you want to do this before your trip that way when you re actually on your trip all you have to do is open your map and you can literally see what s near you no scrolling no thinking no decision fatigue it s the easiest way to plan without actually planning step six is to build a loose plan and not a strict diary just stick to one to two main things each day you re going to need buffer time and you re going to need some time to explore to read adjust to weather and honestly just read trust me when i say that trips become a million times better when you re not trying to squeeze everything in and last step is to gamify the process i know it sounds crazy but literally set a 10 minute timer and see how much you can get done take just one task like finding a hotel or sitting restaurants to your google maps list and just do that one thing when you break it down into tiny levels instead of trying to do the whole trip at one it s going to feel so much easier and by the end of it you re basically going to trick yourself into finishing your whole light diary without burning out don t forget to save the colony for one,whats an anchor activity [SEP] so good also your editing is amazing __ [SEP] this video is sooo helpful [SEP] this was amazing [SEP] thank you [SEP] this is really helpful [SEP] my type a friend and i watched this tg just now and wanted you to know we love this [SEP] yesssss [SEP] ok yes love this__ exactly the way to build a trip__ [SEP] this is what i do makes planning fun and easy,22400.0,123300.0,1814.0,72.0,11209.0,0,if you want to travel more in 2026 but planning a trip absolutely stresses you out i gotchu ____here s my 7 step method to make trip planning a breeze __ new here hi iõm divya i share travel guides hidden gems and adventure tips to help you explore more follow along for the inspo #travelplanning #traveltipsandtricks #howtoplanatrip #travelcreators #adventuretravelguide #travelplanning #traveltipsandtricks #howtoplanatrip #travelcreators #adventuretravelguide [SEP] this is how to plan a trip if you re someone who treats planning trips hi v e here my name s sivya and i share you how to travel more and live your best adventure s life without quitting your night of fire step one is to pick your dates and your anchor activity don t start with a giant list of things to do pick your dates first and then choose one anchor activity the hike the viewpoint the hot springs basically the thing you re actually going for this becomes a centerpiece of your trip and everything should get built around this step two is to pick your non negotiable these are your core memories basically if you get them done you ll walk away happy this step alone will stop you from trying to do a hundred different things and then feeling disappointed when you get it step three is to pick a separate nice to do lists everything else like extra hikes or lookouts should go on this list these are flexible so if you get to them amazing if not it s totally fine but having the separate list removes so much pressure is now you don t have to pretend that everything is essential number four is to intentionally pick your home base now that you have your anchor and your non negotiable use that to pick your home base don t pick your random hotel and build a questionnaire around that pick your stay based on the anchor activity and your non negotiable being close by saves you hours of driving especially if you only have a long weekend or a little bit of pto number five is to save everything on one google map list any recommendation you see on instagram or tiktok save it to a single google maps list and you want to do this before your trip that way when you re actually on your trip all you have to do is open your map and you can literally see what s near you no scrolling no thinking no decision fatigue it s the easiest way to plan without actually planning step six is to build a loose plan and not a strict diary just stick to one to two main things each day you re going to need buffer time and you re going to need some time to explore to read adjust to weather and honestly just read trust me when i say that trips become a million times better when you re not trying to squeeze everything in and last step is to gamify the process i know it sounds crazy but literally set a 10 minute timer and see how much you can get done take just one task like finding a hotel or sitting restaurants to your google maps list and just do that one thing when you break it down into tiny levels instead of trying to do the whole trip at one it s going to feel so much easier and by the end of it you re basically going to trick yourself into finishing your whole light diary without burning out don t forget to save the colony for one [SEP] whats an anchor activity [SEP] so good also your editing is amazing __ [SEP] this video is sooo helpful [SEP] this was amazing [SEP] thank you [SEP] this is really helpful [SEP] my type a friend and i watched this tg just now and wanted you to know we love this [SEP] yesssss [SEP] ok yes love this__ exactly the way to build a trip__ [SEP] this is what i do makes planning fun and easy,if you want to travel more in 2026 but planning a trip absolutely stresses you out i gotchu ____here s my 7 step method to make trip planning a breeze __ new here hi iõm divya i share travel guides hidden gems and adventure tips to help you explore more follow along for the inspo #travelplanning #traveltipsandtricks #howtoplanatrip #travelcreators #adventuretravelguide #travelplanning #traveltipsandtricks #howtoplanatrip #travelcreators #adventuretravelguide [SEP] whats an anchor activity [SEP] so good also your editing is amazing __ [SEP] this video is sooo helpful [SEP] this was amazing [SEP] thank you [SEP] this is really helpful [SEP] my type a friend and i watched this tg just now and wanted you to know we love this [SEP] yesssss [SEP] ok yes love this__ exactly the way to build a trip__ [SEP] this is what i do makes planning fun and easy
1138.0,do what you love and the rest will come #taylorhill on_purpose_podcastê #inspiration #motivation #mindset #quote #disney #edit #foru #viral_videoê,#taylorhill # #inspiration #motivation #mindset #quote #disney #edit #foru #viral_video,êadvice is do what you love and the rest will come always grow you know always be willing to grow and change acknowledging past mistakes and growing and changing from them is really important is something i m still learning and trying to do but i think if we can all work on that and do that maybe the world could be a better place,whats her name [SEP] who is she ê _ _ _ ê [SEP] do what you love and love what you do [SEP] do what you love and the rest will come _ [SEP] best motivation is qur aan _____________ [SEP] yess do what you love [SEP] i donõt know what i love [SEP] embrace the pain [SEP] yourself__ [SEP] do what you do best and the best will come _ everything aligns when you stay true,222300.0,2500000.0,18400.0,679.0,53696.0,0,do what you love and the rest will come #taylorhill on_purpose_podcastê #inspiration #motivation #mindset #quote #disney #edit #foru #viral_videoê #taylorhill # #inspiration #motivation #mindset #quote #disney #edit #foru #viral_video [SEP] êadvice is do what you love and the rest will come always grow you know always be willing to grow and change acknowledging past mistakes and growing and changing from them is really important is something i m still learning and trying to do but i think if we can all work on that and do that maybe the world could be a better place [SEP] whats her name [SEP] who is she ê _ _ _ ê [SEP] do what you love and love what you do [SEP] do what you love and the rest will come _ [SEP] best motivation is qur aan _____________ [SEP] yess do what you love [SEP] i donõt know what i love [SEP] embrace the pain [SEP] yourself__ [SEP] do what you do best and the best will come _ everything aligns when you stay true,do what you love and the rest will come #taylorhill on_purpose_podcastê #inspiration #motivation #mindset #quote #disney #edit #foru #viral_videoê #taylorhill # #inspiration #motivation #mindset #quote #disney #edit #foru #viral_video [SEP] whats her name [SEP] who is she ê _ _ _ ê [SEP] do what you love and love what you do [SEP] do what you love and the rest will come _ [SEP] best motivation is qur aan _____________ [SEP] yess do what you love [SEP] i donõt know what i love [SEP] embrace the pain [SEP] yourself__ [SEP] do what you do best and the best will come _ everything aligns when you stay true
1139.0,one of my favorites __ clipped from my episode with michelle obama in 2024 watch or listen by searching ôonpurpose michelle obamaõ #advice #inspiration #quotes #obama #motivation,#advice #inspiration #quotes #obama #motivation,êwhat is the best advice you ve ever had or received come home we like you here to explain that it was like my parents always taught me that the world won t always like you but you can t count on the world to like you you come home to be liked you go out there to get your education to earn a living you won t necessarily find people who will see you or love you or like you you get that here,what if parents dont like you [SEP] laughs awkwardly you guys got that at home __ [SEP] i wish that was my parental reality [SEP] love michelle obama such an incredible smart woman __ [SEP] bravo ______ [SEP] the best first lady of usa [SEP] iõm obsessed with her [SEP] #so true [SEP] smart woman [SEP] stellar advice _,94400.0,1300000.0,14600.0,756.0,13085.0,0,one of my favorites __ clipped from my episode with michelle obama in 2024 watch or listen by searching ôonpurpose michelle obamaõ #advice #inspiration #quotes #obama #motivation #advice #inspiration #quotes #obama #motivation [SEP] êwhat is the best advice you ve ever had or received come home we like you here to explain that it was like my parents always taught me that the world won t always like you but you can t count on the world to like you you come home to be liked you go out there to get your education to earn a living you won t necessarily find people who will see you or love you or like you you get that here [SEP] what if parents dont like you [SEP] laughs awkwardly you guys got that at home __ [SEP] i wish that was my parental reality [SEP] love michelle obama such an incredible smart woman __ [SEP] bravo ______ [SEP] the best first lady of usa [SEP] iõm obsessed with her [SEP] #so true [SEP] smart woman [SEP] stellar advice _,one of my favorites __ clipped from my episode with michelle obama in 2024 watch or listen by searching ôonpurpose michelle obamaõ #advice #inspiration #quotes #obama #motivation #advice #inspiration #quotes #obama #motivation [SEP] what if parents dont like you [SEP] laughs awkwardly you guys got that at home __ [SEP] i wish that was my parental reality [SEP] love michelle obama such an incredible smart woman __ [SEP] bravo ______ [SEP] the best first lady of usa [SEP] iõm obsessed with her [SEP] #so true [SEP] smart woman [SEP] stellar advice _
1140.0,sheõs a billionaire __ i interviewed a billionaire entrepreneur in beverly hills and i asked her how she got rich since she started with 3 million in debt i asked her how someone can escape the cycle of poverty in todayõs world i also asked her for a lesson about business she would give to an entrepreneur that is not taught in college since she owns ten companies around the world i asked her how important it is to travel and leave your hometown lastly i asked her the best advice sheõd give to the younger generation #wealth #entrepreneur #financialfreedom #motivation,#wealth #entrepreneur #financialfreedom #motivation,excuse me ma am ma am question for you how old were you when you became a millionaire 28 28 years old and then how did you get rich do you not going to ask me when i became a billionaire are you serious yes how did you become a billionaire on business you have to own your business so how many companies do you own i have more than 10 companies around the world can i give you a forbid yes of course so what was the most amount of money you made in the single year when i was young 60 million you made 80 million yes did you make 60 million yes what does this i started with negative debt of 3 million you started negative 3 billion my family member passed away and i inherited 3 million in debt not in cash for somebody who is stuck in that cycle of poverty what advice would you give to them if you want to escape the cycle of poverty befriend with at least one rich person because all the rich people want to teach you how they become rich they want to give you some money to start your business the poor will only bring you down did you go to college yes of course i had two months in a degree before i was 20 years old what s one lesson about business you would teach me right here it is not taught in business school okay a lot of people aim for sale for the figure of the revenue no not the revenue not even profit because your profit could be hidden in the bad debts in the things that you can t get the most important thing is the net cash that you can take out of the business as the net dividend after tax in your pocket that s all that s cow that s game right there where are you from my parents are from thailand but i live in monaco how important is it for an entrepreneur to leave their hometown it is the best thing every time you leave your hometown it s no longer comfortable you become enlightened so it s safe to say that you can t become a billionaire working from home you re not a tree you re not a tree if you re going to sit on the couch go sit on the couch and pair it if you mean you died tomorrow and you had one more message to leave at the younger generation what would that be remember don t always try to make people like you because when you re successful you will have haters you only need to please god and that s it because human you can never please them they can t even please themself you have amazing advice thank you i connect with all the billionaires at any of you could i get your contact yes of course i give it to you call me anytime,who is she please [SEP] whatõs her name please ____ [SEP] who is she [SEP] she was born in a rich family thats a secret [SEP] òtwo master degrees before 20 y oó __ [SEP] whatõs her name sheõs amazing [SEP] people in thailand know her too wellñ__ kru aoi is that you [SEP] i love her advice she seems so genuine and happy to help _ can she be my rich friend __ [SEP] òthe poor will always bring you downó damn ____ [SEP] who is this woman __,398300.0,3600000.0,37300.0,3669.0,61633.0,0,sheõs a billionaire __ i interviewed a billionaire entrepreneur in beverly hills and i asked her how she got rich since she started with 3 million in debt i asked her how someone can escape the cycle of poverty in todayõs world i also asked her for a lesson about business she would give to an entrepreneur that is not taught in college since she owns ten companies around the world i asked her how important it is to travel and leave your hometown lastly i asked her the best advice sheõd give to the younger generation #wealth #entrepreneur #financialfreedom #motivation #wealth #entrepreneur #financialfreedom #motivation [SEP] excuse me ma am ma am question for you how old were you when you became a millionaire 28 28 years old and then how did you get rich do you not going to ask me when i became a billionaire are you serious yes how did you become a billionaire on business you have to own your business so how many companies do you own i have more than 10 companies around the world can i give you a forbid yes of course so what was the most amount of money you made in the single year when i was young 60 million you made 80 million yes did you make 60 million yes what does this i started with negative debt of 3 million you started negative 3 billion my family member passed away and i inherited 3 million in debt not in cash for somebody who is stuck in that cycle of poverty what advice would you give to them if you want to escape the cycle of poverty befriend with at least one rich person because all the rich people want to teach you how they become rich they want to give you some money to start your business the poor will only bring you down did you go to college yes of course i had two months in a degree before i was 20 years old what s one lesson about business you would teach me right here it is not taught in business school okay a lot of people aim for sale for the figure of the revenue no not the revenue not even profit because your profit could be hidden in the bad debts in the things that you can t get the most important thing is the net cash that you can take out of the business as the net dividend after tax in your pocket that s all that s cow that s game right there where are you from my parents are from thailand but i live in monaco how important is it for an entrepreneur to leave their hometown it is the best thing every time you leave your hometown it s no longer comfortable you become enlightened so it s safe to say that you can t become a billionaire working from home you re not a tree you re not a tree if you re going to sit on the couch go sit on the couch and pair it if you mean you died tomorrow and you had one more message to leave at the younger generation what would that be remember don t always try to make people like you because when you re successful you will have haters you only need to please god and that s it because human you can never please them they can t even please themself you have amazing advice thank you i connect with all the billionaires at any of you could i get your contact yes of course i give it to you call me anytime [SEP] who is she please [SEP] whatõs her name please ____ [SEP] who is she [SEP] she was born in a rich family thats a secret [SEP] òtwo master degrees before 20 y oó __ [SEP] whatõs her name sheõs amazing [SEP] people in thailand know her too wellñ__ kru aoi is that you [SEP] i love her advice she seems so genuine and happy to help _ can she be my rich friend __ [SEP] òthe poor will always bring you downó damn ____ [SEP] who is this woman __,sheõs a billionaire __ i interviewed a billionaire entrepreneur in beverly hills and i asked her how she got rich since she started with 3 million in debt i asked her how someone can escape the cycle of poverty in todayõs world i also asked her for a lesson about business she would give to an entrepreneur that is not taught in college since she owns ten companies around the world i asked her how important it is to travel and leave your hometown lastly i asked her the best advice sheõd give to the younger generation #wealth #entrepreneur #financialfreedom #motivation #wealth #entrepreneur #financialfreedom #motivation [SEP] who is she please [SEP] whatõs her name please ____ [SEP] who is she [SEP] she was born in a rich family thats a secret [SEP] òtwo master degrees before 20 y oó __ [SEP] whatõs her name sheõs amazing [SEP] people in thailand know her too wellñ__ kru aoi is that you [SEP] i love her advice she seems so genuine and happy to help _ can she be my rich friend __ [SEP] òthe poor will always bring you downó damn ____ [SEP] who is this woman __
1141.0,trust the processé #roadtomillionaire #luxury #fyp #wealthylifestyle #motivation #viral #viewsê,#roadtomillionaire #luxury #fyp #wealthylifestyle #motivation #viral #views,êit s like this and i like this yeah trust the process yeah back to you honey you ain t even out trust my brothers i m living,move namee plezz [SEP] trust the process____ [SEP] i trust __ [SEP] trust the process [SEP] trust the process __trust in allah __ [SEP] he s my dream husband ____ [SEP] claim positive energy ______ [SEP] my future husband __ __ [SEP] does the process know that we trust it__ [SEP] intellectual patent,548200.0,5900000.0,47900.0,2513.0,95047.0,0,trust the processé #roadtomillionaire #luxury #fyp #wealthylifestyle #motivation #viral #viewsê #roadtomillionaire #luxury #fyp #wealthylifestyle #motivation #viral #views [SEP] êit s like this and i like this yeah trust the process yeah back to you honey you ain t even out trust my brothers i m living [SEP] move namee plezz [SEP] trust the process____ [SEP] i trust __ [SEP] trust the process [SEP] trust the process __trust in allah __ [SEP] he s my dream husband ____ [SEP] claim positive energy ______ [SEP] my future husband __ __ [SEP] does the process know that we trust it__ [SEP] intellectual patent,trust the processé #roadtomillionaire #luxury #fyp #wealthylifestyle #motivation #viral #viewsê #roadtomillionaire #luxury #fyp #wealthylifestyle #motivation #viral #views [SEP] move namee plezz [SEP] trust the process____ [SEP] i trust __ [SEP] trust the process [SEP] trust the process __trust in allah __ [SEP] he s my dream husband ____ [SEP] claim positive energy ______ [SEP] my future husband __ __ [SEP] does the process know that we trust it__ [SEP] intellectual patent
1142.0,there is no nobility in poverty #motivation #wolfofwallstreet #mindset #entrepreneur #money #inspirationê,#motivation #wolfofwallstreet #mindset #entrepreneur #money #inspiration,let me tell you something there is no nobility in poverty i have been a rich man and i have been a poor man i choose rich at the fucking time because at least as a rich man when i have to face my problems i show up in a back of a limo where in a 2 000 suit and a 40 000 gold fucking watch so you listen to me and you listen well are you behind on your credit card bills go pick up the phone and stop dialing is it landlord ready to evict you go pick up the phone and stop dialing because you go for a dick you re a fucking worthless loser go pick up the phone and stop dialing i want you to deal with your problems by becoming rich,jordan belfort [SEP] goated movie [SEP] i just watched the movie and damn it was goated [SEP] _ [SEP] __ [SEP] __ [SEP] __ [SEP] __ [SEP] _ [SEP] __,3202.0,80500.0,578.0,34.0,724.0,0,there is no nobility in poverty #motivation #wolfofwallstreet #mindset #entrepreneur #money #inspirationê #motivation #wolfofwallstreet #mindset #entrepreneur #money #inspiration [SEP] let me tell you something there is no nobility in poverty i have been a rich man and i have been a poor man i choose rich at the fucking time because at least as a rich man when i have to face my problems i show up in a back of a limo where in a 2 000 suit and a 40 000 gold fucking watch so you listen to me and you listen well are you behind on your credit card bills go pick up the phone and stop dialing is it landlord ready to evict you go pick up the phone and stop dialing because you go for a dick you re a fucking worthless loser go pick up the phone and stop dialing i want you to deal with your problems by becoming rich [SEP] jordan belfort [SEP] goated movie [SEP] i just watched the movie and damn it was goated [SEP] _ [SEP] __ [SEP] __ [SEP] __ [SEP] __ [SEP] _ [SEP] __,there is no nobility in poverty #motivation #wolfofwallstreet #mindset #entrepreneur #money #inspirationê #motivation #wolfofwallstreet #mindset #entrepreneur #money #inspiration [SEP] jordan belfort [SEP] goated movie [SEP] i just watched the movie and damn it was goated [SEP] _ [SEP] __ [SEP] __ [SEP] __ [SEP] __ [SEP] _ [SEP] __
1143.0,watch this if you want to be rich #fyp #mindset #motivation #richtok #lifelessonê,#fyp #mindset #motivation #richtok #lifelesson,these are things that rich people don t do and you can trust me because i used to be broke i am no longer broke and i am what most people would consider now rich and here are some things that i have learned along the way that rich people do that poor people don t so the first thing i learned and this i learned the hard way is that rich people do not do not trade their time for money they work a lot smarter and not harder once you realize that it s not about the hours you put in but rather the value that you bring your entire perception changes and you can start to think and you can start to prioritize value over time spent working a job a regular job is always about time spent hours put in and trading time for money so just know if you really want to become super successful rich and wealthy working a job is probably not the way to make that happen the next thing rich people live on their credit cards and of course they always pay their credit cards off in plenty of time and never a crew interest that s the key i have about a million credit card points that equates to about 10 000 in cash or about 50 000 in travel and accommodation that is literally free money i spend the money that i need to spend and it pays me back it literally pays me back put everything on your credit cards but you have to pay them off in time as soon as you start collecting interest that s when you lose but if you put everything on your credit cards and you pay it off and you just accumulate credit card points you are literally making money for free i can do all my boozy traveling totally for free now another thing i learned the hard way is that rich people do not save money they invest i promise you it is so much easier to make an additional 10k than it is to save 10k now instead i used to think okay if there s something i want i have to save for it now if there s something super expensive that i want i don t think okay how do i budget how do i save for this i think okay how can i make an extra 20 000 so that i can get that right now cash also loses a ton of money over time due to inflation and if you re not investing it you are losing it that money becomes less valuable the more you save instead of putting it into investments and investing i promise isn t just for rich people you can put in the smallest amount of money and the sooner you do it the more it will accumulate and the more compound interest you will get and the richer you will become for the love of god if you don t have at least a high yield savings account please open that because if your money is sitting in savings you re literally losing money due to inflation and this is one of the things that actually helped me become rich because it s what rich people do rich people do not overthink things overthinking will kill 99 9 of all ideas rich people always act and then figure it out along the way for people are typically afraid of taking risks and find every single way to talk themselves out of it and instead try to over prepare themselves to as best as possible when in reality had they just acted right from the get go they would have been way ahead and either figured out that hey this doesn t work a lot faster or we need to pivot and we could do something else or okay this is a slam dunk i definitely have more but those are some of my favorites let me know if you d like me to share more from somebody who was a flat broke to a negative bank account to now making seven figures a year,invest in what tho [SEP] how do i know what to invest in [SEP] what would you recommend to invest in [SEP] how do i know if im rich [SEP] how much is a high yield savings [SEP] all about mindset [SEP] commenting so i stay on this side of tiktok_ [SEP] what do we invest in [SEP] mhmm the credit card thing is so real canõt tell you the last time i paid with my debit card always always always pay in credit [SEP] commenting to stay on this side of tiktok,24400.0,450700.0,4097.0,830.0,6856.0,0,watch this if you want to be rich #fyp #mindset #motivation #richtok #lifelessonê #fyp #mindset #motivation #richtok #lifelesson [SEP] these are things that rich people don t do and you can trust me because i used to be broke i am no longer broke and i am what most people would consider now rich and here are some things that i have learned along the way that rich people do that poor people don t so the first thing i learned and this i learned the hard way is that rich people do not do not trade their time for money they work a lot smarter and not harder once you realize that it s not about the hours you put in but rather the value that you bring your entire perception changes and you can start to think and you can start to prioritize value over time spent working a job a regular job is always about time spent hours put in and trading time for money so just know if you really want to become super successful rich and wealthy working a job is probably not the way to make that happen the next thing rich people live on their credit cards and of course they always pay their credit cards off in plenty of time and never a crew interest that s the key i have about a million credit card points that equates to about 10 000 in cash or about 50 000 in travel and accommodation that is literally free money i spend the money that i need to spend and it pays me back it literally pays me back put everything on your credit cards but you have to pay them off in time as soon as you start collecting interest that s when you lose but if you put everything on your credit cards and you pay it off and you just accumulate credit card points you are literally making money for free i can do all my boozy traveling totally for free now another thing i learned the hard way is that rich people do not save money they invest i promise you it is so much easier to make an additional 10k than it is to save 10k now instead i used to think okay if there s something i want i have to save for it now if there s something super expensive that i want i don t think okay how do i budget how do i save for this i think okay how can i make an extra 20 000 so that i can get that right now cash also loses a ton of money over time due to inflation and if you re not investing it you are losing it that money becomes less valuable the more you save instead of putting it into investments and investing i promise isn t just for rich people you can put in the smallest amount of money and the sooner you do it the more it will accumulate and the more compound interest you will get and the richer you will become for the love of god if you don t have at least a high yield savings account please open that because if your money is sitting in savings you re literally losing money due to inflation and this is one of the things that actually helped me become rich because it s what rich people do rich people do not overthink things overthinking will kill 99 9 of all ideas rich people always act and then figure it out along the way for people are typically afraid of taking risks and find every single way to talk themselves out of it and instead try to over prepare themselves to as best as possible when in reality had they just acted right from the get go they would have been way ahead and either figured out that hey this doesn t work a lot faster or we need to pivot and we could do something else or okay this is a slam dunk i definitely have more but those are some of my favorites let me know if you d like me to share more from somebody who was a flat broke to a negative bank account to now making seven figures a year [SEP] invest in what tho [SEP] how do i know what to invest in [SEP] what would you recommend to invest in [SEP] how do i know if im rich [SEP] how much is a high yield savings [SEP] all about mindset [SEP] commenting so i stay on this side of tiktok_ [SEP] what do we invest in [SEP] mhmm the credit card thing is so real canõt tell you the last time i paid with my debit card always always always pay in credit [SEP] commenting to stay on this side of tiktok,watch this if you want to be rich #fyp #mindset #motivation #richtok #lifelessonê #fyp #mindset #motivation #richtok #lifelesson [SEP] invest in what tho [SEP] how do i know what to invest in [SEP] what would you recommend to invest in [SEP] how do i know if im rich [SEP] how much is a high yield savings [SEP] all about mindset [SEP] commenting so i stay on this side of tiktok_ [SEP] what do we invest in [SEP] mhmm the credit card thing is so real canõt tell you the last time i paid with my debit card always always always pay in credit [SEP] commenting to stay on this side of tiktok
1144.0,positivity attracts positivity _ê #thinkpositive #positivity #morning #goodmorning #affirmations #speakpositivelyê #todayisagoodday #goodday #mindsetshift #mom #momsoftiktok #momlife #momtok #mama #motherhood #fyp #foryoupageê,#thinkpositive #positivity #morning #goodmorning #affirmations #speakpositively #todayisagoodday #goodday #mindsetshift #mom #momsoftiktok #momlife #momtok #mama #motherhood #fyp #foryoupage,êevery morning till yourself today is going to be a good day positivity attracts positivity like a magnet,yes itõs so powerful to have a positive mindset [SEP] today is going to be good day [SEP] thanks [SEP] most definitely ______ [SEP] facts [SEP] always ____ [SEP] i attract positivity__ [SEP] today is go to be good day__ [SEP] hello [SEP] love this __ [SEP] yes itõs so powerful to have a positive mindset [SEP] today is going to be good day [SEP] most definitely ______ [SEP] today is go to be good day__ [SEP] thanks [SEP] facts [SEP] yes have a great day my friend __ [SEP] yes it does [SEP] today is gonna be a good day [SEP] i attract positivity__,108500.0,2700000.0,54100.0,3014.0,20317.0,0,positivity attracts positivity _ê #thinkpositive #positivity #morning #goodmorning #affirmations #speakpositivelyê #todayisagoodday #goodday #mindsetshift #mom #momsoftiktok #momlife #momtok #mama #motherhood #fyp #foryoupageê #thinkpositive #positivity #morning #goodmorning #affirmations #speakpositively #todayisagoodday #goodday #mindsetshift #mom #momsoftiktok #momlife #momtok #mama #motherhood #fyp #foryoupage [SEP] êevery morning till yourself today is going to be a good day positivity attracts positivity like a magnet [SEP] yes itõs so powerful to have a positive mindset [SEP] today is going to be good day [SEP] thanks [SEP] most definitely ______ [SEP] facts [SEP] always ____ [SEP] i attract positivity__ [SEP] today is go to be good day__ [SEP] hello [SEP] love this __ [SEP] yes itõs so powerful to have a positive mindset [SEP] today is going to be good day [SEP] most definitely ______ [SEP] today is go to be good day__ [SEP] thanks [SEP] facts [SEP] yes have a great day my friend __ [SEP] yes it does [SEP] today is gonna be a good day [SEP] i attract positivity__,positivity attracts positivity _ê #thinkpositive #positivity #morning #goodmorning #affirmations #speakpositivelyê #todayisagoodday #goodday #mindsetshift #mom #momsoftiktok #momlife #momtok #mama #motherhood #fyp #foryoupageê #thinkpositive #positivity #morning #goodmorning #affirmations #speakpositively #todayisagoodday #goodday #mindsetshift #mom #momsoftiktok #momlife #momtok #mama #motherhood #fyp #foryoupage [SEP] yes itõs so powerful to have a positive mindset [SEP] today is going to be good day [SEP] thanks [SEP] most definitely ______ [SEP] facts [SEP] always ____ [SEP] i attract positivity__ [SEP] today is go to be good day__ [SEP] hello [SEP] love this __ [SEP] yes itõs so powerful to have a positive mindset [SEP] today is going to be good day [SEP] most definitely ______ [SEP] today is go to be good day__ [SEP] thanks [SEP] facts [SEP] yes have a great day my friend __ [SEP] yes it does [SEP] today is gonna be a good day [SEP] i attract positivity__
1145.0,believe in yourself ____ #motivation #motivational #inspiration #inspirational #motivationalvideo #inspirationalvideo #motivationalquotes #inspirationalquotes #motivationalspeech #motivatiomindset #motivationalmessages #inspirationalmessages #inspirasyon #2023motivation #inspirationalmessage #inspirationalvideos #inspirationalquotes why #inspirationandmotivation #inspirationalvideosaboutlife #inspirationalspeech #inspirationalcaptions #inspirationalandmotivationforlife #upliftingandinspiringmotivational #bestpositivequotes #reallifequote #selfmotivationandinspiration #dailylifemotivation #positivelifemotivation,#motivation #motivational #inspiration #inspirational #motivationalvideo #inspirationalvideo #motivationalquotes #inspirationalquotes #motivationalspeech #motivatiomindset #motivationalmessages #inspirationalmessages #inspirasyon #2023motivation #inspirationalmessage #inspirationalvideos #inspirationalquotes #inspirationandmotivation #inspirationalvideosaboutlife #inspirationalspeech #inspirationalcaptions #inspirationalandmotivationforlife #upliftingandinspiringmotivational #bestpositivequotes #reallifequote #selfmotivationandinspiration #dailylifemotivation #positivelifemotivation,êbelieve in yourself and never give up on your dreams achieving your dream takes hard work dedication and perseverance you can do this have faith in your abilities and don t let anyone tell you otherwise create a plan and stick to it don t forget to celebrate your successes this will help you stay motivated and remind yourself that you re on the right track there will be times when you want to give up but if you keep going you will eventually reach your dreams,am doing that [SEP] true t q bro [SEP] i love my self and my whole famillie______ [SEP] yes__ [SEP] salamat po god bless you all ____ [SEP] follow your dreams never give up [SEP] i believe yourself is key to succes [SEP] believe in yourself trust yourself nothing is impossible don t give up keep going life goes on ________2 [SEP] tama [SEP] believe and trust yourself,11200.0,698000.0,5650.0,211.0,1350.0,0,believe in yourself ____ #motivation #motivational #inspiration #inspirational #motivationalvideo #inspirationalvideo #motivationalquotes #inspirationalquotes #motivationalspeech #motivatiomindset #motivationalmessages #inspirationalmessages #inspirasyon #2023motivation #inspirationalmessage #inspirationalvideos #inspirationalquotes why #inspirationandmotivation #inspirationalvideosaboutlife #inspirationalspeech #inspirationalcaptions #inspirationalandmotivationforlife #upliftingandinspiringmotivational #bestpositivequotes #reallifequote #selfmotivationandinspiration #dailylifemotivation #positivelifemotivation #motivation #motivational #inspiration #inspirational #motivationalvideo #inspirationalvideo #motivationalquotes #inspirationalquotes #motivationalspeech #motivatiomindset #motivationalmessages #inspirationalmessages #inspirasyon #2023motivation #inspirationalmessage #inspirationalvideos #inspirationalquotes #inspirationandmotivation #inspirationalvideosaboutlife #inspirationalspeech #inspirationalcaptions #inspirationalandmotivationforlife #upliftingandinspiringmotivational #bestpositivequotes #reallifequote #selfmotivationandinspiration #dailylifemotivation #positivelifemotivation [SEP] êbelieve in yourself and never give up on your dreams achieving your dream takes hard work dedication and perseverance you can do this have faith in your abilities and don t let anyone tell you otherwise create a plan and stick to it don t forget to celebrate your successes this will help you stay motivated and remind yourself that you re on the right track there will be times when you want to give up but if you keep going you will eventually reach your dreams [SEP] am doing that [SEP] true t q bro [SEP] i love my self and my whole famillie______ [SEP] yes__ [SEP] salamat po god bless you all ____ [SEP] follow your dreams never give up [SEP] i believe yourself is key to succes [SEP] believe in yourself trust yourself nothing is impossible don t give up keep going life goes on ________2 [SEP] tama [SEP] believe and trust yourself,believe in yourself ____ #motivation #motivational #inspiration #inspirational #motivationalvideo #inspirationalvideo #motivationalquotes #inspirationalquotes #motivationalspeech #motivatiomindset #motivationalmessages #inspirationalmessages #inspirasyon #2023motivation #inspirationalmessage #inspirationalvideos #inspirationalquotes why #inspirationandmotivation #inspirationalvideosaboutlife #inspirationalspeech #inspirationalcaptions #inspirationalandmotivationforlife #upliftingandinspiringmotivational #bestpositivequotes #reallifequote #selfmotivationandinspiration #dailylifemotivation #positivelifemotivation #motivation #motivational #inspiration #inspirational #motivationalvideo #inspirationalvideo #motivationalquotes #inspirationalquotes #motivationalspeech #motivatiomindset #motivationalmessages #inspirationalmessages #inspirasyon #2023motivation #inspirationalmessage #inspirationalvideos #inspirationalquotes #inspirationandmotivation #inspirationalvideosaboutlife #inspirationalspeech #inspirationalcaptions #inspirationalandmotivationforlife #upliftingandinspiringmotivational #bestpositivequotes #reallifequote #selfmotivationandinspiration #dailylifemotivation #positivelifemotivation [SEP] am doing that [SEP] true t q bro [SEP] i love my self and my whole famillie______ [SEP] yes__ [SEP] salamat po god bless you all ____ [SEP] follow your dreams never give up [SEP] i believe yourself is key to succes [SEP] believe in yourself trust yourself nothing is impossible don t give up keep going life goes on ________2 [SEP] tama [SEP] believe and trust yourself
1146.0,tag your bestfriends__ #bestfriend #motivation #inspire #lifelessons #olafquotes #olaffrozen #olaf #creatorsearchinsightsê,#bestfriend #motivation #inspire #lifelessons #olafquotes #olaffrozen #olaf #creatorsearchinsights,êfriends are like stars you don t always see them but you know they re always there true friendship isn t about constant presence it s about knowing that no matter the distance no matter the time apart they ll always have your back life gets busy and people may not always check in but the bond remains real friends don t need daily conversations to prove they care they re the ones who show up when it matters who support you in silence and who remind you that even in the darkest nights their light is still shining for you,imiss u friend [SEP] ______ i m so emotionally right now i don t know why this is sinking so hard [SEP] is it wrong if u ask yr friend if she is ditching u bec she starts hanging out with another girl an if u ask if wecan hang out she says i m hanging with t every time she ditched me when i was lonely was i wrong to ask her why she ditched me she got mad at me [SEP] background song [SEP] altyd [SEP] friends are like start you donõt always see them but you know there always there [SEP] so true amen __ [SEP] life gets busy but real friends are always there who supports you in silence [SEP] correct _ [SEP] absolutely right ____,46400.0,1200000.0,38300.0,1408.0,9687.0,0,tag your bestfriends__ #bestfriend #motivation #inspire #lifelessons #olafquotes #olaffrozen #olaf #creatorsearchinsightsê #bestfriend #motivation #inspire #lifelessons #olafquotes #olaffrozen #olaf #creatorsearchinsights [SEP] êfriends are like stars you don t always see them but you know they re always there true friendship isn t about constant presence it s about knowing that no matter the distance no matter the time apart they ll always have your back life gets busy and people may not always check in but the bond remains real friends don t need daily conversations to prove they care they re the ones who show up when it matters who support you in silence and who remind you that even in the darkest nights their light is still shining for you [SEP] imiss u friend [SEP] ______ i m so emotionally right now i don t know why this is sinking so hard [SEP] is it wrong if u ask yr friend if she is ditching u bec she starts hanging out with another girl an if u ask if wecan hang out she says i m hanging with t every time she ditched me when i was lonely was i wrong to ask her why she ditched me she got mad at me [SEP] background song [SEP] altyd [SEP] friends are like start you donõt always see them but you know there always there [SEP] so true amen __ [SEP] life gets busy but real friends are always there who supports you in silence [SEP] correct _ [SEP] absolutely right ____,tag your bestfriends__ #bestfriend #motivation #inspire #lifelessons #olafquotes #olaffrozen #olaf #creatorsearchinsightsê #bestfriend #motivation #inspire #lifelessons #olafquotes #olaffrozen #olaf #creatorsearchinsights [SEP] imiss u friend [SEP] ______ i m so emotionally right now i don t know why this is sinking so hard [SEP] is it wrong if u ask yr friend if she is ditching u bec she starts hanging out with another girl an if u ask if wecan hang out she says i m hanging with t every time she ditched me when i was lonely was i wrong to ask her why she ditched me she got mad at me [SEP] background song [SEP] altyd [SEP] friends are like start you donõt always see them but you know there always there [SEP] so true amen __ [SEP] life gets busy but real friends are always there who supports you in silence [SEP] correct _ [SEP] absolutely right ____
1147.0,i love these friends ê their company and presence is a joy ê as i get older i realise that trust is essentially the bedrock of a long lasting relationship so feeling safe to be yourself is essential ê and safety comes from trust ê and the opposite is also true ê when you feel the need to always show up and perform where you feel drained after the conversations and where your social battery dies out every time you meet or spend time with these individuals then the fundamental trust hasnõt been established ê,,êgood friends are low maintenance they don t drain your energy and you don t feel the need to perform when you re around them you can sit in silence for hours when you re with them and it won t be all good damn i love these type of friends they genuinely make me happy and in my opinion these are some of the signs of a good friend because you know we ve all got those other ones too the ones you leave feeling tired where every conversation feels like work where you have to keep showing up as a version of yourself that isn t even you and honestly as you get older you start to realize peace is the real connection it s not about who you see the most it s about who makes your soul feel like when you do and those are the ones you keep close,wish i could have one real friend ____ [SEP] ______and friendship doesn t need a daily conversation [SEP] i learn something today __ [SEP] so blessed to have mew and feed as my bestfriend alhamdulillah _ [SEP] la illaha illa allah _ [SEP] such a boring type of ôfriendshipõ [SEP] allahu akbar allahu akbar ____________________ [SEP] introvent __ [SEP] thumb up [SEP] what is friend,163900.0,1400000.0,36000.0,672.0,20121.0,0,i love these friends ê their company and presence is a joy ê as i get older i realise that trust is essentially the bedrock of a long lasting relationship so feeling safe to be yourself is essential ê and safety comes from trust ê and the opposite is also true ê when you feel the need to always show up and perform where you feel drained after the conversations and where your social battery dies out every time you meet or spend time with these individuals then the fundamental trust hasnõt been established ê  [SEP] êgood friends are low maintenance they don t drain your energy and you don t feel the need to perform when you re around them you can sit in silence for hours when you re with them and it won t be all good damn i love these type of friends they genuinely make me happy and in my opinion these are some of the signs of a good friend because you know we ve all got those other ones too the ones you leave feeling tired where every conversation feels like work where you have to keep showing up as a version of yourself that isn t even you and honestly as you get older you start to realize peace is the real connection it s not about who you see the most it s about who makes your soul feel like when you do and those are the ones you keep close [SEP] wish i could have one real friend ____ [SEP] ______and friendship doesn t need a daily conversation [SEP] i learn something today __ [SEP] so blessed to have mew and feed as my bestfriend alhamdulillah _ [SEP] la illaha illa allah _ [SEP] such a boring type of ôfriendshipõ [SEP] allahu akbar allahu akbar ____________________ [SEP] introvent __ [SEP] thumb up [SEP] what is friend,i love these friends ê their company and presence is a joy ê as i get older i realise that trust is essentially the bedrock of a long lasting relationship so feeling safe to be yourself is essential ê and safety comes from trust ê and the opposite is also true ê when you feel the need to always show up and perform where you feel drained after the conversations and where your social battery dies out every time you meet or spend time with these individuals then the fundamental trust hasnõt been established ê  [SEP] wish i could have one real friend ____ [SEP] ______and friendship doesn t need a daily conversation [SEP] i learn something today __ [SEP] so blessed to have mew and feed as my bestfriend alhamdulillah _ [SEP] la illaha illa allah _ [SEP] such a boring type of ôfriendshipõ [SEP] allahu akbar allahu akbar ____________________ [SEP] introvent __ [SEP] thumb up [SEP] what is friend
1148.0,enjoy your life ê stop getting distracted by othersñyour life is your responsibility laugh more love deeper and make every moment count #lifegoalsê #selfloveê #motivationê #capcutê #fypppppppppppppppppppppppê,#lifegoals #selflove #motivation #capcut #fyppppppppppppppppppppppp,êenjoy your life spend less time watching other people live their lives and spend more time enjoying your own create moments that make you smile even in simple ways appreciate the little blessings that surround you each day remember your story is worth living fully their lives are theirs to live but yours is your greatest responsibility choose to live in a way that brings you peace and true happiness never let their lives distract you from the beauty of your own journey,its true __i tried to be happy [SEP] amen __________ [SEP] true ____ [SEP] true you create your own peacefulness and happiness ______ [SEP] it s real [SEP] yes true [SEP] ___________________ [SEP] amen ____ [SEP] amen [SEP] amen __,1022.0,28300.0,251.0,25.0,168.0,0,enjoy your life ê stop getting distracted by othersñyour life is your responsibility laugh more love deeper and make every moment count #lifegoalsê #selfloveê #motivationê #capcutê #fypppppppppppppppppppppppê #lifegoals #selflove #motivation #capcut #fyppppppppppppppppppppppp [SEP] êenjoy your life spend less time watching other people live their lives and spend more time enjoying your own create moments that make you smile even in simple ways appreciate the little blessings that surround you each day remember your story is worth living fully their lives are theirs to live but yours is your greatest responsibility choose to live in a way that brings you peace and true happiness never let their lives distract you from the beauty of your own journey [SEP] its true __i tried to be happy [SEP] amen __________ [SEP] true ____ [SEP] true you create your own peacefulness and happiness ______ [SEP] it s real [SEP] yes true [SEP] ___________________ [SEP] amen ____ [SEP] amen [SEP] amen __,enjoy your life ê stop getting distracted by othersñyour life is your responsibility laugh more love deeper and make every moment count #lifegoalsê #selfloveê #motivationê #capcutê #fypppppppppppppppppppppppê #lifegoals #selflove #motivation #capcut #fyppppppppppppppppppppppp [SEP] its true __i tried to be happy [SEP] amen __________ [SEP] true ____ [SEP] true you create your own peacefulness and happiness ______ [SEP] it s real [SEP] yes true [SEP] ___________________ [SEP] amen ____ [SEP] amen [SEP] amen __
